{"epoch/accuracy": 0.9791666865348816, "epoch/loss": 0.0257077869027853, "epoch/val_accuracy": 0.9166666865348816, "epoch/val_loss": 0.11655748635530472, "epoch/epoch": 99, "_timestamp": 1723109797.9892237, "_runtime": 12.409610748291016, "_step": 100, "validation_loss": 0.11655748635530472, "validation_accuracy": 0.9166666865348816, "_wandb": {"runtime": 12}}