{"epoch/accuracy": 0.9895833134651184, "epoch/loss": 0.01516764611005783, "epoch/val_accuracy": 0.9583333134651184, "epoch/val_loss": 0.1084367111325264, "epoch/epoch": 599, "_timestamp": 1723115363.0051763, "_runtime": 28.756230354309082, "_step": 600, "validation_loss": 0.1084367111325264, "validation_accuracy": 0.9583333134651184, "_wandb": {"runtime": 28}}