{"epoch/accuracy": 0.8125, "epoch/loss": 0.7021995186805725, "epoch/val_accuracy": 0.8333333134651184, "epoch/val_loss": 0.7780439853668213, "epoch/epoch": 69, "_timestamp": 1723092179.992835, "_runtime": 10.982607126235962, "_step": 70, "validation_loss": 0.7780439853668213, "validation_accuracy": 0.8333333134651184, "_wandb": {"runtime": 10}}