{"epoch/accuracy": 0.96875, "epoch/loss": 0.18961040675640106, "epoch/val_accuracy": 0.9166666865348816, "epoch/val_loss": 0.24907360970973969, "epoch/epoch": 599, "_timestamp": 1723110126.5001705, "_runtime": 30.0893874168396, "_step": 600, "validation_loss": 0.24907360970973969, "validation_accuracy": 0.9166666865348816, "_wandb": {"runtime": 28}}