{"epoch/accuracy": 1.0, "epoch/loss": 0.00013850229152012616, "epoch/val_accuracy": 0.9583333134651184, "epoch/val_loss": 0.06808873265981674, "epoch/epoch": 299, "_timestamp": 1723096564.8101254, "_runtime": 18.352493286132812, "_step": 300, "validation_loss": 0.06808873265981674, "validation_accuracy": 0.9583333134651184, "_wandb": {"runtime": 17}}