{"epoch/accuracy": 0.875, "epoch/loss": 0.25141990184783936, "epoch/val_accuracy": 0.9166666865348816, "epoch/val_loss": 0.37674084305763245, "epoch/epoch": 69, "_timestamp": 1723101091.9630733, "_runtime": 12.290724277496338, "_step": 70, "validation_loss": 0.37674084305763245, "validation_accuracy": 0.9166666865348816, "_wandb": {"runtime": 11}}