{"epoch/accuracy": 0.9583333134651184, "epoch/loss": 0.06464579701423645, "epoch/val_accuracy": 0.9583333134651184, "epoch/val_loss": 1.1368402242660522, "epoch/epoch": 29, "_timestamp": 1723085297.1039705, "_runtime": 10.455407619476318, "_step": 30, "validation_loss": 1.1368402242660522, "validation_accuracy": 0.9583333134651184, "_wandb": {"runtime": 10}}