{"epoch/accuracy": 0.8854166865348816, "epoch/loss": 0.700854480266571, "epoch/val_accuracy": 0.75, "epoch/val_loss": 0.8515005111694336, "epoch/epoch": 299, "_timestamp": 1723121914.9521153, "_runtime": 46.790404319763184, "_step": 300, "validation_loss": 0.8515005111694336, "validation_accuracy": 0.75, "_wandb": {"runtime": 46}}