{"epoch/accuracy": 1.0, "epoch/loss": 0.0037996021565049887, "epoch/val_accuracy": 0.9583333134651184, "epoch/val_loss": 0.156554713845253, "epoch/epoch": 299, "_timestamp": 1723090267.599713, "_runtime": 18.34672713279724, "_step": 300, "validation_loss": 0.156554713845253, "validation_accuracy": 0.9583333134651184, "_wandb": {"runtime": 17}}