{"epoch/accuracy": 0.6145833134651184, "epoch/loss": 0.9526503682136536, "epoch/val_accuracy": 0.4583333432674408, "epoch/val_loss": 1.0625144243240356, "epoch/epoch": 299, "_timestamp": 1723104140.2518785, "_runtime": 19.102251529693604, "_step": 300, "validation_loss": 1.0625144243240356, "validation_accuracy": 0.4583333432674408, "_wandb": {"runtime": 18}}