{"epoch/accuracy": 0.9583333134651184, "epoch/loss": 0.2998252511024475, "epoch/val_accuracy": 0.9583333134651184, "epoch/val_loss": 0.07713937759399414, "epoch/epoch": 69, "_timestamp": 1723111752.90216, "_runtime": 11.60250997543335, "_step": 70, "validation_loss": 0.07713937759399414, "validation_accuracy": 0.9583333134651184, "_wandb": {"runtime": 10}}