{"epoch/accuracy": 0.3645833432674408, "epoch/loss": 1.3742643594741821, "epoch/val_accuracy": 0.4583333432674408, "epoch/val_loss": 1.2669192552566528, "epoch/epoch": 49, "_timestamp": 1723108315.5555258, "_runtime": 10.934218883514404, "_step": 50, "validation_loss": 1.2669192552566528, "validation_accuracy": 0.4583333432674408, "_wandb": {"runtime": 10}}