{"epoch/accuracy": 1.0, "epoch/loss": 0.0012581191258504987, "epoch/val_accuracy": 0.9583333134651184, "epoch/val_loss": 0.27023184299468994, "epoch/epoch": 69, "_timestamp": 1723104321.9382434, "_runtime": 11.711036443710327, "_step": 70, "validation_loss": 0.27023184299468994, "validation_accuracy": 0.9583333134651184, "_wandb": {"runtime": 11}}