{"epoch/accuracy": 0.75, "epoch/loss": 0.6592382788658142, "epoch/val_accuracy": 0.875, "epoch/val_loss": 0.4411356747150421, "epoch/epoch": 99, "_timestamp": 1723099190.1379497, "_runtime": 13.00025463104248, "_step": 100, "validation_loss": 0.4411356747150421, "validation_accuracy": 0.875, "_wandb": {"runtime": 12}}