{"epoch/accuracy": 0.8645833134651184, "epoch/loss": 0.475707083940506, "epoch/val_accuracy": 0.875, "epoch/val_loss": 0.288843035697937, "epoch/epoch": 29, "_timestamp": 1723080718.9569836, "_runtime": 15.671858549118042, "_step": 30, "validation_loss": 0.288843035697937, "validation_accuracy": 0.875, "_wandb": {"runtime": 15}}