{"epoch/accuracy": 0.6458333134651184, "epoch/loss": 0.804668664932251, "epoch/val_accuracy": 0.625, "epoch/val_loss": 40.07910919189453, "epoch/epoch": 299, "_timestamp": 1723086897.2272818, "_runtime": 17.916133880615234, "_step": 300, "validation_loss": 40.07910919189453, "validation_accuracy": 0.625, "_wandb": {"runtime": 17}}