{"epoch/accuracy": 1.0, "epoch/loss": 0.0007482250221073627, "epoch/val_accuracy": 0.875, "epoch/val_loss": 3.460242986679077, "epoch/epoch": 299, "_timestamp": 1723097369.903856, "_runtime": 18.928974151611328, "_step": 300, "validation_loss": 3.460242986679077, "validation_accuracy": 0.875, "_wandb": {"runtime": 18}}