{"epoch/accuracy": 0.84375, "epoch/loss": 0.3996067941188812, "epoch/val_accuracy": 0.9166666865348816, "epoch/val_loss": 0.145816370844841, "epoch/epoch": 149, "_timestamp": 1723076851.795128, "_runtime": 16.562035083770752, "_step": 150, "validation_loss": 0.145816370844841, "validation_accuracy": 0.9166666865348816, "_wandb": {"runtime": 16}}