{"epoch/accuracy": 0.6666666865348816, "epoch/loss": 0.9298319816589355, "epoch/val_accuracy": 0.75, "epoch/val_loss": 0.7765921950340271, "epoch/epoch": 29, "_timestamp": 1723097006.5136266, "_runtime": 9.55644154548645, "_step": 30, "validation_loss": 0.7765921950340271, "validation_accuracy": 0.75, "_wandb": {"runtime": 9}}