{"epoch/accuracy": 0.9270833134651184, "epoch/loss": 0.18461646139621735, "epoch/val_accuracy": 0.875, "epoch/val_loss": 0.2651805877685547, "epoch/epoch": 29, "_timestamp": 1723118896.318377, "_runtime": 13.390887022018433, "_step": 30, "validation_loss": 0.2651805877685547, "validation_accuracy": 0.875, "_wandb": {"runtime": 12}}