{"epoch/accuracy": 0.4791666567325592, "epoch/loss": 1.1742966175079346, "epoch/val_accuracy": 0.6666666865348816, "epoch/val_loss": 1.1550731658935547, "epoch/epoch": 29, "_timestamp": 1723092267.0113857, "_runtime": 10.157496690750122, "_step": 30, "validation_loss": 1.1550731658935547, "validation_accuracy": 0.6666666865348816, "_wandb": {"runtime": 9}}