{"epoch/accuracy": 1.0, "epoch/loss": 0.0010622551199048758, "epoch/val_accuracy": 0.9166666865348816, "epoch/val_loss": 0.26112231612205505, "epoch/epoch": 299, "_timestamp": 1723102221.9932616, "_runtime": 18.133800506591797, "_step": 300, "validation_loss": 0.26112231612205505, "validation_accuracy": 0.9166666865348816, "_wandb": {"runtime": 17}}