{"epoch/accuracy": 0.5104166865348816, "epoch/loss": 1.0347603559494019, "epoch/val_accuracy": 0.8333333134651184, "epoch/val_loss": 0.8009284138679504, "epoch/epoch": 599, "_timestamp": 1723094059.8792565, "_runtime": 29.800394535064697, "_step": 600, "validation_loss": 0.8009284138679504, "validation_accuracy": 0.8333333134651184, "_wandb": {"runtime": 29}}