{"epoch/accuracy": 1.0, "epoch/loss": 0.03305499628186226, "epoch/val_accuracy": 0.9583333134651184, "epoch/val_loss": 0.16868197917938232, "epoch/epoch": 599, "_timestamp": 1723087482.1745362, "_runtime": 28.76459312438965, "_step": 600, "validation_loss": 0.16868197917938232, "validation_accuracy": 0.9583333134651184, "_wandb": {"runtime": 28}}