{"epoch/accuracy": 0.4583333432674408, "epoch/loss": 1.218912124633789, "epoch/val_accuracy": 0.4583333432674408, "epoch/val_loss": 1.2666971683502197, "epoch/epoch": 69, "_timestamp": 1723076924.2796862, "_runtime": 12.770398139953613, "_step": 70, "validation_loss": 1.2666971683502197, "validation_accuracy": 0.4583333432674408, "_wandb": {"runtime": 12}}