{"epoch/accuracy": 0.78125, "epoch/loss": 0.9276823997497559, "epoch/val_accuracy": 0.7083333134651184, "epoch/val_loss": 0.9954913258552551, "epoch/epoch": 149, "_timestamp": 1723076903.8688552, "_runtime": 17.123408317565918, "_step": 150, "validation_loss": 0.9954913258552551, "validation_accuracy": 0.7083333134651184, "_wandb": {"runtime": 16}}