{"epoch/accuracy": 0.96875, "epoch/loss": 0.11107656359672546, "epoch/val_accuracy": 0.9166666865348816, "epoch/val_loss": 0.12442997843027115, "epoch/epoch": 49, "_timestamp": 1723080911.3444054, "_runtime": 17.493430376052856, "_step": 50, "validation_loss": 0.12442997843027115, "validation_accuracy": 0.9166666865348816, "_wandb": {"runtime": 17}}