{"epoch/accuracy": 0.9895833134651184, "epoch/loss": 0.038950201123952866, "epoch/val_accuracy": 0.9166666865348816, "epoch/val_loss": 1.878291130065918, "epoch/epoch": 69, "_timestamp": 1723108864.5196707, "_runtime": 12.034230709075928, "_step": 70, "validation_loss": 1.878291130065918, "validation_accuracy": 0.9166666865348816, "_wandb": {"runtime": 11}}