{"epoch/accuracy": 0.9479166865348816, "epoch/loss": 1.7824326753616333, "epoch/val_accuracy": 0.9583333134651184, "epoch/val_loss": 0.7139478325843811, "epoch/epoch": 29, "_timestamp": 1723080352.9505937, "_runtime": 14.992920637130737, "_step": 30, "validation_loss": 0.7139478325843811, "validation_accuracy": 0.9583333134651184, "_wandb": {"runtime": 14}}