{"epoch/accuracy": 0.9895833134651184, "epoch/loss": 0.24165458977222443, "epoch/val_accuracy": 0.9583333134651184, "epoch/val_loss": 3.4797303676605225, "epoch/epoch": 69, "_timestamp": 1723095181.5619352, "_runtime": 10.891607284545898, "_step": 70, "validation_loss": 3.4797303676605225, "validation_accuracy": 0.9583333134651184, "_wandb": {"runtime": 10}}