{"epoch/accuracy": 0.8854166865348816, "epoch/loss": 0.524656355381012, "epoch/val_accuracy": 0.8333333134651184, "epoch/val_loss": 0.671090841293335, "epoch/epoch": 599, "_timestamp": 1723081572.276921, "_runtime": 58.23482012748718, "_step": 600, "validation_loss": 0.671090841293335, "validation_accuracy": 0.8333333134651184, "_wandb": {"runtime": 57}}