{"epoch/accuracy": 0.7708333134651184, "epoch/loss": 0.7231385111808777, "epoch/val_accuracy": 0.875, "epoch/val_loss": 0.6915802955627441, "epoch/epoch": 99, "_timestamp": 1723089564.6126883, "_runtime": 11.891863346099854, "_step": 100, "validation_loss": 0.6915802955627441, "validation_accuracy": 0.875, "_wandb": {"runtime": 11}}