{"epoch/accuracy": 0.9791666865348816, "epoch/loss": 0.06152847781777382, "epoch/val_accuracy": 0.9166666865348816, "epoch/val_loss": 0.33493825793266296, "epoch/epoch": 29, "_timestamp": 1723109703.4443228, "_runtime": 10.344562768936157, "_step": 30, "validation_loss": 0.33493825793266296, "validation_accuracy": 0.9166666865348816, "_wandb": {"runtime": 9}}