{"epoch/accuracy": 0.5208333134651184, "epoch/loss": 1.149143099784851, "epoch/val_accuracy": 0.7916666865348816, "epoch/val_loss": 0.9937334060668945, "epoch/epoch": 29, "_timestamp": 1723103222.4854765, "_runtime": 10.569411516189575, "_step": 30, "validation_loss": 0.9937334060668945, "validation_accuracy": 0.7916666865348816, "_wandb": {"runtime": 9}}