{"epoch/accuracy": 0.5104166865348816, "epoch/loss": 1.0529532432556152, "epoch/val_accuracy": 0.6666666865348816, "epoch/val_loss": 1.1484407186508179, "epoch/epoch": 99, "_timestamp": 1723119464.4298813, "_runtime": 18.61042833328247, "_step": 100, "validation_loss": 1.1484407186508179, "validation_accuracy": 0.6666666865348816, "_wandb": {"runtime": 18}}