{"epoch/accuracy": 1.0, "epoch/loss": 0.00018062384333461523, "epoch/val_accuracy": 0.9583333134651184, "epoch/val_loss": 0.13932137191295624, "epoch/epoch": 299, "_timestamp": 1723099639.812822, "_runtime": 18.353482007980347, "_step": 300, "validation_loss": 0.13932137191295624, "validation_accuracy": 0.9583333134651184, "_wandb": {"runtime": 17}}