{"epoch/accuracy": 1.0, "epoch/loss": 0.016182230785489082, "epoch/val_accuracy": 0.9583333134651184, "epoch/val_loss": 0.15372200310230255, "epoch/epoch": 149, "_timestamp": 1723110197.400899, "_runtime": 14.020015001296997, "_step": 150, "validation_loss": 0.15372200310230255, "validation_accuracy": 0.9583333134651184, "_wandb": {"runtime": 13}}