{"epoch/accuracy": 0.4791666567325592, "epoch/loss": 1.2251452207565308, "epoch/val_accuracy": 0.4583333432674408, "epoch/val_loss": 1.2147129774093628, "epoch/epoch": 49, "_timestamp": 1723117638.3379364, "_runtime": 11.287427425384521, "_step": 50, "validation_loss": 1.2147129774093628, "validation_accuracy": 0.4583333432674408, "_wandb": {"runtime": 10}}