{"epoch/accuracy": 0.9583333134651184, "epoch/loss": 0.10583866387605667, "epoch/val_accuracy": 0.8333333134651184, "epoch/val_loss": 0.825278103351593, "epoch/epoch": 49, "_timestamp": 1723078615.179281, "_runtime": 15.216007947921753, "_step": 50, "validation_loss": 0.825278103351593, "validation_accuracy": 0.8333333134651184, "_wandb": {"runtime": 14}}