{"epoch/accuracy": 0.3229166567325592, "epoch/loss": 1.422416090965271, "epoch/val_accuracy": 0.5, "epoch/val_loss": 1.2028263807296753, "epoch/epoch": 29, "_timestamp": 1723089339.952804, "_runtime": 10.154435157775879, "_step": 30, "validation_loss": 1.2028263807296753, "validation_accuracy": 0.5, "_wandb": {"runtime": 9}}