{"epoch/accuracy": 0.9791666865348816, "epoch/loss": 1.9302769899368286, "epoch/val_accuracy": 0.8333333134651184, "epoch/val_loss": 6.251673221588135, "epoch/epoch": 149, "_timestamp": 1723095502.3459218, "_runtime": 13.467976808547974, "_step": 150, "validation_loss": 6.251673221588135, "validation_accuracy": 0.8333333134651184, "_wandb": {"runtime": 13}}