{"epoch/accuracy": 0.5729166865348816, "epoch/loss": 0.9653477668762207, "epoch/val_accuracy": 0.7083333134651184, "epoch/val_loss": 0.9850060343742371, "epoch/epoch": 29, "_timestamp": 1723111658.8947783, "_runtime": 10.26548433303833, "_step": 30, "validation_loss": 0.9850060343742371, "validation_accuracy": 0.7083333134651184, "_wandb": {"runtime": 9}}