{"epoch/accuracy": 0.6875, "epoch/loss": 1.0354539155960083, "epoch/val_accuracy": 0.7083333134651184, "epoch/val_loss": 1.0252684354782104, "epoch/epoch": 69, "_timestamp": 1723110544.8589406, "_runtime": 11.562274694442749, "_step": 70, "validation_loss": 1.0252684354782104, "validation_accuracy": 0.7083333134651184, "_wandb": {"runtime": 11}}