{"epoch/accuracy": 0.3125, "epoch/loss": 1.6629060506820679, "epoch/val_accuracy": 0.3333333432674408, "epoch/val_loss": 1.3324816226959229, "epoch/epoch": 99, "_timestamp": 1723101525.1416261, "_runtime": 15.288214206695557, "_step": 100, "validation_loss": 1.3324816226959229, "validation_accuracy": 0.3333333432674408, "_wandb": {"runtime": 12}}