{"epoch/accuracy": 1.0, "epoch/loss": 0.005833540111780167, "epoch/val_accuracy": 0.9583333134651184, "epoch/val_loss": 0.1201474741101265, "epoch/epoch": 599, "_timestamp": 1723097663.7514467, "_runtime": 30.117958784103394, "_step": 600, "validation_loss": 0.1201474741101265, "validation_accuracy": 0.9583333134651184, "_wandb": {"runtime": 29}}