{"epoch/accuracy": 0.28125, "epoch/loss": 1.5976506471633911, "epoch/val_accuracy": 0.2083333283662796, "epoch/val_loss": 1.5086678266525269, "epoch/epoch": 69, "_timestamp": 1723120643.9339082, "_runtime": 23.848783254623413, "_step": 70, "validation_loss": 1.5086678266525269, "validation_accuracy": 0.2083333283662796, "_wandb": {"runtime": 23}}