{"epoch/accuracy": 1.0, "epoch/loss": 0.0, "epoch/val_accuracy": 0.9583333134651184, "epoch/val_loss": 5.08002233505249, "epoch/epoch": 299, "_timestamp": 1723094148.5856183, "_runtime": 18.679771184921265, "_step": 300, "validation_loss": 5.08002233505249, "validation_accuracy": 0.9583333134651184, "_wandb": {"runtime": 18}}