{"epoch/accuracy": 0.8229166865348816, "epoch/loss": 0.6837083697319031, "epoch/val_accuracy": 0.75, "epoch/val_loss": 0.8279628157615662, "epoch/epoch": 49, "_timestamp": 1723092656.6390688, "_runtime": 9.988541841506958, "_step": 50, "validation_loss": 0.8279628157615662, "validation_accuracy": 0.75, "_wandb": {"runtime": 9}}