{"epoch/accuracy": 0.8958333134651184, "epoch/loss": 0.19506382942199707, "epoch/val_accuracy": 0.9166666865348816, "epoch/val_loss": 0.7017476558685303, "epoch/epoch": 599, "_timestamp": 1723110688.9733202, "_runtime": 31.663183212280273, "_step": 600, "validation_loss": 0.7017476558685303, "validation_accuracy": 0.9166666865348816, "_wandb": {"runtime": 31}}