{"epoch/accuracy": 0.7708333134651184, "epoch/loss": 0.5993364453315735, "epoch/val_accuracy": 0.7083333134651184, "epoch/val_loss": 0.7732596397399902, "epoch/epoch": 49, "_timestamp": 1723116595.726717, "_runtime": 11.096250057220459, "_step": 50, "validation_loss": 0.7732596397399902, "validation_accuracy": 0.7083333134651184, "_wandb": {"runtime": 10}}