{"epoch/accuracy": 0.9791666865348816, "epoch/loss": 0.09992773085832596, "epoch/val_accuracy": 0.9166666865348816, "epoch/val_loss": 0.23070740699768066, "epoch/epoch": 49, "_timestamp": 1723097737.8497314, "_runtime": 10.878087520599365, "_step": 50, "validation_loss": 0.23070740699768066, "validation_accuracy": 0.9166666865348816, "_wandb": {"runtime": 10}}