{"epoch/accuracy": 0.3125, "epoch/loss": 1.5879236459732056, "epoch/val_accuracy": 0.4166666567325592, "epoch/val_loss": 1.3562740087509155, "epoch/epoch": 29, "_timestamp": 1723093602.1044102, "_runtime": 10.145641088485718, "_step": 30, "validation_loss": 1.3562740087509155, "validation_accuracy": 0.4166666567325592, "_wandb": {"runtime": 9}}