{"epoch/accuracy": 0.2604166567325592, "epoch/loss": 1.3892253637313843, "epoch/val_accuracy": 0.25, "epoch/val_loss": 1.395103931427002, "epoch/epoch": 49, "_timestamp": 1723081827.4208763, "_runtime": 17.57418727874756, "_step": 50, "validation_loss": 1.395103931427002, "validation_accuracy": 0.25, "_wandb": {"runtime": 17}}