{"epoch/accuracy": 0.2083333283662796, "epoch/loss": 1.447893738746643, "epoch/val_accuracy": 0.2916666567325592, "epoch/val_loss": 1.4281558990478516, "epoch/epoch": 49, "_timestamp": 1723117122.865689, "_runtime": 10.661839008331299, "_step": 50, "validation_loss": 1.4281558990478516, "validation_accuracy": 0.2916666567325592, "_wandb": {"runtime": 10}}