{"epoch/accuracy": 0.9270833134651184, "epoch/loss": 0.17432017624378204, "epoch/val_accuracy": 0.9583333134651184, "epoch/val_loss": 0.13824357092380524, "epoch/epoch": 299, "_timestamp": 1723077281.9880035, "_runtime": 24.82226848602295, "_step": 300, "validation_loss": 0.13824357092380524, "validation_accuracy": 0.9583333134651184, "_wandb": {"runtime": 24}}