{"epoch/accuracy": 0.9895833134651184, "epoch/loss": 0.05763876438140869, "epoch/val_accuracy": 0.9166666865348816, "epoch/val_loss": 0.2577516734600067, "epoch/epoch": 99, "_timestamp": 1723089181.8551784, "_runtime": 12.457006454467773, "_step": 100, "validation_loss": 0.2577516734600067, "validation_accuracy": 0.9166666865348816, "_wandb": {"runtime": 11}}