{"epoch/accuracy": 0.75, "epoch/loss": 0.8274021744728088, "epoch/val_accuracy": 0.7916666865348816, "epoch/val_loss": 0.8517947196960449, "epoch/epoch": 99, "_timestamp": 1723107278.281103, "_runtime": 11.959096908569336, "_step": 100, "validation_loss": 0.8517947196960449, "validation_accuracy": 0.7916666865348816, "_wandb": {"runtime": 11}}