{"epoch/accuracy": 0.65625, "epoch/loss": 0.9771164059638977, "epoch/val_accuracy": 0.5416666865348816, "epoch/val_loss": 1.0875712633132935, "epoch/epoch": 299, "_timestamp": 1723115417.621274, "_runtime": 18.474860906600952, "_step": 300, "validation_loss": 1.0875712633132935, "validation_accuracy": 0.5416666865348816, "_wandb": {"runtime": 18}}