{"epoch/accuracy": 0.84375, "epoch/loss": 0.43775418400764465, "epoch/val_accuracy": 0.9166666865348816, "epoch/val_loss": 0.3529857099056244, "epoch/epoch": 49, "_timestamp": 1723108725.1444685, "_runtime": 11.373515605926514, "_step": 50, "validation_loss": 0.3529857099056244, "validation_accuracy": 0.9166666865348816, "_wandb": {"runtime": 10}}