{"epoch/accuracy": 0.5416666865348816, "epoch/loss": 1.1091557741165161, "epoch/val_accuracy": 0.625, "epoch/val_loss": 0.9992039799690247, "epoch/epoch": 299, "_timestamp": 1723115517.4626846, "_runtime": 19.482396602630615, "_step": 300, "validation_loss": 0.9992039799690247, "validation_accuracy": 0.625, "_wandb": {"runtime": 19}}