{"epoch/accuracy": 0.2604166567325592, "epoch/loss": 1.4878486394882202, "epoch/val_accuracy": 0.75, "epoch/val_loss": 1.0772196054458618, "epoch/epoch": 149, "_timestamp": 1723107018.216199, "_runtime": 14.664302825927734, "_step": 150, "validation_loss": 1.0772196054458618, "validation_accuracy": 0.75, "_wandb": {"runtime": 14}}