{"epoch/accuracy": 1.0, "epoch/loss": 0.0001586625148775056, "epoch/val_accuracy": 0.9583333134651184, "epoch/val_loss": 0.15957127511501312, "epoch/epoch": 299, "_timestamp": 1723116436.209694, "_runtime": 19.87368083000183, "_step": 300, "validation_loss": 0.15957127511501312, "validation_accuracy": 0.9583333134651184, "_wandb": {"runtime": 19}}