{"epoch/accuracy": 1.0, "epoch/loss": 0.0001538269716547802, "epoch/val_accuracy": 0.9583333134651184, "epoch/val_loss": 0.11638731509447098, "epoch/epoch": 599, "_timestamp": 1723082847.42181, "_runtime": 62.205864906311035, "_step": 600, "validation_loss": 0.11638731509447098, "validation_accuracy": 0.9583333134651184, "_wandb": {"runtime": 61}}