{"epoch/accuracy": 0.1979166716337204, "epoch/loss": 1.883000373840332, "epoch/val_accuracy": 0.4583333432674408, "epoch/val_loss": 1.2649339437484741, "epoch/epoch": 49, "_timestamp": 1723104621.5038848, "_runtime": 10.263580799102783, "_step": 50, "validation_loss": 1.2649339437484741, "validation_accuracy": 0.4583333432674408, "_wandb": {"runtime": 9}}