{"epoch/accuracy": 0.3333333432674408, "epoch/loss": 1.325717568397522, "epoch/val_accuracy": 0.5833333134651184, "epoch/val_loss": 1.1006602048873901, "epoch/epoch": 99, "_timestamp": 1723081711.5842092, "_runtime": 20.0384521484375, "_step": 100, "validation_loss": 1.1006602048873901, "validation_accuracy": 0.5833333134651184, "_wandb": {"runtime": 19}}