{"epoch/accuracy": 0.9895833134651184, "epoch/loss": 0.03509330749511719, "epoch/val_accuracy": 1.0, "epoch/val_loss": 0.004091806709766388, "epoch/epoch": 99, "_timestamp": 1723107948.319755, "_runtime": 12.684441089630127, "_step": 100, "validation_loss": 0.004091806709766388, "validation_accuracy": 1.0, "_wandb": {"runtime": 12}}