{"epoch/accuracy": 0.9791666865348816, "epoch/loss": 0.08781939744949341, "epoch/val_accuracy": 0.9583333134651184, "epoch/val_loss": 0.15517248213291168, "epoch/epoch": 599, "_timestamp": 1723076522.9388616, "_runtime": 36.80610966682434, "_step": 600, "validation_loss": 0.15517248213291168, "validation_accuracy": 0.9583333134651184, "_wandb": {"runtime": 45}}