{"epoch/accuracy": 0.9375, "epoch/loss": 0.574310839176178, "epoch/val_accuracy": 0.8333333134651184, "epoch/val_loss": 0.7277989983558655, "epoch/epoch": 69, "_timestamp": 1723117591.1996512, "_runtime": 11.561646223068237, "_step": 70, "validation_loss": 0.7277989983558655, "validation_accuracy": 0.8333333134651184, "_wandb": {"runtime": 11}}