{"epoch/accuracy": 0.4270833432674408, "epoch/loss": 1.2437715530395508, "epoch/val_accuracy": 0.6666666865348816, "epoch/val_loss": 1.1482335329055786, "epoch/epoch": 49, "_timestamp": 1723092050.7166271, "_runtime": 10.011805057525635, "_step": 50, "validation_loss": 1.1482335329055786, "validation_accuracy": 0.6666666865348816, "_wandb": {"runtime": 9}}