{"epoch/accuracy": 0.9479166865348816, "epoch/loss": 0.19540385901927948, "epoch/val_accuracy": 0.9583333134651184, "epoch/val_loss": 0.22541570663452148, "epoch/epoch": 99, "_timestamp": 1723094819.2200623, "_runtime": 12.161190271377563, "_step": 100, "validation_loss": 0.22541570663452148, "validation_accuracy": 0.9583333134651184, "_wandb": {"runtime": 11}}