{"epoch/accuracy": 0.9583333134651184, "epoch/loss": 1.4323590993881226, "epoch/val_accuracy": 0.9166666865348816, "epoch/val_loss": 0.6109753251075745, "epoch/epoch": 69, "_timestamp": 1723092618.779443, "_runtime": 10.74672794342041, "_step": 70, "validation_loss": 0.6109753251075745, "validation_accuracy": 0.9166666865348816, "_wandb": {"runtime": 10}}