{"epoch/accuracy": 0.9270833134651184, "epoch/loss": 0.530551016330719, "epoch/val_accuracy": 0.8333333134651184, "epoch/val_loss": 0.6174798011779785, "epoch/epoch": 99, "_timestamp": 1723100185.3206866, "_runtime": 12.074065685272217, "_step": 100, "validation_loss": 0.6174798011779785, "validation_accuracy": 0.8333333134651184, "_wandb": {"runtime": 11}}