{"epoch/accuracy": 0.90625, "epoch/loss": 0.325434148311615, "epoch/val_accuracy": 0.9166666865348816, "epoch/val_loss": 0.3388652801513672, "epoch/epoch": 599, "_timestamp": 1723099901.378176, "_runtime": 29.454362869262695, "_step": 600, "validation_loss": 0.3388652801513672, "validation_accuracy": 0.9166666865348816, "_wandb": {"runtime": 29}}