{"epoch/accuracy": 0.96875, "epoch/loss": 0.0874318853020668, "epoch/val_accuracy": 0.9583333134651184, "epoch/val_loss": 0.17805249989032745, "epoch/epoch": 599, "_timestamp": 1723091282.4755535, "_runtime": 28.967122554779053, "_step": 600, "validation_loss": 0.17805249989032745, "validation_accuracy": 0.9583333134651184, "_wandb": {"runtime": 28}}