{"epoch/accuracy": 1.0, "epoch/loss": 3.9809838199289516e-05, "epoch/val_accuracy": 0.9583333134651184, "epoch/val_loss": 0.36722782254219055, "epoch/epoch": 99, "_timestamp": 1723110284.1836638, "_runtime": 12.534060955047607, "_step": 100, "validation_loss": 0.36722782254219055, "validation_accuracy": 0.9583333134651184, "_wandb": {"runtime": 12}}