{"epoch/accuracy": 0.90625, "epoch/loss": 0.4776385724544525, "epoch/val_accuracy": 0.875, "epoch/val_loss": 0.5520674586296082, "epoch/epoch": 149, "_timestamp": 1723104672.9454517, "_runtime": 13.680462837219238, "_step": 150, "validation_loss": 0.5520674586296082, "validation_accuracy": 0.875, "_wandb": {"runtime": 13}}