{"epoch/accuracy": 0.8541666865348816, "epoch/loss": 0.4006999433040619, "epoch/val_accuracy": 0.9583333134651184, "epoch/val_loss": 0.22267036139965057, "epoch/epoch": 599, "_timestamp": 1723079914.1210217, "_runtime": 56.09862685203552, "_step": 600, "validation_loss": 0.22267036139965057, "validation_accuracy": 0.9583333134651184, "_wandb": {"runtime": 55}}