{"epoch/accuracy": 1.0, "epoch/loss": 0.008332950063049793, "epoch/val_accuracy": 1.0, "epoch/val_loss": 0.03106408379971981, "epoch/epoch": 29, "_timestamp": 1723090173.5567768, "_runtime": 9.557384729385376, "_step": 30, "validation_loss": 0.03106408379971981, "validation_accuracy": 1.0, "_wandb": {"runtime": 8}}