{"epoch/accuracy": 1.0, "epoch/loss": 0.05656926706433296, "epoch/val_accuracy": 0.9583333134651184, "epoch/val_loss": 0.14675168693065643, "epoch/epoch": 299, "_timestamp": 1723109380.1611218, "_runtime": 19.22429895401001, "_step": 300, "validation_loss": 0.14675168693065643, "validation_accuracy": 0.9583333134651184, "_wandb": {"runtime": 18}}