{"epoch/accuracy": 0.9791666865348816, "epoch/loss": 0.07381194829940796, "epoch/val_accuracy": 0.9583333134651184, "epoch/val_loss": 0.2560941278934479, "epoch/epoch": 29, "_timestamp": 1723102861.6487615, "_runtime": 9.389404535293579, "_step": 30, "validation_loss": 0.2560941278934479, "validation_accuracy": 0.9583333134651184, "_wandb": {"runtime": 8}}