{"epoch/accuracy": 0.96875, "epoch/loss": 0.8094747066497803, "epoch/val_accuracy": 0.875, "epoch/val_loss": 1.9802826642990112, "epoch/epoch": 49, "_timestamp": 1723085993.1795554, "_runtime": 9.67811632156372, "_step": 50, "validation_loss": 1.9802826642990112, "validation_accuracy": 0.875, "_wandb": {"runtime": 9}}