{"epoch/accuracy": 0.3854166567325592, "epoch/loss": 1.424931526184082, "epoch/val_accuracy": 0.8333333134651184, "epoch/val_loss": 0.9365262985229492, "epoch/epoch": 299, "_timestamp": 1723077025.670217, "_runtime": 23.584584951400757, "_step": 300, "validation_loss": 0.9365262985229492, "validation_accuracy": 0.8333333134651184, "_wandb": {"runtime": 23}}