{"epoch/accuracy": 0.8958333134651184, "epoch/loss": 0.5767356753349304, "epoch/val_accuracy": 0.875, "epoch/val_loss": 0.260414719581604, "epoch/epoch": 49, "_timestamp": 1723094403.1931515, "_runtime": 10.089821577072144, "_step": 50, "validation_loss": 0.260414719581604, "validation_accuracy": 0.875, "_wandb": {"runtime": 9}}