{"epoch/accuracy": 0.6979166865348816, "epoch/loss": 0.9345188140869141, "epoch/val_accuracy": 0.5833333134651184, "epoch/val_loss": 1.0891591310501099, "epoch/epoch": 99, "_timestamp": 1723102416.4247808, "_runtime": 12.470424890518188, "_step": 100, "validation_loss": 1.0891591310501099, "validation_accuracy": 0.5833333134651184, "_wandb": {"runtime": 12}}