{"epoch/accuracy": 0.2916666567325592, "epoch/loss": 1.343762993812561, "epoch/val_accuracy": 0.3333333432674408, "epoch/val_loss": 1.3407539129257202, "epoch/epoch": 29, "_timestamp": 1723080882.102242, "_runtime": 14.96243691444397, "_step": 30, "validation_loss": 1.3407539129257202, "validation_accuracy": 0.3333333432674408, "_wandb": {"runtime": 14}}