{"epoch/accuracy": 0.7604166865348816, "epoch/loss": 0.7758679389953613, "epoch/val_accuracy": 0.875, "epoch/val_loss": 0.3409818708896637, "epoch/epoch": 29, "_timestamp": 1723111469.284397, "_runtime": 9.763003826141357, "_step": 30, "validation_loss": 0.3409818708896637, "validation_accuracy": 0.875, "_wandb": {"runtime": 9}}