{"epoch/accuracy": 0.9583333134651184, "epoch/loss": 0.28769487142562866, "epoch/val_accuracy": 1.0, "epoch/val_loss": 0.02382449246942997, "epoch/epoch": 29, "_timestamp": 1723107126.9397924, "_runtime": 10.302201509475708, "_step": 30, "validation_loss": 0.02382449246942997, "validation_accuracy": 1.0, "_wandb": {"runtime": 9}}