{"epoch/accuracy": 1.0, "epoch/loss": 0.01447035651654005, "epoch/val_accuracy": 0.9583333134651184, "epoch/val_loss": 0.1815515160560608, "epoch/epoch": 99, "_timestamp": 1723076696.2995372, "_runtime": 14.724386215209961, "_step": 100, "validation_loss": 0.1815515160560608, "validation_accuracy": 0.9583333134651184, "_wandb": {"runtime": 14}}