{"epoch/accuracy": 1.0, "epoch/loss": 0.010479606688022614, "epoch/val_accuracy": 0.9583333134651184, "epoch/val_loss": 0.21862083673477173, "epoch/epoch": 29, "_timestamp": 1723106434.8453376, "_runtime": 9.464509725570679, "_step": 30, "validation_loss": 0.21862083673477173, "validation_accuracy": 0.9583333134651184, "_wandb": {"runtime": 9}}