{"epoch/accuracy": 1.0, "epoch/loss": 0.006325508933514357, "epoch/val_accuracy": 0.9583333134651184, "epoch/val_loss": 0.16433073580265045, "epoch/epoch": 299, "_timestamp": 1723104930.2260118, "_runtime": 20.07646083831787, "_step": 300, "validation_loss": 0.16433073580265045, "validation_accuracy": 0.9583333134651184, "_wandb": {"runtime": 19}}