{"epoch/accuracy": 0.9791666865348816, "epoch/loss": 0.06413719803094864, "epoch/val_accuracy": 0.9166666865348816, "epoch/val_loss": 0.22784413397312164, "epoch/epoch": 299, "_timestamp": 1723077318.5834987, "_runtime": 26.08646559715271, "_step": 300, "validation_loss": 0.22784411907196045, "validation_accuracy": 0.9166666865348816, "_wandb": {"runtime": 25}}