{"epoch/accuracy": 0.7708333134651184, "epoch/loss": 0.5824922919273376, "epoch/val_accuracy": 0.8333333134651184, "epoch/val_loss": 0.7144576907157898, "epoch/epoch": 299, "_timestamp": 1723089000.2150962, "_runtime": 19.550292253494263, "_step": 300, "validation_loss": 0.7144576907157898, "validation_accuracy": 0.8333333134651184, "_wandb": {"runtime": 19}}