{"epoch/accuracy": 0.3229166567325592, "epoch/loss": 1.4233440160751343, "epoch/val_accuracy": 0.5416666865348816, "epoch/val_loss": 1.13938570022583, "epoch/epoch": 99, "_timestamp": 1723092217.7609408, "_runtime": 11.614840745925903, "_step": 100, "validation_loss": 1.13938570022583, "validation_accuracy": 0.5416666865348816, "_wandb": {"runtime": 11}}