{"epoch/accuracy": 1.0, "epoch/loss": 7.848324457881972e-06, "epoch/val_accuracy": 0.9583333134651184, "epoch/val_loss": 0.14232654869556427, "epoch/epoch": 599, "_timestamp": 1723094586.0271435, "_runtime": 29.9863064289093, "_step": 600, "validation_loss": 0.14232654869556427, "validation_accuracy": 0.9583333134651184, "_wandb": {"runtime": 29}}