{"epoch/accuracy": 0.6458333134651184, "epoch/loss": 0.8022966384887695, "epoch/val_accuracy": 0.9583333134651184, "epoch/val_loss": 0.6987325549125671, "epoch/epoch": 49, "_timestamp": 1723090356.6541934, "_runtime": 10.10013747215271, "_step": 50, "validation_loss": 0.6987325549125671, "validation_accuracy": 0.9583333134651184, "_wandb": {"runtime": 9}}