{"epoch/accuracy": 0.65625, "epoch/loss": 0.7255439758300781, "epoch/val_accuracy": 0.5416666865348816, "epoch/val_loss": 0.801799476146698, "epoch/epoch": 599, "_timestamp": 1723096209.1036932, "_runtime": 30.55210518836975, "_step": 600, "validation_loss": 0.801799476146698, "validation_accuracy": 0.5416666865348816, "_wandb": {"runtime": 30}}