{"epoch/accuracy": 0.6666666865348816, "epoch/loss": 0.7437087893486023, "epoch/val_accuracy": 0.7916666865348816, "epoch/val_loss": 0.6037185788154602, "epoch/epoch": 599, "_timestamp": 1723099529.0926898, "_runtime": 29.570271730422974, "_step": 600, "validation_loss": 0.6037185788154602, "validation_accuracy": 0.7916666865348816, "_wandb": {"runtime": 29}}