{"epoch/accuracy": 0.46875, "epoch/loss": 1.1289232969284058, "epoch/val_accuracy": 0.8333333134651184, "epoch/val_loss": 0.9649117588996887, "epoch/epoch": 99, "_timestamp": 1723106706.9743319, "_runtime": 12.277110815048218, "_step": 100, "validation_loss": 0.9649117588996887, "validation_accuracy": 0.8333333134651184, "_wandb": {"runtime": 11}}