{"epoch/accuracy": 0.9270833134651184, "epoch/loss": 0.15037892758846283, "epoch/val_accuracy": 0.9583333134651184, "epoch/val_loss": 0.19377917051315308, "epoch/epoch": 149, "_timestamp": 1723096874.5123827, "_runtime": 13.406031847000122, "_step": 150, "validation_loss": 0.19377917051315308, "validation_accuracy": 0.9583333134651184, "_wandb": {"runtime": 13}}