{"epoch/accuracy": 0.9166666865348816, "epoch/loss": 0.28552260994911194, "epoch/val_accuracy": 0.9583333134651184, "epoch/val_loss": 0.3610985279083252, "epoch/epoch": 99, "_timestamp": 1723108055.056445, "_runtime": 11.72672986984253, "_step": 100, "validation_loss": 0.3610985279083252, "validation_accuracy": 0.9583333134651184, "_wandb": {"runtime": 11}}