{"epoch/accuracy": 0.4791666567325592, "epoch/loss": 1.1805646419525146, "epoch/val_accuracy": 0.375, "epoch/val_loss": 1.248084545135498, "epoch/epoch": 69, "_timestamp": 1723095002.5660408, "_runtime": 11.432748794555664, "_step": 70, "validation_loss": 1.248084545135498, "validation_accuracy": 0.375, "_wandb": {"runtime": 11}}