{"epoch/accuracy": 0.4895833432674408, "epoch/loss": 1.2492762804031372, "epoch/val_accuracy": 0.5, "epoch/val_loss": 1.204059362411499, "epoch/epoch": 29, "_timestamp": 1723105028.40618, "_runtime": 10.464709997177124, "_step": 30, "validation_loss": 1.204059362411499, "validation_accuracy": 0.5, "_wandb": {"runtime": 10}}