{"epoch/accuracy": 0.5729166865348816, "epoch/loss": 1.105285406112671, "epoch/val_accuracy": 0.5416666865348816, "epoch/val_loss": 1.1516584157943726, "epoch/epoch": 99, "_timestamp": 1723115223.2996023, "_runtime": 12.585397243499756, "_step": 100, "validation_loss": 1.1516584157943726, "validation_accuracy": 0.5416666865348816, "_wandb": {"runtime": 12}}