{"epoch/accuracy": 0.9375, "epoch/loss": 0.47366371750831604, "epoch/val_accuracy": 0.9583333134651184, "epoch/val_loss": 0.38092875480651855, "epoch/epoch": 29, "_timestamp": 1723089231.8050823, "_runtime": 9.881022214889526, "_step": 30, "validation_loss": 0.38092875480651855, "validation_accuracy": 0.9583333134651184, "_wandb": {"runtime": 9}}