{"epoch/accuracy": 0.625, "epoch/loss": 0.8725531101226807, "epoch/val_accuracy": 0.875, "epoch/val_loss": 0.6295713782310486, "epoch/epoch": 149, "_timestamp": 1723116091.5707848, "_runtime": 13.640466690063477, "_step": 150, "validation_loss": 0.6295713782310486, "validation_accuracy": 0.875, "_wandb": {"runtime": 13}}