{"epoch/accuracy": 1.0, "epoch/loss": 0.001753897755406797, "epoch/val_accuracy": 0.9583333134651184, "epoch/val_loss": 0.09167315810918808, "epoch/epoch": 99, "_timestamp": 1723105350.7040093, "_runtime": 12.310620307922363, "_step": 100, "validation_loss": 0.09167315810918808, "validation_accuracy": 0.9583333134651184, "_wandb": {"runtime": 11}}