{"epoch/accuracy": 0.9895833134651184, "epoch/loss": 0.11022722721099854, "epoch/val_accuracy": 0.9583333134651184, "epoch/val_loss": 0.22529619932174683, "epoch/epoch": 149, "_timestamp": 1723089141.7352452, "_runtime": 13.178197145462036, "_step": 150, "validation_loss": 0.22529619932174683, "validation_accuracy": 0.9583333134651184, "_wandb": {"runtime": 12}}