{"epoch/accuracy": 0.21875, "epoch/loss": 2.006216049194336, "epoch/val_accuracy": 0.2916666567325592, "epoch/val_loss": 1.3048913478851318, "epoch/epoch": 69, "_timestamp": 1723116529.6542554, "_runtime": 11.276300430297852, "_step": 70, "validation_loss": 1.3048913478851318, "validation_accuracy": 0.2916666567325592, "_wandb": {"runtime": 10}}