{"epoch/accuracy": 0.90625, "epoch/loss": 0.39641961455345154, "epoch/val_accuracy": 0.9166666865348816, "epoch/val_loss": 0.3064813017845154, "epoch/epoch": 99, "_timestamp": 1723113746.9591768, "_runtime": 12.414753675460815, "_step": 100, "validation_loss": 0.3064813017845154, "validation_accuracy": 0.9166666865348816, "_wandb": {"runtime": 12}}