{"epoch/accuracy": 0.5520833134651184, "epoch/loss": 1.1608093976974487, "epoch/val_accuracy": 0.625, "epoch/val_loss": 1.1528100967407227, "epoch/epoch": 29, "_timestamp": 1723120609.4673414, "_runtime": 20.104655504226685, "_step": 30, "validation_loss": 1.1528100967407227, "validation_accuracy": 0.625, "_wandb": {"runtime": 19}}