{"epoch/accuracy": 1.0, "epoch/loss": 0.024679109454154968, "epoch/val_accuracy": 0.9583333134651184, "epoch/val_loss": 0.18227382004261017, "epoch/epoch": 299, "_timestamp": 1723099943.581307, "_runtime": 18.778236865997314, "_step": 300, "validation_loss": 0.18227382004261017, "validation_accuracy": 0.9583333134651184, "_wandb": {"runtime": 18}}