{"epoch/accuracy": 1.0, "epoch/loss": 2.7948828574153595e-05, "epoch/val_accuracy": 0.9583333134651184, "epoch/val_loss": 0.05557715520262718, "epoch/epoch": 149, "_timestamp": 1723118055.0437744, "_runtime": 16.771865367889404, "_step": 150, "validation_loss": 0.05557715520262718, "validation_accuracy": 0.9583333134651184, "_wandb": {"runtime": 16}}