{"epoch/accuracy": 1.0, "epoch/loss": 0.004667371511459351, "epoch/val_accuracy": 0.9583333134651184, "epoch/val_loss": 0.3072979748249054, "epoch/epoch": 49, "_timestamp": 1723119141.4847777, "_runtime": 13.218099594116211, "_step": 50, "validation_loss": 0.3072979748249054, "validation_accuracy": 0.9583333134651184, "_wandb": {"runtime": 12}}