{"epoch/accuracy": 0.96875, "epoch/loss": 0.2257130891084671, "epoch/val_accuracy": 0.7916666865348816, "epoch/val_loss": 0.31534141302108765, "epoch/epoch": 99, "_timestamp": 1723082677.8663166, "_runtime": 20.19226861000061, "_step": 100, "validation_loss": 0.31534138321876526, "validation_accuracy": 0.7916666865348816, "_wandb": {"runtime": 19}}