{"epoch/accuracy": 1.0, "epoch/loss": 0.00880284421145916, "epoch/val_accuracy": 0.9583333134651184, "epoch/val_loss": 0.2067495733499527, "epoch/epoch": 99, "_timestamp": 1723107968.8195875, "_runtime": 12.47861647605896, "_step": 100, "validation_loss": 0.2067495733499527, "validation_accuracy": 0.9583333134651184, "_wandb": {"runtime": 12}}