{"epoch/accuracy": 0.9895833134651184, "epoch/loss": 0.16143129765987396, "epoch/val_accuracy": 0.875, "epoch/val_loss": 6.676633358001709, "epoch/epoch": 99, "_timestamp": 1723100940.4204118, "_runtime": 11.600231885910034, "_step": 100, "validation_loss": 6.676633358001709, "validation_accuracy": 0.875, "_wandb": {"runtime": 11}}