{"epoch/accuracy": 0.59375, "epoch/loss": 0.8682360649108887, "epoch/val_accuracy": 0.7916666865348816, "epoch/val_loss": 17.171180725097656, "epoch/epoch": 599, "_timestamp": 1723112562.518489, "_runtime": 29.96184778213501, "_step": 600, "validation_loss": 17.171180725097656, "validation_accuracy": 0.7916666865348816, "_wandb": {"runtime": 29}}