{"epoch/accuracy": 0.28125, "epoch/loss": 1.4005885124206543, "epoch/val_accuracy": 0.3333333432674408, "epoch/val_loss": 1.2900116443634033, "epoch/epoch": 29, "_timestamp": 1723119352.7876143, "_runtime": 13.034648418426514, "_step": 30, "validation_loss": 1.2900116443634033, "validation_accuracy": 0.3333333432674408, "_wandb": {"runtime": 12}}