{"epoch/accuracy": 0.9166666865348816, "epoch/loss": 0.2924501597881317, "epoch/val_accuracy": 0.9583333134651184, "epoch/val_loss": 0.39832544326782227, "epoch/epoch": 29, "_timestamp": 1723081943.459893, "_runtime": 16.31277298927307, "_step": 30, "validation_loss": 0.39832544326782227, "validation_accuracy": 0.9583333134651184, "_wandb": {"runtime": 15}}