{"epoch/accuracy": 0.9895833134651184, "epoch/loss": 0.03574174642562866, "epoch/val_accuracy": 0.9166666865348816, "epoch/val_loss": 0.17114578187465668, "epoch/epoch": 149, "_timestamp": 1723111525.7372534, "_runtime": 14.23777437210083, "_step": 150, "validation_loss": 0.17114578187465668, "validation_accuracy": 0.9166666865348816, "_wandb": {"runtime": 13}}