{"epoch/accuracy": 0.4583333432674408, "epoch/loss": 1.3589826822280884, "epoch/val_accuracy": 0.5416666865348816, "epoch/val_loss": 0.7943612933158875, "epoch/epoch": 49, "_timestamp": 1723085690.3370132, "_runtime": 11.674111127853394, "_step": 50, "validation_loss": 0.7943612933158875, "validation_accuracy": 0.5416666865348816, "_wandb": {"runtime": 11}}