{"epoch/accuracy": 0.3020833432674408, "epoch/loss": 1.4189354181289673, "epoch/val_accuracy": 0.6666666865348816, "epoch/val_loss": 1.1501985788345337, "epoch/epoch": 149, "_timestamp": 1723095930.7364392, "_runtime": 13.28013014793396, "_step": 150, "validation_loss": 1.1501985788345337, "validation_accuracy": 0.6666666865348816, "_wandb": {"runtime": 12}}