{"epoch/accuracy": 0.8020833134651184, "epoch/loss": 0.8579850196838379, "epoch/val_accuracy": 0.625, "epoch/val_loss": 1.0061123371124268, "epoch/epoch": 69, "_timestamp": 1723102019.9788, "_runtime": 11.0139319896698, "_step": 70, "validation_loss": 1.0061124563217163, "validation_accuracy": 0.625, "_wandb": {"runtime": 10}}