{"epoch/accuracy": 1.0, "epoch/loss": 0.0017219852888956666, "epoch/val_accuracy": 0.9166666865348816, "epoch/val_loss": 0.6996533870697021, "epoch/epoch": 599, "_timestamp": 1723115066.5213573, "_runtime": 29.630884408950806, "_step": 600, "validation_loss": 0.6996533870697021, "validation_accuracy": 0.9166666865348816, "_wandb": {"runtime": 29}}