{"epoch/accuracy": 0.9895833134651184, "epoch/loss": 0.5603045225143433, "epoch/val_accuracy": 0.9166666865348816, "epoch/val_loss": 15.990155220031738, "epoch/epoch": 599, "_timestamp": 1723076394.5885117, "_runtime": 40.316954612731934, "_step": 600, "validation_loss": 15.990155220031738, "validation_accuracy": 0.9166666865348816, "_wandb": {"runtime": 39}}