{"epoch/accuracy": 1.0, "epoch/loss": 4.594514280142903e-08, "epoch/val_accuracy": 0.9583333134651184, "epoch/val_loss": 0.5029142498970032, "epoch/epoch": 149, "_timestamp": 1723078568.7816415, "_runtime": 25.18238353729248, "_step": 150, "validation_loss": 0.5029142498970032, "validation_accuracy": 0.9583333134651184, "_wandb": {"runtime": 24}}