{"epoch/accuracy": 0.9895833134651184, "epoch/loss": 0.08409310132265091, "epoch/val_accuracy": 0.9166666865348816, "epoch/val_loss": 2.720604658126831, "epoch/epoch": 29, "_timestamp": 1723090782.4476929, "_runtime": 10.498962879180908, "_step": 30, "validation_loss": 2.720604658126831, "validation_accuracy": 0.9166666865348816, "_wandb": {"runtime": 9}}