{"epoch/accuracy": 1.0, "epoch/loss": 0.0024452467914670706, "epoch/val_accuracy": 0.9583333134651184, "epoch/val_loss": 0.11707630008459091, "epoch/epoch": 149, "_timestamp": 1723108677.160189, "_runtime": 14.017223834991455, "_step": 150, "validation_loss": 0.11707630008459091, "validation_accuracy": 0.9583333134651184, "_wandb": {"runtime": 13}}