{"epoch/accuracy": 0.9375, "epoch/loss": 0.13329653441905975, "epoch/val_accuracy": 0.9166666865348816, "epoch/val_loss": 0.3193027079105377, "epoch/epoch": 99, "_timestamp": 1723105716.2968693, "_runtime": 11.962360382080078, "_step": 100, "validation_loss": 0.3193027079105377, "validation_accuracy": 0.9166666865348816, "_wandb": {"runtime": 11}}