{"epoch/accuracy": 0.9479166865348816, "epoch/loss": 0.2042054533958435, "epoch/val_accuracy": 0.9583333134651184, "epoch/val_loss": 0.20814163982868195, "epoch/epoch": 299, "_timestamp": 1723091015.0741813, "_runtime": 19.241851329803467, "_step": 300, "validation_loss": 0.20814163982868195, "validation_accuracy": 0.9583333134651184, "_wandb": {"runtime": 18}}