{"epoch/accuracy": 1.0, "epoch/loss": 0.003913496620953083, "epoch/val_accuracy": 0.9166666865348816, "epoch/val_loss": 0.1805037409067154, "epoch/epoch": 299, "_timestamp": 1723091174.7790704, "_runtime": 18.842583417892456, "_step": 300, "validation_loss": 0.1805037409067154, "validation_accuracy": 0.9166666865348816, "_wandb": {"runtime": 18}}