{"epoch/accuracy": 0.9583333134651184, "epoch/loss": 0.18857663869857788, "epoch/val_accuracy": 0.9166666865348816, "epoch/val_loss": 0.37047386169433594, "epoch/epoch": 99, "_timestamp": 1723081683.8868206, "_runtime": 22.402660608291626, "_step": 100, "validation_loss": 0.37047386169433594, "validation_accuracy": 0.9166666865348816, "_wandb": {"runtime": 21}}