{"epoch/accuracy": 0.9479166865348816, "epoch/loss": 0.17934872210025787, "epoch/val_accuracy": 0.9583333134651184, "epoch/val_loss": 0.48508432507514954, "epoch/epoch": 299, "_timestamp": 1723111639.5326338, "_runtime": 19.836236715316772, "_step": 300, "validation_loss": 0.48508432507514954, "validation_accuracy": 0.9583333134651184, "_wandb": {"runtime": 19}}