{"epoch/accuracy": 0.9479166865348816, "epoch/loss": 2.2866322994232178, "epoch/val_accuracy": 0.875, "epoch/val_loss": 4.744670391082764, "epoch/epoch": 49, "_timestamp": 1723101858.06774, "_runtime": 11.345793008804321, "_step": 50, "validation_loss": 4.744670391082764, "validation_accuracy": 0.875, "_wandb": {"runtime": 10}}