{"epoch/accuracy": 0.5104166865348816, "epoch/loss": 1.5704998970031738, "epoch/val_accuracy": 0.6666666865348816, "epoch/val_loss": 0.7935808300971985, "epoch/epoch": 99, "_timestamp": 1723106947.3637278, "_runtime": 12.329540729522705, "_step": 100, "validation_loss": 0.7935808300971985, "validation_accuracy": 0.6666666865348816, "_wandb": {"runtime": 11}}