{"epoch/accuracy": 0.3125, "epoch/loss": 1.3560395240783691, "epoch/val_accuracy": 0.4583333432674408, "epoch/val_loss": 1.2915300130844116, "epoch/epoch": 29, "_timestamp": 1723113912.67421, "_runtime": 9.647533178329468, "_step": 30, "validation_loss": 1.2915300130844116, "validation_accuracy": 0.4583333432674408, "_wandb": {"runtime": 9}}