{"epoch/accuracy": 0.96875, "epoch/loss": 0.1008269190788269, "epoch/val_accuracy": 0.9166666865348816, "epoch/val_loss": 0.10927964001893997, "epoch/epoch": 299, "_timestamp": 1723104987.4528842, "_runtime": 20.292509078979492, "_step": 300, "validation_loss": 0.10927964001893997, "validation_accuracy": 0.9166666865348816, "_wandb": {"runtime": 19}}