{"epoch/accuracy": 1.0, "epoch/loss": 0.0005031406180933118, "epoch/val_accuracy": 0.9583333134651184, "epoch/val_loss": 0.21248245239257812, "epoch/epoch": 99, "_timestamp": 1723115860.0779433, "_runtime": 12.295607328414917, "_step": 100, "validation_loss": 0.21248245239257812, "validation_accuracy": 0.9583333134651184, "_wandb": {"runtime": 11}}