{"epoch/accuracy": 0.9791666865348816, "epoch/loss": 0.08788546919822693, "epoch/val_accuracy": 0.9583333134651184, "epoch/val_loss": 0.18563611805438995, "epoch/epoch": 299, "_timestamp": 1723086020.554574, "_runtime": 17.42492389678955, "_step": 300, "validation_loss": 0.18563611805438995, "validation_accuracy": 0.9583333134651184, "_wandb": {"runtime": 16}}