{"epoch/accuracy": 0.2291666716337204, "epoch/loss": 1.3861702680587769, "epoch/val_accuracy": 0.125, "epoch/val_loss": 1.397836685180664, "epoch/epoch": 599, "_timestamp": 1723078742.6120243, "_runtime": 60.45041537284851, "_step": 600, "validation_loss": 1.397836685180664, "validation_accuracy": 0.125, "_wandb": {"runtime": 60}}