{"epoch/accuracy": 1.0, "epoch/loss": 3.956802174798213e-05, "epoch/val_accuracy": 0.9583333134651184, "epoch/val_loss": 0.17268790304660797, "epoch/epoch": 599, "_timestamp": 1723104561.145145, "_runtime": 29.594125986099243, "_step": 600, "validation_loss": 0.17268790304660797, "validation_accuracy": 0.9583333134651184, "_wandb": {"runtime": 28}}