{"epoch/accuracy": 0.3229166567325592, "epoch/loss": 1.3002598285675049, "epoch/val_accuracy": 0.3333333432674408, "epoch/val_loss": 1.0999945402145386, "epoch/epoch": 299, "_timestamp": 1723114338.6150804, "_runtime": 19.727227449417114, "_step": 300, "validation_loss": 1.0999945402145386, "validation_accuracy": 0.3333333432674408, "_wandb": {"runtime": 19}}