{"epoch/accuracy": 1.0, "epoch/loss": 0.01830667443573475, "epoch/val_accuracy": 0.9583333134651184, "epoch/val_loss": 0.09964930266141891, "epoch/epoch": 29, "_timestamp": 1723104950.316298, "_runtime": 10.275578022003174, "_step": 30, "validation_loss": 0.09964930266141891, "validation_accuracy": 0.9583333134651184, "_wandb": {"runtime": 9}}