{"epoch/accuracy": 0.375, "epoch/loss": 1.3069595098495483, "epoch/val_accuracy": 0.3333333432674408, "epoch/val_loss": 1.2640777826309204, "epoch/epoch": 149, "_timestamp": 1723084451.768982, "_runtime": 22.96069598197937, "_step": 150, "validation_loss": 1.2640777826309204, "validation_accuracy": 0.3333333432674408, "_wandb": {"runtime": 22}}