{"epoch/accuracy": 0.96875, "epoch/loss": 0.06916487216949463, "epoch/val_accuracy": 0.9166666865348816, "epoch/val_loss": 0.21958212554454803, "epoch/epoch": 149, "_timestamp": 1723109538.4373305, "_runtime": 14.176689386367798, "_step": 150, "validation_loss": 0.21958212554454803, "validation_accuracy": 0.9166666865348816, "_wandb": {"runtime": 13}}