{"epoch/accuracy": 1.0, "epoch/loss": 0.0033749479334801435, "epoch/val_accuracy": 0.9583333134651184, "epoch/val_loss": 0.11692601442337036, "epoch/epoch": 49, "_timestamp": 1723083596.2735362, "_runtime": 16.881437301635742, "_step": 50, "validation_loss": 0.11692601442337036, "validation_accuracy": 0.9583333134651184, "_wandb": {"runtime": 16}}