{"epoch/accuracy": 0.75, "epoch/loss": 1.4671350717544556, "epoch/val_accuracy": 0.75, "epoch/val_loss": 0.642669141292572, "epoch/epoch": 69, "_timestamp": 1723108152.9416018, "_runtime": 11.512956857681274, "_step": 70, "validation_loss": 0.642669141292572, "validation_accuracy": 0.75, "_wandb": {"runtime": 11}}