{"epoch/accuracy": 1.0, "epoch/loss": 1.2585779586515855e-05, "epoch/val_accuracy": 1.0, "epoch/val_loss": 0.012240939773619175, "epoch/epoch": 149, "_timestamp": 1723092706.4542906, "_runtime": 14.133867740631104, "_step": 150, "validation_loss": 0.012240939773619175, "validation_accuracy": 1.0, "_wandb": {"runtime": 13}}