{"epoch/accuracy": 0.9583333134651184, "epoch/loss": 0.25778937339782715, "epoch/val_accuracy": 0.9583333134651184, "epoch/val_loss": 0.3391995429992676, "epoch/epoch": 69, "_timestamp": 1723114780.6273754, "_runtime": 11.444824457168579, "_step": 70, "validation_loss": 0.3391995429992676, "validation_accuracy": 0.9583333134651184, "_wandb": {"runtime": 11}}