{"epoch/accuracy": 0.9791666865348816, "epoch/loss": 0.024482855573296547, "epoch/val_accuracy": 0.9166666865348816, "epoch/val_loss": 0.1859346628189087, "epoch/epoch": 599, "_timestamp": 1723094115.1381378, "_runtime": 29.34773087501526, "_step": 600, "validation_loss": 0.1859346628189087, "validation_accuracy": 0.9166666865348816, "_wandb": {"runtime": 28}}