{"epoch/accuracy": 0.9895833134651184, "epoch/loss": 0.1568235605955124, "epoch/val_accuracy": 0.9583333134651184, "epoch/val_loss": 0.14517438411712646, "epoch/epoch": 149, "_timestamp": 1723091926.142568, "_runtime": 13.773115158081055, "_step": 150, "validation_loss": 0.14517438411712646, "validation_accuracy": 0.9583333134651184, "_wandb": {"runtime": 13}}