{"epoch/accuracy": 1.0, "epoch/loss": 0.010787044651806355, "epoch/val_accuracy": 0.9166666865348816, "epoch/val_loss": 0.121547169983387, "epoch/epoch": 29, "_timestamp": 1723112706.388328, "_runtime": 9.782169103622437, "_step": 30, "validation_loss": 0.121547169983387, "validation_accuracy": 0.9166666865348816, "_wandb": {"runtime": 9}}