{"epoch/accuracy": 1.0, "epoch/loss": 0.036185696721076965, "epoch/val_accuracy": 0.9583333134651184, "epoch/val_loss": 0.11469510197639465, "epoch/epoch": 69, "_timestamp": 1723088465.5625908, "_runtime": 11.315895795822144, "_step": 70, "validation_loss": 0.11469510197639465, "validation_accuracy": 0.9583333134651184, "_wandb": {"runtime": 10}}