{"epoch/accuracy": 0.9583333134651184, "epoch/loss": 0.5878660678863525, "epoch/val_accuracy": 0.875, "epoch/val_loss": 1.8050276041030884, "epoch/epoch": 49, "_timestamp": 1723122348.745984, "_runtime": 12.135338068008423, "_step": 50, "validation_loss": 1.8050276041030884, "validation_accuracy": 0.875, "_wandb": {"runtime": 11}}