{"epoch/accuracy": 0.9791666865348816, "epoch/loss": 0.11325400322675705, "epoch/val_accuracy": 0.9166666865348816, "epoch/val_loss": 0.19350671768188477, "epoch/epoch": 599, "_timestamp": 1723075604.2184756, "_runtime": 39.61049461364746, "_step": 600, "validation_loss": 0.19350670278072357, "validation_accuracy": 0.9166666865348816, "_wandb": {"runtime": 39}}