{"epoch/accuracy": 0.9895833134651184, "epoch/loss": 0.1970537304878235, "epoch/val_accuracy": 0.875, "epoch/val_loss": 11.224745750427246, "epoch/epoch": 49, "_timestamp": 1723101049.0187244, "_runtime": 11.024983406066895, "_step": 50, "validation_loss": 11.224745750427246, "validation_accuracy": 0.875, "_wandb": {"runtime": 10}}