{"epoch/accuracy": 0.875, "epoch/loss": 0.3417924642562866, "epoch/val_accuracy": 0.9166666865348816, "epoch/val_loss": 0.31100234389305115, "epoch/epoch": 49, "_timestamp": 1723121451.8552277, "_runtime": 22.17402672767639, "_step": 50, "validation_loss": 0.31100234389305115, "validation_accuracy": 0.9166666865348816, "_wandb": {"runtime": 21}}