{"epoch/accuracy": 0.4479166567325592, "epoch/loss": 2.912100076675415, "epoch/val_accuracy": 0.3333333432674408, "epoch/val_loss": 1.7812689542770386, "epoch/epoch": 49, "_timestamp": 1723079053.452179, "_runtime": 18.335926055908203, "_step": 50, "validation_loss": 1.7812689542770386, "validation_accuracy": 0.3333333432674408, "_wandb": {"runtime": 17}}