{"epoch/accuracy": 1.0, "epoch/loss": 2.3737147785141133e-05, "epoch/val_accuracy": 0.9583333134651184, "epoch/val_loss": 0.05634401738643646, "epoch/epoch": 599, "_timestamp": 1723108993.716823, "_runtime": 30.384620189666748, "_step": 600, "validation_loss": 0.05634401738643646, "validation_accuracy": 0.9583333134651184, "_wandb": {"runtime": 29}}