{"epoch/accuracy": 0.90625, "epoch/loss": 0.2884875535964966, "epoch/val_accuracy": 0.8333333134651184, "epoch/val_loss": 0.41014859080314636, "epoch/epoch": 99, "_timestamp": 1723080504.105503, "_runtime": 19.55966019630432, "_step": 100, "validation_loss": 0.41014859080314636, "validation_accuracy": 0.8333333134651184, "_wandb": {"runtime": 19}}