{"epoch/accuracy": 0.9583333134651184, "epoch/loss": 0.09129882603883743, "epoch/val_accuracy": 0.9166666865348816, "epoch/val_loss": 0.16408771276474, "epoch/epoch": 99, "_timestamp": 1723105998.6966867, "_runtime": 12.306302785873413, "_step": 100, "validation_loss": 0.16408771276474, "validation_accuracy": 0.9166666865348816, "_wandb": {"runtime": 11}}