{"epoch/accuracy": 0.9270833134651184, "epoch/loss": 0.2503780424594879, "epoch/val_accuracy": 1.0, "epoch/val_loss": 0.040873732417821884, "epoch/epoch": 69, "_timestamp": 1723106634.122331, "_runtime": 11.161559820175171, "_step": 70, "validation_loss": 0.040873732417821884, "validation_accuracy": 1.0, "_wandb": {"runtime": 10}}