{"epoch/accuracy": 0.90625, "epoch/loss": 0.29935982823371887, "epoch/val_accuracy": 0.875, "epoch/val_loss": 0.4516012668609619, "epoch/epoch": 29, "_timestamp": 1723077873.7403784, "_runtime": 12.341959476470947, "_step": 30, "validation_loss": 0.4516012668609619, "validation_accuracy": 0.875, "_wandb": {"runtime": 11}}