{"epoch/accuracy": 0.5625, "epoch/loss": 1.0975297689437866, "epoch/val_accuracy": 0.5416666865348816, "epoch/val_loss": 1.176099181175232, "epoch/epoch": 49, "_timestamp": 1723103554.4024026, "_runtime": 10.115501642227173, "_step": 50, "validation_loss": 1.176099181175232, "validation_accuracy": 0.5416666865348816, "_wandb": {"runtime": 9}}