{"epoch/accuracy": 0.9895833134651184, "epoch/loss": 0.12865008413791656, "epoch/val_accuracy": 0.875, "epoch/val_loss": 2.0629074573516846, "epoch/epoch": 29, "_timestamp": 1723098143.013796, "_runtime": 10.062857151031494, "_step": 30, "validation_loss": 2.0629074573516846, "validation_accuracy": 0.875, "_wandb": {"runtime": 9}}