{"epoch/accuracy": 0.2604166567325592, "epoch/loss": 1.3895782232284546, "epoch/val_accuracy": 0.25, "epoch/val_loss": 1.3936351537704468, "epoch/epoch": 299, "_timestamp": 1723097711.3043523, "_runtime": 19.051311254501343, "_step": 300, "validation_loss": 1.3936351537704468, "validation_accuracy": 0.25, "_wandb": {"runtime": 18}}