{"epoch/accuracy": 1.0, "epoch/loss": 0.00028603948885574937, "epoch/val_accuracy": 0.9583333134651184, "epoch/val_loss": 0.207245334982872, "epoch/epoch": 149, "_timestamp": 1723089820.208518, "_runtime": 14.390742063522339, "_step": 150, "validation_loss": 0.207245334982872, "validation_accuracy": 0.9583333134651184, "_wandb": {"runtime": 14}}