{"epoch/accuracy": 0.8541666865348816, "epoch/loss": 0.49490413069725037, "epoch/val_accuracy": 0.75, "epoch/val_loss": 0.5638999342918396, "epoch/epoch": 299, "_timestamp": 1723104351.4848685, "_runtime": 19.399953603744507, "_step": 300, "validation_loss": 0.5638999342918396, "validation_accuracy": 0.75, "_wandb": {"runtime": 19}}