{"epoch/accuracy": 0.75, "epoch/loss": 0.7317562103271484, "epoch/val_accuracy": 0.8333333134651184, "epoch/val_loss": 0.5069143176078796, "epoch/epoch": 49, "_timestamp": 1723078837.686879, "_runtime": 17.589118003845215, "_step": 50, "validation_loss": 0.5069143176078796, "validation_accuracy": 0.8333333134651184, "_wandb": {"runtime": 17}}