{"epoch/accuracy": 0.3125, "epoch/loss": 1.3147624731063843, "epoch/val_accuracy": 0.25, "epoch/val_loss": 1.3797459602355957, "epoch/epoch": 299, "_timestamp": 1723121420.1487565, "_runtime": 52.0436315536499, "_step": 300, "validation_loss": 1.3797460794448853, "validation_accuracy": 0.25, "_wandb": {"runtime": 51}}