{"epoch/accuracy": 1.0, "epoch/loss": 0.00014645446208305657, "epoch/val_accuracy": 1.0, "epoch/val_loss": 0.016029467806220055, "epoch/epoch": 299, "_timestamp": 1723120012.4766746, "_runtime": 27.067468643188477, "_step": 300, "validation_loss": 0.016029467806220055, "validation_accuracy": 1.0, "_wandb": {"runtime": 26}}