{"epoch/accuracy": 0.9270833134651184, "epoch/loss": 0.1577121764421463, "epoch/val_accuracy": 0.9166666865348816, "epoch/val_loss": 0.2315843105316162, "epoch/epoch": 299, "_timestamp": 1723108707.2807965, "_runtime": 18.719573497772217, "_step": 300, "validation_loss": 0.2315843105316162, "validation_accuracy": 0.9166666865348816, "_wandb": {"runtime": 18}}