{"epoch/accuracy": 1.0, "epoch/loss": 0.015761973336338997, "epoch/val_accuracy": 0.9583333134651184, "epoch/val_loss": 0.16043339669704437, "epoch/epoch": 99, "_timestamp": 1723098087.552212, "_runtime": 11.576977014541626, "_step": 100, "validation_loss": 0.16043339669704437, "validation_accuracy": 0.9583333134651184, "_wandb": {"runtime": 11}}