{"epoch/accuracy": 0.9895833134651184, "epoch/loss": 0.050418347120285034, "epoch/val_accuracy": 0.9166666865348816, "epoch/val_loss": 1.0744271278381348, "epoch/epoch": 69, "_timestamp": 1723111433.298565, "_runtime": 10.88642692565918, "_step": 70, "validation_loss": 1.0744271278381348, "validation_accuracy": 0.9166666865348816, "_wandb": {"runtime": 10}}