{"epoch/accuracy": 0.9479166865348816, "epoch/loss": 1.3938137292861938, "epoch/val_accuracy": 0.875, "epoch/val_loss": 4.076025485992432, "epoch/epoch": 69, "_timestamp": 1723110046.2701175, "_runtime": 10.71717643737793, "_step": 70, "validation_loss": 4.076025485992432, "validation_accuracy": 0.875, "_wandb": {"runtime": 10}}