{"epoch/accuracy": 0.3125, "epoch/loss": 1.348817229270935, "epoch/val_accuracy": 0.5, "epoch/val_loss": 1.33877694606781, "epoch/epoch": 29, "_timestamp": 1723114760.25348, "_runtime": 9.750015020370483, "_step": 30, "validation_loss": 1.33877694606781, "validation_accuracy": 0.5, "_wandb": {"runtime": 9}}