{"epoch/accuracy": 0.59375, "epoch/loss": 1.0538089275360107, "epoch/val_accuracy": 0.75, "epoch/val_loss": 0.8529362678527832, "epoch/epoch": 99, "_timestamp": 1723107400.9670277, "_runtime": 11.930534601211548, "_step": 100, "validation_loss": 0.8529362678527832, "validation_accuracy": 0.75, "_wandb": {"runtime": 11}}