{"epoch/accuracy": 1.0, "epoch/loss": 0.002223287709057331, "epoch/val_accuracy": 0.9583333134651184, "epoch/val_loss": 0.12894685566425323, "epoch/epoch": 299, "_timestamp": 1723121104.8809767, "_runtime": 49.816041707992554, "_step": 300, "validation_loss": 0.12894685566425323, "validation_accuracy": 0.9583333134651184, "_wandb": {"runtime": 49}}