{"epoch/accuracy": 0.9583333134651184, "epoch/loss": 0.409523606300354, "epoch/val_accuracy": 0.9166666865348816, "epoch/val_loss": 0.12462053447961807, "epoch/epoch": 69, "_timestamp": 1723102374.1518047, "_runtime": 11.450118780136108, "_step": 70, "validation_loss": 0.12462053447961807, "validation_accuracy": 0.9166666865348816, "_wandb": {"runtime": 11}}