{"epoch/accuracy": 0.3333333432674408, "epoch/loss": 1.471530556678772, "epoch/val_accuracy": 0.3333333432674408, "epoch/val_loss": 1.363573431968689, "epoch/epoch": 49, "_timestamp": 1723081971.4652677, "_runtime": 17.420839548110962, "_step": 50, "validation_loss": 1.363573431968689, "validation_accuracy": 0.3333333432674408, "_wandb": {"runtime": 16}}