{"epoch/accuracy": 0.8958333134651184, "epoch/loss": 0.2381637692451477, "epoch/val_accuracy": 0.9166666865348816, "epoch/val_loss": 0.1872238665819168, "epoch/epoch": 99, "_timestamp": 1723087882.4286454, "_runtime": 12.579284429550171, "_step": 100, "validation_loss": 0.1872238665819168, "validation_accuracy": 0.9166666865348816, "_wandb": {"runtime": 12}}