{"epoch/accuracy": 0.96875, "epoch/loss": 0.049817200750112534, "epoch/val_accuracy": 0.9583333134651184, "epoch/val_loss": 0.2118852734565735, "epoch/epoch": 599, "_timestamp": 1723089920.0418372, "_runtime": 29.78097128868103, "_step": 600, "validation_loss": 0.2118852734565735, "validation_accuracy": 0.9583333134651184, "_wandb": {"runtime": 29}}