{"epoch/accuracy": 1.0, "epoch/loss": 0.097707599401474, "epoch/val_accuracy": 0.9583333134651184, "epoch/val_loss": 0.20668445527553558, "epoch/epoch": 299, "_timestamp": 1723100234.7705035, "_runtime": 19.076525449752808, "_step": 300, "validation_loss": 0.20668445527553558, "validation_accuracy": 0.9583333134651184, "_wandb": {"runtime": 18}}