{"epoch/accuracy": 0.75, "epoch/loss": 0.6605101227760315, "epoch/val_accuracy": 0.7916666865348816, "epoch/val_loss": 0.6809684634208679, "epoch/epoch": 99, "_timestamp": 1723091601.9800606, "_runtime": 12.081217527389526, "_step": 100, "validation_loss": 0.6809684634208679, "validation_accuracy": 0.7916666865348816, "_wandb": {"runtime": 11}}