{"epoch/accuracy": 1.0, "epoch/loss": 0.0039503313601017, "epoch/val_accuracy": 0.875, "epoch/val_loss": 1.3142969608306885, "epoch/epoch": 69, "_timestamp": 1723089755.2700412, "_runtime": 10.634588241577148, "_step": 70, "validation_loss": 1.3142969608306885, "validation_accuracy": 0.875, "_wandb": {"runtime": 10}}