{"epoch/accuracy": 0.9166666865348816, "epoch/loss": 0.9367483258247375, "epoch/val_accuracy": 0.9166666865348816, "epoch/val_loss": 0.15686680376529694, "epoch/epoch": 69, "_timestamp": 1723098264.781507, "_runtime": 11.396260976791382, "_step": 70, "validation_loss": 0.15686680376529694, "validation_accuracy": 0.9166666865348816, "_wandb": {"runtime": 11}}