{"epoch/accuracy": 0.9479166865348816, "epoch/loss": 0.20017600059509277, "epoch/val_accuracy": 0.9583333134651184, "epoch/val_loss": 0.2581340968608856, "epoch/epoch": 49, "_timestamp": 1723095717.4596438, "_runtime": 10.39066481590271, "_step": 50, "validation_loss": 0.2581340968608856, "validation_accuracy": 0.9583333134651184, "_wandb": {"runtime": 9}}