{"epoch/accuracy": 1.0, "epoch/loss": 0.10915994644165039, "epoch/val_accuracy": 0.9583333134651184, "epoch/val_loss": 0.21434028446674347, "epoch/epoch": 29, "_timestamp": 1723079454.2176611, "_runtime": 15.925091028213501, "_step": 30, "validation_loss": 0.21434028446674347, "validation_accuracy": 0.9583333134651184, "_wandb": {"runtime": 15}}