{"epoch/accuracy": 1.0, "epoch/loss": 0.0001377313892589882, "epoch/val_accuracy": 0.9583333134651184, "epoch/val_loss": 0.274704247713089, "epoch/epoch": 599, "_timestamp": 1723117317.109909, "_runtime": 34.42635917663574, "_step": 600, "validation_loss": 0.274704247713089, "validation_accuracy": 0.9583333134651184, "_wandb": {"runtime": 34}}