{"epoch/accuracy": 0.7708333134651184, "epoch/loss": 0.775183916091919, "epoch/val_accuracy": 0.7916666865348816, "epoch/val_loss": 0.7986626625061035, "epoch/epoch": 149, "_timestamp": 1723117539.2063642, "_runtime": 16.067055225372314, "_step": 150, "validation_loss": 0.7986626625061035, "validation_accuracy": 0.7916666865348816, "_wandb": {"runtime": 15}}