{"epoch/accuracy": 1.0, "epoch/loss": 0.023487096652388573, "epoch/val_accuracy": 0.9166666865348816, "epoch/val_loss": 0.4464116394519806, "epoch/epoch": 29, "_timestamp": 1723117706.0674546, "_runtime": 9.940044641494751, "_step": 30, "validation_loss": 0.4464116394519806, "validation_accuracy": 0.9166666865348816, "_wandb": {"runtime": 9}}