{"epoch/accuracy": 0.8541666865348816, "epoch/loss": 0.5548865795135498, "epoch/val_accuracy": 0.75, "epoch/val_loss": 0.7448603510856628, "epoch/epoch": 29, "_timestamp": 1723095288.7433133, "_runtime": 10.226712226867676, "_step": 30, "validation_loss": 0.7448603510856628, "validation_accuracy": 0.75, "_wandb": {"runtime": 9}}