{"epoch/accuracy": 0.9375, "epoch/loss": 1.439329981803894, "epoch/val_accuracy": 0.9166666865348816, "epoch/val_loss": 1.4045969247817993, "epoch/epoch": 99, "_timestamp": 1723094547.1462908, "_runtime": 11.776752710342407, "_step": 100, "validation_loss": 1.4045969247817993, "validation_accuracy": 0.9166666865348816, "_wandb": {"runtime": 11}}