{"epoch/accuracy": 0.96875, "epoch/loss": 0.6306315660476685, "epoch/val_accuracy": 1.0, "epoch/val_loss": 0.0, "epoch/epoch": 599, "_timestamp": 1723103852.505121, "_runtime": 29.865148067474365, "_step": 600, "validation_loss": 0.0, "validation_accuracy": 1.0, "_wandb": {"runtime": 29}}