{"epoch/accuracy": 0.9791666865348816, "epoch/loss": 0.11527828127145767, "epoch/val_accuracy": 0.9583333134651184, "epoch/val_loss": 0.23337602615356445, "epoch/epoch": 29, "_timestamp": 1723089037.073977, "_runtime": 10.01905608177185, "_step": 30, "validation_loss": 0.23337602615356445, "validation_accuracy": 0.9583333134651184, "_wandb": {"runtime": 9}}