{"epoch/accuracy": 0.8958333134651184, "epoch/loss": 0.40370941162109375, "epoch/val_accuracy": 0.9166666865348816, "epoch/val_loss": 0.3598099648952484, "epoch/epoch": 49, "_timestamp": 1723112228.3719394, "_runtime": 10.88567852973938, "_step": 50, "validation_loss": 0.3598099648952484, "validation_accuracy": 0.9166666865348816, "_wandb": {"runtime": 10}}