{"epoch/accuracy": 0.7708333134651184, "epoch/loss": 0.7285001277923584, "epoch/val_accuracy": 0.7083333134651184, "epoch/val_loss": 0.7738017439842224, "epoch/epoch": 29, "_timestamp": 1723089020.6783667, "_runtime": 9.500713586807251, "_step": 30, "validation_loss": 0.7738017439842224, "validation_accuracy": 0.7083333134651184, "_wandb": {"runtime": 9}}