{"epoch/accuracy": 0.5833333134651184, "epoch/loss": 0.9202484488487244, "epoch/val_accuracy": 0.9166666865348816, "epoch/val_loss": 0.7868695259094238, "epoch/epoch": 99, "_timestamp": 1723109516.0934377, "_runtime": 12.28713059425354, "_step": 100, "validation_loss": 0.7868695259094238, "validation_accuracy": 0.9166666865348816, "_wandb": {"runtime": 11}}