{"epoch/accuracy": 0.9479166865348816, "epoch/loss": 0.15875811874866486, "epoch/val_accuracy": 0.9583333134651184, "epoch/val_loss": 0.17017346620559692, "epoch/epoch": 29, "_timestamp": 1723114519.806483, "_runtime": 10.746859073638916, "_step": 30, "validation_loss": 0.17017346620559692, "validation_accuracy": 0.9583333134651184, "_wandb": {"runtime": 10}}