{"epoch/accuracy": 0.8958333134651184, "epoch/loss": 0.40146851539611816, "epoch/val_accuracy": 0.9583333134651184, "epoch/val_loss": 0.40439572930336, "epoch/epoch": 99, "_timestamp": 1723083809.75491, "_runtime": 20.69266390800476, "_step": 100, "validation_loss": 0.40439572930336, "validation_accuracy": 0.9583333134651184, "_wandb": {"runtime": 20}}