{"epoch/accuracy": 0.8958333134651184, "epoch/loss": 0.25567981600761414, "epoch/val_accuracy": 0.875, "epoch/val_loss": 0.3225753605365753, "epoch/epoch": 69, "_timestamp": 1723115458.249133, "_runtime": 11.05440902709961, "_step": 70, "validation_loss": 0.3225753605365753, "validation_accuracy": 0.875, "_wandb": {"runtime": 10}}