{"epoch/accuracy": 0.71875, "epoch/loss": 4.964383125305176, "epoch/val_accuracy": 0.9166666865348816, "epoch/val_loss": 0.30501607060432434, "epoch/epoch": 49, "_timestamp": 1723114971.1327567, "_runtime": 10.966120719909668, "_step": 50, "validation_loss": 0.30501607060432434, "validation_accuracy": 0.9166666865348816, "_wandb": {"runtime": 10}}