{"epoch/accuracy": 1.0, "epoch/loss": 0.03666076436638832, "epoch/val_accuracy": 0.9583333134651184, "epoch/val_loss": 0.20632384717464447, "epoch/epoch": 599, "_timestamp": 1723091986.729245, "_runtime": 28.91969084739685, "_step": 600, "validation_loss": 0.20632384717464447, "validation_accuracy": 0.9583333134651184, "_wandb": {"runtime": 28}}