{"epoch/accuracy": 1.0, "epoch/loss": 0.00039940522401593626, "epoch/val_accuracy": 0.9583333134651184, "epoch/val_loss": 0.105614073574543, "epoch/epoch": 49, "_timestamp": 1723117145.9194603, "_runtime": 12.111940383911133, "_step": 50, "validation_loss": 0.105614073574543, "validation_accuracy": 0.9583333134651184, "_wandb": {"runtime": 11}}