{"epoch/accuracy": 0.9166666865348816, "epoch/loss": 0.33971333503723145, "epoch/val_accuracy": 0.9166666865348816, "epoch/val_loss": 0.38645270466804504, "epoch/epoch": 599, "_timestamp": 1723090145.5421927, "_runtime": 28.681742668151855, "_step": 600, "validation_loss": 0.38645270466804504, "validation_accuracy": 0.9166666865348816, "_wandb": {"runtime": 28}}