{"epoch/accuracy": 0.96875, "epoch/loss": 0.10207154601812363, "epoch/val_accuracy": 0.9166666865348816, "epoch/val_loss": 0.21666257083415985, "epoch/epoch": 599, "_timestamp": 1723115579.2134573, "_runtime": 29.799285411834717, "_step": 600, "validation_loss": 0.21666257083415985, "validation_accuracy": 0.9166666865348816, "_wandb": {"runtime": 29}}