{"epoch/accuracy": 0.9895833134651184, "epoch/loss": 0.011796732433140278, "epoch/val_accuracy": 0.9166666865348816, "epoch/val_loss": 0.15830831229686737, "epoch/epoch": 69, "_timestamp": 1723092441.9720984, "_runtime": 10.782044410705566, "_step": 70, "validation_loss": 0.15830831229686737, "validation_accuracy": 0.9166666865348816, "_wandb": {"runtime": 10}}