{"epoch/accuracy": 0.5, "epoch/loss": 1.2081669569015503, "epoch/val_accuracy": 0.4166666567325592, "epoch/val_loss": 1.2544175386428833, "epoch/epoch": 49, "_timestamp": 1723106378.8972774, "_runtime": 10.733729362487793, "_step": 50, "validation_loss": 1.2544175386428833, "validation_accuracy": 0.4166666567325592, "_wandb": {"runtime": 10}}