{"epoch/accuracy": 1.0, "epoch/loss": 0.0038288591895252466, "epoch/val_accuracy": 0.9583333134651184, "epoch/val_loss": 0.2978549301624298, "epoch/epoch": 29, "_timestamp": 1723077894.9321544, "_runtime": 12.456668376922607, "_step": 30, "validation_loss": 0.2978549301624298, "validation_accuracy": 0.9583333134651184, "_wandb": {"runtime": 11}}