{"epoch/accuracy": 0.96875, "epoch/loss": 0.09953445196151733, "epoch/val_accuracy": 0.9583333134651184, "epoch/val_loss": 0.2068082094192505, "epoch/epoch": 299, "_timestamp": 1723107447.9414494, "_runtime": 18.181816339492798, "_step": 300, "validation_loss": 0.2068082094192505, "validation_accuracy": 0.9583333134651184, "_wandb": {"runtime": 17}}