{"epoch/accuracy": 0.7395833134651184, "epoch/loss": 0.8357636332511902, "epoch/val_accuracy": 0.625, "epoch/val_loss": 0.9742085337638855, "epoch/epoch": 29, "_timestamp": 1723075764.6544516, "_runtime": 10.043365716934204, "_step": 30, "validation_loss": 0.9742085337638855, "validation_accuracy": 0.625, "_wandb": {"runtime": 9}}