{"epoch/accuracy": 0.7395833134651184, "epoch/loss": 0.9368181228637695, "epoch/val_accuracy": 0.7083333134651184, "epoch/val_loss": 1.0671976804733276, "epoch/epoch": 69, "_timestamp": 1723119572.649041, "_runtime": 18.057406902313232, "_step": 70, "validation_loss": 1.0671976804733276, "validation_accuracy": 0.7083333134651184, "_wandb": {"runtime": 17}}