{"epoch/accuracy": 1.0, "epoch/loss": 0.0003049149818252772, "epoch/val_accuracy": 0.9166666865348816, "epoch/val_loss": 0.32569655776023865, "epoch/epoch": 599, "_timestamp": 1723104282.440091, "_runtime": 28.41780996322632, "_step": 600, "validation_loss": 0.32569655776023865, "validation_accuracy": 0.9166666865348816, "_wandb": {"runtime": 28}}