{"epoch/accuracy": 1.0, "epoch/loss": 2.2833526145404903e-06, "epoch/val_accuracy": 0.875, "epoch/val_loss": 8.502324104309082, "epoch/epoch": 99, "_timestamp": 1723076054.914007, "_runtime": 13.23856806755066, "_step": 100, "validation_loss": 8.502324104309082, "validation_accuracy": 0.875, "_wandb": {"runtime": 12}}