{"epoch/accuracy": 0.75, "epoch/loss": 0.6608238816261292, "epoch/val_accuracy": 0.875, "epoch/val_loss": 0.5357207655906677, "epoch/epoch": 299, "_timestamp": 1723107796.8443139, "_runtime": 19.496415853500366, "_step": 300, "validation_loss": 0.5357207655906677, "validation_accuracy": 0.875, "_wandb": {"runtime": 19}}