{"epoch/accuracy": 0.6770833134651184, "epoch/loss": 0.7188580632209778, "epoch/val_accuracy": 0.6666666865348816, "epoch/val_loss": 0.5939479470252991, "epoch/epoch": 299, "_timestamp": 1723119227.4928288, "_runtime": 26.87178874015808, "_step": 300, "validation_loss": 0.5939479470252991, "validation_accuracy": 0.6666666865348816, "_wandb": {"runtime": 26}}