{"epoch/accuracy": 0.5625, "epoch/loss": 0.9754565358161926, "epoch/val_accuracy": 0.9166666865348816, "epoch/val_loss": 0.6285896301269531, "epoch/epoch": 49, "_timestamp": 1723114132.873769, "_runtime": 10.033599138259888, "_step": 50, "validation_loss": 0.6285896301269531, "validation_accuracy": 0.9166666865348816, "_wandb": {"runtime": 9}}