{"epoch/accuracy": 0.2395833283662796, "epoch/loss": 1.3719621896743774, "epoch/val_accuracy": 0.25, "epoch/val_loss": 1.3996607065200806, "epoch/epoch": 149, "_timestamp": 1723098955.64135, "_runtime": 13.913779020309448, "_step": 150, "validation_loss": 1.3996607065200806, "validation_accuracy": 0.25, "_wandb": {"runtime": 13}}