{"epoch/accuracy": 0.2395833283662796, "epoch/loss": 1.3712416887283325, "epoch/val_accuracy": 0.25, "epoch/val_loss": 1.3998085260391235, "epoch/epoch": 599, "_timestamp": 1723104246.7506351, "_runtime": 28.87995719909668, "_step": 600, "validation_loss": 1.3998085260391235, "validation_accuracy": 0.25, "_wandb": {"runtime": 28}}