{"epoch/accuracy": 0.625, "epoch/loss": 0.833687961101532, "epoch/val_accuracy": 0.8333333134651184, "epoch/val_loss": 0.7927038669586182, "epoch/epoch": 299, "_timestamp": 1723102734.6053057, "_runtime": 19.183440685272217, "_step": 300, "validation_loss": 0.7927038669586182, "validation_accuracy": 0.8333333134651184, "_wandb": {"runtime": 18}}