{"epoch/accuracy": 0.9583333134651184, "epoch/loss": 0.3694002330303192, "epoch/val_accuracy": 1.0, "epoch/val_loss": 0.4400547444820404, "epoch/epoch": 69, "_timestamp": 1723118809.558814, "_runtime": 18.599220991134644, "_step": 70, "validation_loss": 0.4400547444820404, "validation_accuracy": 1.0, "_wandb": {"runtime": 17}}