{"epoch/accuracy": 0.7708333134651184, "epoch/loss": 0.9197958111763, "epoch/val_accuracy": 0.7083333134651184, "epoch/val_loss": 0.9609630703926086, "epoch/epoch": 49, "_timestamp": 1723089083.3835528, "_runtime": 10.321258783340454, "_step": 50, "validation_loss": 0.9609630703926086, "validation_accuracy": 0.7083333134651184, "_wandb": {"runtime": 9}}