{"epoch/accuracy": 0.96875, "epoch/loss": 0.08176048845052719, "epoch/val_accuracy": 0.9166666865348816, "epoch/val_loss": 0.3661208152770996, "epoch/epoch": 99, "_timestamp": 1723093757.3622737, "_runtime": 11.788489580154419, "_step": 100, "validation_loss": 0.3661208152770996, "validation_accuracy": 0.9166666865348816, "_wandb": {"runtime": 11}}