{"epoch/accuracy": 0.9583333134651184, "epoch/loss": 7.264991760253906, "epoch/val_accuracy": 0.9583333134651184, "epoch/val_loss": 30.934423446655273, "epoch/epoch": 99, "_timestamp": 1723115910.8678465, "_runtime": 12.962765455245972, "_step": 100, "validation_loss": 30.934423446655273, "validation_accuracy": 0.9583333134651184, "_wandb": {"runtime": 12}}