{"epoch/accuracy": 0.9791666865348816, "epoch/loss": 0.04355936869978905, "epoch/val_accuracy": 0.9583333134651184, "epoch/val_loss": 0.17202670872211456, "epoch/epoch": 49, "_timestamp": 1723078887.2476864, "_runtime": 16.44915533065796, "_step": 50, "validation_loss": 0.17202670872211456, "validation_accuracy": 0.9583333134651184, "_wandb": {"runtime": 16}}