{"epoch/accuracy": 1.0, "epoch/loss": 0.05581289902329445, "epoch/val_accuracy": 0.9583333134651184, "epoch/val_loss": 0.20112042129039764, "epoch/epoch": 69, "_timestamp": 1723106071.3782077, "_runtime": 10.761983633041382, "_step": 70, "validation_loss": 0.20112042129039764, "validation_accuracy": 0.9583333134651184, "_wandb": {"runtime": 10}}