{"epoch/accuracy": 0.9895833134651184, "epoch/loss": 0.06389529258012772, "epoch/val_accuracy": 0.9583333134651184, "epoch/val_loss": 0.10082664340734482, "epoch/epoch": 599, "_timestamp": 1723088270.7958906, "_runtime": 27.734649658203125, "_step": 600, "validation_loss": 0.10082664340734482, "validation_accuracy": 0.9583333134651184, "_wandb": {"runtime": 27}}