{"epoch/accuracy": 0.9895833134651184, "epoch/loss": 0.08918794989585876, "epoch/val_accuracy": 0.9583333134651184, "epoch/val_loss": 0.1496686339378357, "epoch/epoch": 299, "_timestamp": 1723109727.951723, "_runtime": 19.064429998397827, "_step": 300, "validation_loss": 0.1496686339378357, "validation_accuracy": 0.9583333134651184, "_wandb": {"runtime": 18}}