{"epoch/accuracy": 0.9791666865348816, "epoch/loss": 0.027081884443759918, "epoch/val_accuracy": 0.9166666865348816, "epoch/val_loss": 0.19680656492710114, "epoch/epoch": 49, "_timestamp": 1723082273.389916, "_runtime": 16.182041883468628, "_step": 50, "validation_loss": 0.19680659472942352, "validation_accuracy": 0.9166666865348816, "_wandb": {"runtime": 15}}