{"epoch/accuracy": 0.6041666865348816, "epoch/loss": 0.9789600968360901, "epoch/val_accuracy": 0.8333333134651184, "epoch/val_loss": 0.9845900535583496, "epoch/epoch": 599, "_timestamp": 1723090212.9360576, "_runtime": 29.23218560218811, "_step": 600, "validation_loss": 0.9845900535583496, "validation_accuracy": 0.8333333134651184, "_wandb": {"runtime": 28}}