{"epoch/accuracy": 0.9479166865348816, "epoch/loss": 0.15782630443572998, "epoch/val_accuracy": 0.875, "epoch/val_loss": 0.906693160533905, "epoch/epoch": 49, "_timestamp": 1723106323.1356251, "_runtime": 10.756257057189941, "_step": 50, "validation_loss": 0.906693160533905, "validation_accuracy": 0.875, "_wandb": {"runtime": 10}}