{"epoch/accuracy": 1.0, "epoch/loss": 0.002844431670382619, "epoch/val_accuracy": 0.9166666865348816, "epoch/val_loss": 1.0086140632629395, "epoch/epoch": 149, "_timestamp": 1723090986.6414878, "_runtime": 15.244081735610962, "_step": 150, "validation_loss": 1.0086140632629395, "validation_accuracy": 0.9166666865348816, "_wandb": {"runtime": 13}}