{"epoch/accuracy": 0.2604166567325592, "epoch/loss": 1.9026933908462524, "epoch/val_accuracy": 0.25, "epoch/val_loss": 1.3912023305892944, "epoch/epoch": 299, "_timestamp": 1723098651.7833536, "_runtime": 20.562705516815186, "_step": 300, "validation_loss": 1.3912023305892944, "validation_accuracy": 0.25, "_wandb": {"runtime": 19}}