{"epoch/accuracy": 0.8645833134651184, "epoch/loss": 0.3410419523715973, "epoch/val_accuracy": 0.9583333134651184, "epoch/val_loss": 0.13082395493984222, "epoch/epoch": 69, "_timestamp": 1723114212.487877, "_runtime": 10.895406007766724, "_step": 70, "validation_loss": 0.13082395493984222, "validation_accuracy": 0.9583333134651184, "_wandb": {"runtime": 10}}