{"epoch/accuracy": 1.0, "epoch/loss": 0.017774488776922226, "epoch/val_accuracy": 0.9583333134651184, "epoch/val_loss": 0.12476751953363419, "epoch/epoch": 149, "_timestamp": 1723108777.1577408, "_runtime": 15.601608753204346, "_step": 150, "validation_loss": 0.12476751953363419, "validation_accuracy": 0.9583333134651184, "_wandb": {"runtime": 14}}