{"epoch/accuracy": 0.28125, "epoch/loss": 1.5642224550247192, "epoch/val_accuracy": 0.4583333432674408, "epoch/val_loss": 1.316319227218628, "epoch/epoch": 149, "_timestamp": 1723104458.5365536, "_runtime": 13.983907699584961, "_step": 150, "validation_loss": 1.316319227218628, "validation_accuracy": 0.4583333432674408, "_wandb": {"runtime": 13}}