{"epoch/accuracy": 0.8229166865348816, "epoch/loss": 75.21234130859375, "epoch/val_accuracy": 0.875, "epoch/val_loss": 19.925214767456055, "epoch/epoch": 69, "_timestamp": 1723084497.0604477, "_runtime": 12.126742601394653, "_step": 70, "validation_loss": 19.925214767456055, "validation_accuracy": 0.875, "_wandb": {"runtime": 11}}