{"epoch/accuracy": 1.0, "epoch/loss": 0.004870512988418341, "epoch/val_accuracy": 0.9166666865348816, "epoch/val_loss": 0.3082221746444702, "epoch/epoch": 149, "_timestamp": 1723082218.611218, "_runtime": 22.44327187538147, "_step": 150, "validation_loss": 0.3082221746444702, "validation_accuracy": 0.9166666865348816, "_wandb": {"runtime": 21}}