{"epoch/accuracy": 0.84375, "epoch/loss": 0.4753555357456207, "epoch/val_accuracy": 0.9583333134651184, "epoch/val_loss": 0.281545490026474, "epoch/epoch": 299, "_timestamp": 1723112054.585586, "_runtime": 18.925875186920166, "_step": 300, "validation_loss": 0.281545490026474, "validation_accuracy": 0.9583333134651184, "_wandb": {"runtime": 18}}