{"epoch/accuracy": 1.0, "epoch/loss": 0.008527597412467003, "epoch/val_accuracy": 0.9583333134651184, "epoch/val_loss": 0.11769776791334152, "epoch/epoch": 69, "_timestamp": 1723090741.0929368, "_runtime": 11.424891710281372, "_step": 70, "validation_loss": 0.11769777536392212, "validation_accuracy": 0.9583333134651184, "_wandb": {"runtime": 11}}