{"epoch/accuracy": 1.0, "epoch/loss": 0.009515681304037571, "epoch/val_accuracy": 0.9583333134651184, "epoch/val_loss": 0.10352551937103271, "epoch/epoch": 69, "_timestamp": 1723117761.7712939, "_runtime": 11.926537990570068, "_step": 70, "validation_loss": 0.10352551937103271, "validation_accuracy": 0.9583333134651184, "_wandb": {"runtime": 11}}