{"epoch/accuracy": 1.0, "epoch/loss": 0.017006544396281242, "epoch/val_accuracy": 0.9583333134651184, "epoch/val_loss": 0.17343701422214508, "epoch/epoch": 149, "_timestamp": 1723087313.4970028, "_runtime": 13.1318678855896, "_step": 150, "validation_loss": 0.17343704402446747, "validation_accuracy": 0.9583333134651184, "_wandb": {"runtime": 12}}