{"epoch/accuracy": 0.9895833134651184, "epoch/loss": 0.04121596738696098, "epoch/val_accuracy": 0.9583333134651184, "epoch/val_loss": 0.23575256764888763, "epoch/epoch": 149, "_timestamp": 1723110506.5118327, "_runtime": 14.778529644012451, "_step": 150, "validation_loss": 0.23575253784656525, "validation_accuracy": 0.9583333134651184, "_wandb": {"runtime": 14}}