{"epoch/accuracy": 0.8958333134651184, "epoch/loss": 0.44136810302734375, "epoch/val_accuracy": 0.8333333134651184, "epoch/val_loss": 0.46913614869117737, "epoch/epoch": 69, "_timestamp": 1723102602.970597, "_runtime": 10.81101393699646, "_step": 70, "validation_loss": 0.46913614869117737, "validation_accuracy": 0.8333333134651184, "_wandb": {"runtime": 10}}