{"epoch/accuracy": 0.7916666865348816, "epoch/loss": 0.6567520499229431, "epoch/val_accuracy": 0.875, "epoch/val_loss": 0.4871002733707428, "epoch/epoch": 29, "_timestamp": 1723100831.7476711, "_runtime": 9.700514078140259, "_step": 30, "validation_loss": 0.4871002733707428, "validation_accuracy": 0.875, "_wandb": {"runtime": 9}}