{"epoch/accuracy": 0.8020833134651184, "epoch/loss": 0.9469974637031555, "epoch/val_accuracy": 0.8333333134651184, "epoch/val_loss": 0.9925293326377869, "epoch/epoch": 49, "_timestamp": 1723098019.7022533, "_runtime": 10.159018278121948, "_step": 50, "validation_loss": 0.9925293326377869, "validation_accuracy": 0.8333333134651184, "_wandb": {"runtime": 9}}