{"epoch/accuracy": 0.8229166865348816, "epoch/loss": 1.4353928565979004, "epoch/val_accuracy": 0.75, "epoch/val_loss": 0.791597306728363, "epoch/epoch": 29, "_timestamp": 1723104110.0348217, "_runtime": 9.651721715927124, "_step": 30, "validation_loss": 0.791597306728363, "validation_accuracy": 0.75, "_wandb": {"runtime": 9}}