{"epoch/accuracy": 0.9583333134651184, "epoch/loss": 0.1234317198395729, "epoch/val_accuracy": 0.9166666865348816, "epoch/val_loss": 0.24598871171474457, "epoch/epoch": 69, "_timestamp": 1723093230.0002472, "_runtime": 11.395674228668213, "_step": 70, "validation_loss": 0.24598872661590576, "validation_accuracy": 0.9166666865348816, "_wandb": {"runtime": 10}}