{"epoch/accuracy": 0.4375, "epoch/loss": 1.2742345333099365, "epoch/val_accuracy": 0.4166666567325592, "epoch/val_loss": 1.270797610282898, "epoch/epoch": 49, "_timestamp": 1723075909.0926692, "_runtime": 12.525544166564941, "_step": 50, "validation_loss": 1.270797610282898, "validation_accuracy": 0.4166666567325592, "_wandb": {"runtime": 12}}