{"epoch/accuracy": 0.9791666865348816, "epoch/loss": 0.1947339028120041, "epoch/val_accuracy": 0.9583333134651184, "epoch/val_loss": 0.37053462862968445, "epoch/epoch": 99, "_timestamp": 1723105696.085261, "_runtime": 12.514823198318481, "_step": 100, "validation_loss": 0.37053462862968445, "validation_accuracy": 0.9583333134651184, "_wandb": {"runtime": 12}}