{"epoch/accuracy": 0.46875, "epoch/loss": 1.2137866020202637, "epoch/val_accuracy": 0.5, "epoch/val_loss": 1.1747328042984009, "epoch/epoch": 69, "_timestamp": 1723117686.4346027, "_runtime": 12.226585626602173, "_step": 70, "validation_loss": 1.1747328042984009, "validation_accuracy": 0.5, "_wandb": {"runtime": 11}}