{"epoch/accuracy": 0.4791666567325592, "epoch/loss": 1.2789372205734253, "epoch/val_accuracy": 0.5416666865348816, "epoch/val_loss": 1.2974458932876587, "epoch/epoch": 29, "_timestamp": 1723084563.1501455, "_runtime": 10.530007600784302, "_step": 30, "validation_loss": 1.2974458932876587, "validation_accuracy": 0.5416666865348816, "_wandb": {"runtime": 10}}