{"epoch/accuracy": 1.0, "epoch/loss": 2.4835264955669345e-09, "epoch/val_accuracy": 0.9583333134651184, "epoch/val_loss": 4.558067321777344, "epoch/epoch": 599, "_timestamp": 1723081309.5199516, "_runtime": 65.83981156349182, "_step": 600, "validation_loss": 4.558067321777344, "validation_accuracy": 0.9583333134651184, "_wandb": {"runtime": 65}}