{"epoch/accuracy": 0.3125, "epoch/loss": 1.3115415573120117, "epoch/val_accuracy": 0.2916666567325592, "epoch/val_loss": 1.3600711822509766, "epoch/epoch": 49, "_timestamp": 1723112501.5797591, "_runtime": 10.97128415107727, "_step": 50, "validation_loss": 1.3600711822509766, "validation_accuracy": 0.2916666567325592, "_wandb": {"runtime": 10}}