{"epoch/accuracy": 1.0, "epoch/loss": 0.0, "epoch/val_accuracy": 0.9583333134651184, "epoch/val_loss": 0.7203593850135803, "epoch/epoch": 49, "_timestamp": 1723092591.9821918, "_runtime": 9.968626737594604, "_step": 50, "validation_loss": 0.7203593850135803, "validation_accuracy": 0.9583333134651184, "_wandb": {"runtime": 9}}