{"epoch/accuracy": 0.8645833134651184, "epoch/loss": 0.48507484793663025, "epoch/val_accuracy": 0.9583333134651184, "epoch/val_loss": 0.1626857966184616, "epoch/epoch": 69, "_timestamp": 1723079288.896609, "_runtime": 20.115671157836914, "_step": 70, "validation_loss": 0.1626857966184616, "validation_accuracy": 0.9583333134651184, "_wandb": {"runtime": 19}}