{"epoch/accuracy": 1.0, "epoch/loss": 0.0, "epoch/val_accuracy": 0.9583333134651184, "epoch/val_loss": 11.680412292480469, "epoch/epoch": 69, "_timestamp": 1723102168.4855382, "_runtime": 10.712294340133667, "_step": 70, "validation_loss": 11.680412292480469, "validation_accuracy": 0.9583333134651184, "_wandb": {"runtime": 10}}