{"epoch/accuracy": 0.90625, "epoch/loss": 0.5320156216621399, "epoch/val_accuracy": 0.9583333134651184, "epoch/val_loss": 0.14099393784999847, "epoch/epoch": 69, "_timestamp": 1723116974.7638085, "_runtime": 11.47968339920044, "_step": 70, "validation_loss": 0.14099393784999847, "validation_accuracy": 0.9583333134651184, "_wandb": {"runtime": 11}}