{"epoch/accuracy": 0.9270833134651184, "epoch/loss": 0.44228091835975647, "epoch/val_accuracy": 1.0, "epoch/val_loss": 0.012152469716966152, "epoch/epoch": 299, "_timestamp": 1723078933.8922687, "_runtime": 37.00536561012268, "_step": 300, "validation_loss": 0.012152469716966152, "validation_accuracy": 1.0, "_wandb": {"runtime": 36}}