{"epoch/accuracy": 0.3020833432674408, "epoch/loss": 1.604405403137207, "epoch/val_accuracy": 0.25, "epoch/val_loss": 1.4019867181777954, "epoch/epoch": 69, "_timestamp": 1723095888.5174258, "_runtime": 11.479301691055298, "_step": 70, "validation_loss": 1.4019867181777954, "validation_accuracy": 0.25, "_wandb": {"runtime": 11}}