{"epoch/accuracy": 1.0, "epoch/loss": 0.06427419930696487, "epoch/val_accuracy": 0.9583333134651184, "epoch/val_loss": 0.19584707915782928, "epoch/epoch": 69, "_timestamp": 1723087674.7858758, "_runtime": 10.067586898803711, "_step": 70, "validation_loss": 0.19584707915782928, "validation_accuracy": 0.9583333134651184, "_wandb": {"runtime": 9}}