{"epoch/accuracy": 0.9895833134651184, "epoch/loss": 0.09359248727560043, "epoch/val_accuracy": 0.9166666865348816, "epoch/val_loss": 0.1941128522157669, "epoch/epoch": 149, "_timestamp": 1723101241.561669, "_runtime": 14.085338115692139, "_step": 150, "validation_loss": 0.1941128522157669, "validation_accuracy": 0.9166666865348816, "_wandb": {"runtime": 15}}