{"epoch/accuracy": 0.2708333432674408, "epoch/loss": 1.7920713424682617, "epoch/val_accuracy": 0.2083333283662796, "epoch/val_loss": 1.4888890981674194, "epoch/epoch": 49, "_timestamp": 1723103391.8627515, "_runtime": 10.700083494186401, "_step": 50, "validation_loss": 1.4888890981674194, "validation_accuracy": 0.2083333283662796, "_wandb": {"runtime": 10}}