{"epoch/accuracy": 0.9895833134651184, "epoch/loss": 0.040897201746702194, "epoch/val_accuracy": 0.9583333134651184, "epoch/val_loss": 0.1139487698674202, "epoch/epoch": 69, "_timestamp": 1723088013.1712317, "_runtime": 11.522772789001465, "_step": 70, "validation_loss": 0.1139487698674202, "validation_accuracy": 0.9583333134651184, "_wandb": {"runtime": 10}}