{"epoch/accuracy": 1.0, "epoch/loss": 0.034572724252939224, "epoch/val_accuracy": 0.9583333134651184, "epoch/val_loss": 0.11161673814058304, "epoch/epoch": 299, "_timestamp": 1723092245.8646793, "_runtime": 18.89948034286499, "_step": 300, "validation_loss": 0.11161673814058304, "validation_accuracy": 0.9583333134651184, "_wandb": {"runtime": 18}}