{"epoch/accuracy": 1.0, "epoch/loss": 0.0013017411110922694, "epoch/val_accuracy": 0.9583333134651184, "epoch/val_loss": 0.21200384199619293, "epoch/epoch": 149, "_timestamp": 1723085760.292896, "_runtime": 16.2972891330719, "_step": 150, "validation_loss": 0.21200384199619293, "validation_accuracy": 0.9583333134651184, "_wandb": {"runtime": 15}}