{"epoch/accuracy": 0.9791666865348816, "epoch/loss": 0.06149284169077873, "epoch/val_accuracy": 0.9166666865348816, "epoch/val_loss": 0.2021770030260086, "epoch/epoch": 599, "_timestamp": 1723088160.2451298, "_runtime": 29.29807686805725, "_step": 600, "validation_loss": 0.2021770030260086, "validation_accuracy": 0.9166666865348816, "_wandb": {"runtime": 28}}