{"epoch/accuracy": 0.2708333432674408, "epoch/loss": 1.5536890029907227, "epoch/val_accuracy": 0.5, "epoch/val_loss": 1.267281413078308, "epoch/epoch": 299, "_timestamp": 1723113453.798843, "_runtime": 19.593858003616333, "_step": 300, "validation_loss": 1.267281413078308, "validation_accuracy": 0.5, "_wandb": {"runtime": 19}}