{"epoch/accuracy": 0.90625, "epoch/loss": 0.32052138447761536, "epoch/val_accuracy": 0.9583333134651184, "epoch/val_loss": 0.35827502608299255, "epoch/epoch": 299, "_timestamp": 1723090544.4017327, "_runtime": 18.58108878135681, "_step": 300, "validation_loss": 0.35827502608299255, "validation_accuracy": 0.9583333134651184, "_wandb": {"runtime": 18}}