{"epoch/accuracy": 0.7708333134651184, "epoch/loss": 0.6916711926460266, "epoch/val_accuracy": 0.9166666865348816, "epoch/val_loss": 0.6664888262748718, "epoch/epoch": 149, "_timestamp": 1723101180.6823466, "_runtime": 14.807840585708618, "_step": 150, "validation_loss": 0.6664888262748718, "validation_accuracy": 0.9166666865348816, "_wandb": {"runtime": 14}}