{"epoch/accuracy": 0.9791666865348816, "epoch/loss": 0.10122693330049515, "epoch/val_accuracy": 0.9583333134651184, "epoch/val_loss": 0.16726261377334595, "epoch/epoch": 299, "_timestamp": 1723101630.0125325, "_runtime": 19.307173490524292, "_step": 300, "validation_loss": 0.16726261377334595, "validation_accuracy": 0.9583333134651184, "_wandb": {"runtime": 18}}