{"epoch/accuracy": 0.875, "epoch/loss": 0.5059349536895752, "epoch/val_accuracy": 0.9166666865348816, "epoch/val_loss": 0.16027012467384338, "epoch/epoch": 69, "_timestamp": 1723078533.7801034, "_runtime": 20.167309522628784, "_step": 70, "validation_loss": 0.16027012467384338, "validation_accuracy": 0.9166666865348816, "_wandb": {"runtime": 19}}