{"epoch/accuracy": 0.8854166865348816, "epoch/loss": 0.5355234742164612, "epoch/val_accuracy": 0.9166666865348816, "epoch/val_loss": 0.6754071116447449, "epoch/epoch": 69, "_timestamp": 1723082379.2841566, "_runtime": 19.127206563949585, "_step": 70, "validation_loss": 0.6754071116447449, "validation_accuracy": 0.9166666865348816, "_wandb": {"runtime": 18}}