{"epoch/accuracy": 0.9791666865348816, "epoch/loss": 0.17126798629760742, "epoch/val_accuracy": 0.9583333134651184, "epoch/val_loss": 0.1727169007062912, "epoch/epoch": 99, "_timestamp": 1723119167.970333, "_runtime": 17.99722719192505, "_step": 100, "validation_loss": 0.1727168709039688, "validation_accuracy": 0.9583333134651184, "_wandb": {"runtime": 17}}