{"epoch/accuracy": 0.9375, "epoch/loss": 0.34507647156715393, "epoch/val_accuracy": 0.9166666865348816, "epoch/val_loss": 0.36857354640960693, "epoch/epoch": 99, "_timestamp": 1723112167.5747132, "_runtime": 12.027566194534302, "_step": 100, "validation_loss": 0.36857354640960693, "validation_accuracy": 0.9166666865348816, "_wandb": {"runtime": 11}}