{"epoch/accuracy": 0.9270833134651184, "epoch/loss": 0.28493741154670715, "epoch/val_accuracy": 0.9166666865348816, "epoch/val_loss": 0.3759584426879883, "epoch/epoch": 149, "_timestamp": 1723080697.1151724, "_runtime": 23.983636379241943, "_step": 150, "validation_loss": 0.3759584426879883, "validation_accuracy": 0.9166666865348816, "_wandb": {"runtime": 23}}