{"epoch/accuracy": 0.375, "epoch/loss": 1.4919410943984985, "epoch/val_accuracy": 0.125, "epoch/val_loss": 1.5053733587265015, "epoch/epoch": 149, "_timestamp": 1723081603.2976425, "_runtime": 22.2765634059906, "_step": 150, "validation_loss": 1.5053733587265015, "validation_accuracy": 0.125, "_wandb": {"runtime": 21}}