{"epoch/accuracy": 0.9583333134651184, "epoch/loss": 0.2040489912033081, "epoch/val_accuracy": 0.875, "epoch/val_loss": 0.33142903447151184, "epoch/epoch": 29, "_timestamp": 1723092886.4190943, "_runtime": 9.524355411529541, "_step": 30, "validation_loss": 0.33142903447151184, "validation_accuracy": 0.875, "_wandb": {"runtime": 9}}