{"epoch/accuracy": 0.2604166567325592, "epoch/loss": 1.5280847549438477, "epoch/val_accuracy": 0.25, "epoch/val_loss": 1.3933825492858887, "epoch/epoch": 99, "_timestamp": 1723100146.359001, "_runtime": 12.533918857574463, "_step": 100, "validation_loss": 1.3933825492858887, "validation_accuracy": 0.25, "_wandb": {"runtime": 12}}