{"epoch/accuracy": 0.875, "epoch/loss": 0.23637211322784424, "epoch/val_accuracy": 0.9583333134651184, "epoch/val_loss": 0.2070448398590088, "epoch/epoch": 29, "_timestamp": 1723087351.9692032, "_runtime": 9.868908166885376, "_step": 30, "validation_loss": 0.2070448398590088, "validation_accuracy": 0.9583333134651184, "_wandb": {"runtime": 9}}