{"epoch/accuracy": 0.84375, "epoch/loss": 0.41397273540496826, "epoch/val_accuracy": 0.9166666865348816, "epoch/val_loss": 0.29160988330841064, "epoch/epoch": 99, "_timestamp": 1723082775.0799804, "_runtime": 21.794554471969604, "_step": 100, "validation_loss": 0.29160988330841064, "validation_accuracy": 0.9166666865348816, "_wandb": {"runtime": 21}}