{"epoch/accuracy": 0.9166666865348816, "epoch/loss": 0.24125485122203827, "epoch/val_accuracy": 0.9583333134651184, "epoch/val_loss": 0.18817900121212006, "epoch/epoch": 149, "_timestamp": 1723119894.3976192, "_runtime": 21.735499143600464, "_step": 150, "validation_loss": 0.18817900121212006, "validation_accuracy": 0.9583333134651184, "_wandb": {"runtime": 21}}