{"epoch/accuracy": 0.9895833134651184, "epoch/loss": 0.15594510734081268, "epoch/val_accuracy": 0.9583333134651184, "epoch/val_loss": 0.2996988594532013, "epoch/epoch": 99, "_timestamp": 1723108546.2850533, "_runtime": 11.969061136245728, "_step": 100, "validation_loss": 0.2996988594532013, "validation_accuracy": 0.9583333134651184, "_wandb": {"runtime": 11}}