{"epoch/accuracy": 0.3125, "epoch/loss": 1.2588285207748413, "epoch/val_accuracy": 0.3333333432674408, "epoch/val_loss": 1.3895035982131958, "epoch/epoch": 599, "_timestamp": 1723116717.6661522, "_runtime": 29.664775133132935, "_step": 600, "validation_loss": 1.3895035982131958, "validation_accuracy": 0.3333333432674408, "_wandb": {"runtime": 29}}