{"epoch/accuracy": 1.0, "epoch/loss": 0.0073410384356975555, "epoch/val_accuracy": 0.9583333134651184, "epoch/val_loss": 0.03862491622567177, "epoch/epoch": 69, "_timestamp": 1723100534.329906, "_runtime": 11.53715205192566, "_step": 70, "validation_loss": 0.03862491622567177, "validation_accuracy": 0.9583333134651184, "_wandb": {"runtime": 11}}