{"epoch/accuracy": 0.96875, "epoch/loss": 0.3939177989959717, "epoch/val_accuracy": 0.9166666865348816, "epoch/val_loss": 0.22529888153076172, "epoch/epoch": 69, "_timestamp": 1723115262.0773952, "_runtime": 11.148341178894043, "_step": 70, "validation_loss": 0.22529888153076172, "validation_accuracy": 0.9166666865348816, "_wandb": {"runtime": 10}}