{"epoch/accuracy": 0.9791666865348816, "epoch/loss": 0.09848129004240036, "epoch/val_accuracy": 0.9166666865348816, "epoch/val_loss": 0.4003280699253082, "epoch/epoch": 69, "_timestamp": 1723118314.0882123, "_runtime": 12.500169277191162, "_step": 70, "validation_loss": 0.4003280699253082, "validation_accuracy": 0.9166666865348816, "_wandb": {"runtime": 12}}