{"epoch/accuracy": 0.9583333134651184, "epoch/loss": 0.17599457502365112, "epoch/val_accuracy": 0.9583333134651184, "epoch/val_loss": 0.12063277512788773, "epoch/epoch": 599, "_timestamp": 1723098225.444246, "_runtime": 29.483256101608276, "_step": 600, "validation_loss": 0.12063277512788773, "validation_accuracy": 0.9583333134651184, "_wandb": {"runtime": 29}}