{"epoch/accuracy": 0.9583333134651184, "epoch/loss": 0.2868862450122833, "epoch/val_accuracy": 0.7916666865348816, "epoch/val_loss": 0.5009883046150208, "epoch/epoch": 29, "_timestamp": 1723111566.8782458, "_runtime": 10.072328805923462, "_step": 30, "validation_loss": 0.5009883046150208, "validation_accuracy": 0.7916666865348816, "_wandb": {"runtime": 9}}