{"epoch/accuracy": 0.7395833134651184, "epoch/loss": 0.6841465830802917, "epoch/val_accuracy": 0.875, "epoch/val_loss": 0.5216793417930603, "epoch/epoch": 49, "_timestamp": 1723113417.7333143, "_runtime": 10.351158380508423, "_step": 50, "validation_loss": 0.5216793417930603, "validation_accuracy": 0.875, "_wandb": {"runtime": 9}}