{"epoch/accuracy": 0.9895833134651184, "epoch/loss": 0.036252934485673904, "epoch/val_accuracy": 1.0, "epoch/val_loss": 0.03626101091504097, "epoch/epoch": 99, "_timestamp": 1723092115.8394928, "_runtime": 12.53606390953064, "_step": 100, "validation_loss": 0.03626101091504097, "validation_accuracy": 1.0, "_wandb": {"runtime": 12}}