{"epoch/accuracy": 0.3229166567325592, "epoch/loss": 1.446721076965332, "epoch/val_accuracy": 0.1666666716337204, "epoch/val_loss": 1.307017207145691, "epoch/epoch": 49, "_timestamp": 1723109755.7244346, "_runtime": 10.988163709640503, "_step": 50, "validation_loss": 1.307017207145691, "validation_accuracy": 0.1666666716337204, "_wandb": {"runtime": 10}}