{"epoch/accuracy": 0.9270833134651184, "epoch/loss": 0.37403473258018494, "epoch/val_accuracy": 0.9166666865348816, "epoch/val_loss": 0.5269830226898193, "epoch/epoch": 599, "_timestamp": 1723108922.9707272, "_runtime": 29.57989525794983, "_step": 600, "validation_loss": 0.5269830226898193, "validation_accuracy": 0.9166666865348816, "_wandb": {"runtime": 29}}