{"epoch/accuracy": 0.9895833134651184, "epoch/loss": 0.05568721890449524, "epoch/val_accuracy": 0.9583333134651184, "epoch/val_loss": 0.04385935142636299, "epoch/epoch": 599, "_timestamp": 1723079823.9485435, "_runtime": 58.84111261367798, "_step": 600, "validation_loss": 0.04385935142636299, "validation_accuracy": 0.9583333134651184, "_wandb": {"runtime": 58}}