{"epoch/accuracy": 0.9270833134651184, "epoch/loss": 0.18199218809604645, "epoch/val_accuracy": 0.9166666865348816, "epoch/val_loss": 0.17402492463588715, "epoch/epoch": 149, "_timestamp": 1723101822.8223243, "_runtime": 13.86914324760437, "_step": 150, "validation_loss": 0.17402492463588715, "validation_accuracy": 0.9166666865348816, "_wandb": {"runtime": 13}}