{"epoch/accuracy": 0.28125, "epoch/loss": 1.4800987243652344, "epoch/val_accuracy": 0.2083333283662796, "epoch/val_loss": 1.7260469198226929, "epoch/epoch": 29, "_timestamp": 1723081361.4229968, "_runtime": 15.515791654586792, "_step": 30, "validation_loss": 1.7260469198226929, "validation_accuracy": 0.2083333283662796, "_wandb": {"runtime": 15}}