{"epoch/accuracy": 0.7291666865348816, "epoch/loss": 0.8063244819641113, "epoch/val_accuracy": 0.875, "epoch/val_loss": 0.7278709411621094, "epoch/epoch": 299, "_timestamp": 1723086405.6235876, "_runtime": 18.30343770980835, "_step": 300, "validation_loss": 0.7278709411621094, "validation_accuracy": 0.875, "_wandb": {"runtime": 17}}