{"epoch/accuracy": 1.0, "epoch/loss": 0.0, "epoch/val_accuracy": 0.875, "epoch/val_loss": 1.1286934614181519, "epoch/epoch": 299, "_timestamp": 1723108180.0482216, "_runtime": 18.801533699035645, "_step": 300, "validation_loss": 1.1286934614181519, "validation_accuracy": 0.875, "_wandb": {"runtime": 18}}