{"epoch/accuracy": 0.9270833134651184, "epoch/loss": 0.273578405380249, "epoch/val_accuracy": 0.9583333134651184, "epoch/val_loss": 0.2545599043369293, "epoch/epoch": 49, "_timestamp": 1723078592.6057281, "_runtime": 16.79386019706726, "_step": 50, "validation_loss": 0.2545599043369293, "validation_accuracy": 0.9583333134651184, "_wandb": {"runtime": 16}}