{"epoch/accuracy": 0.8854166865348816, "epoch/loss": 0.6164197325706482, "epoch/val_accuracy": 0.9166666865348816, "epoch/val_loss": 0.6490464210510254, "epoch/epoch": 49, "_timestamp": 1723097508.6947913, "_runtime": 12.801990270614624, "_step": 50, "validation_loss": 0.6490464210510254, "validation_accuracy": 0.9166666865348816, "_wandb": {"runtime": 10}}