{"epoch/accuracy": 0.9375, "epoch/loss": 0.3567260801792145, "epoch/val_accuracy": 0.875, "epoch/val_loss": 0.40739455819129944, "epoch/epoch": 69, "_timestamp": 1723107838.0847142, "_runtime": 10.823365211486816, "_step": 70, "validation_loss": 0.40739455819129944, "validation_accuracy": 0.875, "_wandb": {"runtime": 10}}