{"epoch/accuracy": 0.9270833134651184, "epoch/loss": 0.6116054058074951, "epoch/val_accuracy": 1.0, "epoch/val_loss": 0.059859808534383774, "epoch/epoch": 99, "_timestamp": 1723104521.0032394, "_runtime": 11.984556436538696, "_step": 100, "validation_loss": 0.059859808534383774, "validation_accuracy": 1.0, "_wandb": {"runtime": 11}}