{"epoch/accuracy": 0.6145833134651184, "epoch/loss": 1.750601887702942, "epoch/val_accuracy": 0.75, "epoch/val_loss": 0.5854151248931885, "epoch/epoch": 49, "_timestamp": 1723089983.583067, "_runtime": 10.84715485572815, "_step": 50, "validation_loss": 0.5854151248931885, "validation_accuracy": 0.75, "_wandb": {"runtime": 10}}