{"epoch/accuracy": 0.5, "epoch/loss": 1.1306227445602417, "epoch/val_accuracy": 0.625, "epoch/val_loss": 1.054612159729004, "epoch/epoch": 149, "_timestamp": 1723110526.2490587, "_runtime": 13.638483762741089, "_step": 150, "validation_loss": 1.054612159729004, "validation_accuracy": 0.625, "_wandb": {"runtime": 13}}