{"epoch/accuracy": 0.9270833134651184, "epoch/loss": 0.3993428647518158, "epoch/val_accuracy": 0.9166666865348816, "epoch/val_loss": 0.4432024657726288, "epoch/epoch": 299, "_timestamp": 1723120071.495757, "_runtime": 28.419454097747803, "_step": 300, "validation_loss": 0.4432024657726288, "validation_accuracy": 0.9166666865348816, "_wandb": {"runtime": 28}}