{"epoch/accuracy": 0.84375, "epoch/loss": 0.40027761459350586, "epoch/val_accuracy": 0.9583333134651184, "epoch/val_loss": 0.18536370992660522, "epoch/epoch": 29, "_timestamp": 1723118574.634457, "_runtime": 10.93144702911377, "_step": 30, "validation_loss": 0.18536370992660522, "validation_accuracy": 0.9583333134651184, "_wandb": {"runtime": 10}}