{"epoch/accuracy": 1.0, "epoch/loss": 0.0, "epoch/val_accuracy": 0.9583333134651184, "epoch/val_loss": 7.180691242218018, "epoch/epoch": 299, "_timestamp": 1723121676.668895, "_runtime": 48.673989057540894, "_step": 300, "validation_loss": 7.180691242218018, "validation_accuracy": 0.9583333134651184, "_wandb": {"runtime": 48}}