{"epoch/accuracy": 1.0, "epoch/loss": 2.508347165530722e-07, "epoch/val_accuracy": 0.9166666865348816, "epoch/val_loss": 0.39776334166526794, "epoch/epoch": 599, "_timestamp": 1723105143.492039, "_runtime": 28.89102005958557, "_step": 600, "validation_loss": 0.39776334166526794, "validation_accuracy": 0.9166666865348816, "_wandb": {"runtime": 28}}