{"epoch/accuracy": 1.0, "epoch/loss": 0.01923706941306591, "epoch/val_accuracy": 0.9583333134651184, "epoch/val_loss": 0.1516781747341156, "epoch/epoch": 599, "_timestamp": 1723084068.547346, "_runtime": 64.62657618522644, "_step": 600, "validation_loss": 0.1516781747341156, "validation_accuracy": 0.9583333134651184, "_wandb": {"runtime": 64}}