{"epoch/accuracy": 1.0, "epoch/loss": 0.003516577184200287, "epoch/val_accuracy": 0.9583333134651184, "epoch/val_loss": 0.24607372283935547, "epoch/epoch": 49, "_timestamp": 1723101315.0525236, "_runtime": 10.628042697906494, "_step": 50, "validation_loss": 0.24607372283935547, "validation_accuracy": 0.9583333134651184, "_wandb": {"runtime": 10}}