{"epoch/accuracy": 0.9791666865348816, "epoch/loss": 0.07565797120332718, "epoch/val_accuracy": 0.9166666865348816, "epoch/val_loss": 0.21843819320201874, "epoch/epoch": 49, "_timestamp": 1723090819.912139, "_runtime": 11.978971004486084, "_step": 50, "validation_loss": 0.21843819320201874, "validation_accuracy": 0.9166666865348816, "_wandb": {"runtime": 10}}