{"epoch/accuracy": 0.3958333432674408, "epoch/loss": 1.3066738843917847, "epoch/val_accuracy": 0.6666666865348816, "epoch/val_loss": 1.0942305326461792, "epoch/epoch": 99, "_timestamp": 1723121551.7857559, "_runtime": 30.96029496192932, "_step": 100, "validation_loss": 1.0942305326461792, "validation_accuracy": 0.6666666865348816, "_wandb": {"runtime": 30}}