{"epoch/accuracy": 0.9791666865348816, "epoch/loss": 0.08517064899206161, "epoch/val_accuracy": 0.9583333134651184, "epoch/val_loss": 0.20807157456874847, "epoch/epoch": 149, "_timestamp": 1723118446.918175, "_runtime": 16.812318086624146, "_step": 150, "validation_loss": 0.2080715447664261, "validation_accuracy": 0.9583333134651184, "_wandb": {"runtime": 16}}