{"epoch/accuracy": 1.0, "epoch/loss": 0.0, "epoch/val_accuracy": 0.875, "epoch/val_loss": 82.4914321899414, "epoch/epoch": 599, "_timestamp": 1723097076.5850708, "_runtime": 27.852667808532715, "_step": 600, "validation_loss": 82.4914321899414, "validation_accuracy": 0.875, "_wandb": {"runtime": 27}}