{"epoch/accuracy": 1.0, "epoch/loss": 0.0019893532153218985, "epoch/val_accuracy": 0.9583333134651184, "epoch/val_loss": 0.19024048745632172, "epoch/epoch": 149, "_timestamp": 1723121044.0103424, "_runtime": 32.44874835014343, "_step": 150, "validation_loss": 0.19024048745632172, "validation_accuracy": 0.9583333134651184, "_wandb": {"runtime": 31}}