{"epoch/accuracy": 0.7083333134651184, "epoch/loss": 0.7707624435424805, "epoch/val_accuracy": 0.9583333134651184, "epoch/val_loss": 0.6238489151000977, "epoch/epoch": 299, "_timestamp": 1723082072.6895468, "_runtime": 36.183706760406494, "_step": 300, "validation_loss": 0.6238489151000977, "validation_accuracy": 0.9583333134651184, "_wandb": {"runtime": 35}}