{"epoch/accuracy": 0.9791666865348816, "epoch/loss": 0.06776274740695953, "epoch/val_accuracy": 0.9583333134651184, "epoch/val_loss": 0.12901322543621063, "epoch/epoch": 299, "_timestamp": 1723109496.4387684, "_runtime": 18.25209331512451, "_step": 300, "validation_loss": 0.12901322543621063, "validation_accuracy": 0.9583333134651184, "_wandb": {"runtime": 17}}