{"epoch/accuracy": 1.0, "epoch/loss": 0.0003247863205615431, "epoch/val_accuracy": 1.0, "epoch/val_loss": 0.038756195455789566, "epoch/epoch": 149, "_timestamp": 1723076589.6470397, "_runtime": 16.33001971244812, "_step": 150, "validation_loss": 0.038756195455789566, "validation_accuracy": 1.0, "_wandb": {"runtime": 15}}