{"epoch/accuracy": 0.90625, "epoch/loss": 1.3517156839370728, "epoch/val_accuracy": 0.9166666865348816, "epoch/val_loss": 0.362023264169693, "epoch/epoch": 299, "_timestamp": 1723080474.8810682, "_runtime": 40.524596214294434, "_step": 300, "validation_loss": 0.362023264169693, "validation_accuracy": 0.9166666865348816, "_wandb": {"runtime": 40}}