{"epoch/accuracy": 0.53125, "epoch/loss": 1.1454564332962036, "epoch/val_accuracy": 0.6666666865348816, "epoch/val_loss": 1.142896056175232, "epoch/epoch": 29, "_timestamp": 1723095518.4663398, "_runtime": 9.476808786392212, "_step": 30, "validation_loss": 1.1428961753845215, "validation_accuracy": 0.6666666865348816, "_wandb": {"runtime": 9}}