{"epoch/accuracy": 0.9375, "epoch/loss": 0.6861922144889832, "epoch/val_accuracy": 0.875, "epoch/val_loss": 9.381614685058594, "epoch/epoch": 99, "_timestamp": 1723108566.5362835, "_runtime": 11.85784649848938, "_step": 100, "validation_loss": 9.381614685058594, "validation_accuracy": 0.875, "_wandb": {"runtime": 11}}