{"epoch/accuracy": 0.9895833134651184, "epoch/loss": 0.029661698266863823, "epoch/val_accuracy": 0.9583333134651184, "epoch/val_loss": 0.1564064919948578, "epoch/epoch": 69, "_timestamp": 1723105371.374348, "_runtime": 11.269582986831665, "_step": 70, "validation_loss": 0.1564064919948578, "validation_accuracy": 0.9583333134651184, "_wandb": {"runtime": 10}}