{"epoch/accuracy": 0.9895833134651184, "epoch/loss": 0.07546115666627884, "epoch/val_accuracy": 0.9166666865348816, "epoch/val_loss": 0.11331877112388611, "epoch/epoch": 99, "_timestamp": 1723090582.5794709, "_runtime": 11.529050827026367, "_step": 100, "validation_loss": 0.11331877112388611, "validation_accuracy": 0.9166666865348816, "_wandb": {"runtime": 11}}