{"epoch/accuracy": 0.4479166567325592, "epoch/loss": 1.254508137702942, "epoch/val_accuracy": 0.4166666567325592, "epoch/val_loss": 1.2833095788955688, "epoch/epoch": 29, "_timestamp": 1723086960.7888715, "_runtime": 9.294304609298706, "_step": 30, "validation_loss": 1.2833095788955688, "validation_accuracy": 0.4166666567325592, "_wandb": {"runtime": 8}}