{"epoch/accuracy": 0.9895833134651184, "epoch/loss": 0.020260635763406754, "epoch/val_accuracy": 0.9583333134651184, "epoch/val_loss": 0.519855797290802, "epoch/epoch": 69, "_timestamp": 1723116489.9298491, "_runtime": 12.07827615737915, "_step": 70, "validation_loss": 0.519855797290802, "validation_accuracy": 0.9583333134651184, "_wandb": {"runtime": 11}}