{"epoch/accuracy": 1.0, "epoch/loss": 0.0, "epoch/val_accuracy": 0.875, "epoch/val_loss": 6.402839183807373, "epoch/epoch": 149, "_timestamp": 1723092574.5722888, "_runtime": 14.442383766174316, "_step": 150, "validation_loss": 6.402839183807373, "validation_accuracy": 0.875, "_wandb": {"runtime": 14}}