{"epoch/accuracy": 0.96875, "epoch/loss": 0.4868830740451813, "epoch/val_accuracy": 0.875, "epoch/val_loss": 3.0422489643096924, "epoch/epoch": 149, "_timestamp": 1723091788.8006465, "_runtime": 13.798929452896118, "_step": 150, "validation_loss": 3.0422489643096924, "validation_accuracy": 0.875, "_wandb": {"runtime": 13}}