{"epoch/accuracy": 0.9479166865348816, "epoch/loss": 0.1708213835954666, "epoch/val_accuracy": 0.9166666865348816, "epoch/val_loss": 0.3740293085575104, "epoch/epoch": 599, "_timestamp": 1723095784.526994, "_runtime": 30.279229879379272, "_step": 600, "validation_loss": 0.3740293085575104, "validation_accuracy": 0.9166666865348816, "_wandb": {"runtime": 29}}