{"epoch/accuracy": 1.0, "epoch/loss": 0.09526527673006058, "epoch/val_accuracy": 0.9166666865348816, "epoch/val_loss": 0.2515280544757843, "epoch/epoch": 69, "_timestamp": 1723117725.198286, "_runtime": 11.914404153823853, "_step": 70, "validation_loss": 0.2515280544757843, "validation_accuracy": 0.9166666865348816, "_wandb": {"runtime": 11}}