{"epoch/accuracy": 0.7916666865348816, "epoch/loss": 0.6095748543739319, "epoch/val_accuracy": 0.9166666865348816, "epoch/val_loss": 0.5522453188896179, "epoch/epoch": 299, "_timestamp": 1723118504.7997978, "_runtime": 21.842200756072998, "_step": 300, "validation_loss": 0.5522453188896179, "validation_accuracy": 0.9166666865348816, "_wandb": {"runtime": 21}}