{"epoch/accuracy": 1.0, "epoch/loss": 0.002072366885840893, "epoch/val_accuracy": 0.9583333134651184, "epoch/val_loss": 0.23486848175525665, "epoch/epoch": 149, "_timestamp": 1723110895.1964207, "_runtime": 13.595439672470093, "_step": 150, "validation_loss": 0.23486848175525665, "validation_accuracy": 0.9583333134651184, "_wandb": {"runtime": 13}}