{"epoch/accuracy": 0.375, "epoch/loss": 1.3304563760757446, "epoch/val_accuracy": 0.6666666865348816, "epoch/val_loss": 1.1918786764144897, "epoch/epoch": 49, "_timestamp": 1723089632.23053, "_runtime": 11.453815937042236, "_step": 50, "validation_loss": 1.1918786764144897, "validation_accuracy": 0.6666666865348816, "_wandb": {"runtime": 9}}