{"epoch/accuracy": 0.78125, "epoch/loss": 0.5840947031974792, "epoch/val_accuracy": 0.9583333134651184, "epoch/val_loss": 0.5634466409683228, "epoch/epoch": 599, "_timestamp": 1723093834.982191, "_runtime": 27.898761987686157, "_step": 600, "validation_loss": 0.5634466409683228, "validation_accuracy": 0.9583333134651184, "_wandb": {"runtime": 27}}