{"epoch/accuracy": 0.90625, "epoch/loss": 0.4956481456756592, "epoch/val_accuracy": 0.9583333134651184, "epoch/val_loss": 0.3479038178920746, "epoch/epoch": 149, "_timestamp": 1723115539.2479231, "_runtime": 14.32424020767212, "_step": 150, "validation_loss": 0.3479038178920746, "validation_accuracy": 0.9583333134651184, "_wandb": {"runtime": 13}}