{"epoch/accuracy": 1.0, "epoch/loss": 0.012934301979839802, "epoch/val_accuracy": 0.9583333134651184, "epoch/val_loss": 0.1901349425315857, "epoch/epoch": 599, "_timestamp": 1723087445.8407042, "_runtime": 27.169918298721313, "_step": 600, "validation_loss": 0.1901349425315857, "validation_accuracy": 0.9583333134651184, "_wandb": {"runtime": 26}}