{"epoch/accuracy": 1.0, "epoch/loss": 0.009161541238427162, "epoch/val_accuracy": 0.9166666865348816, "epoch/val_loss": 0.16535383462905884, "epoch/epoch": 599, "_timestamp": 1723105220.042492, "_runtime": 28.983906984329224, "_step": 600, "validation_loss": 0.16535383462905884, "validation_accuracy": 0.9166666865348816, "_wandb": {"runtime": 28}}