{"epoch/accuracy": 1.0, "epoch/loss": 0.005749550182372332, "epoch/val_accuracy": 0.9583333134651184, "epoch/val_loss": 0.18507136404514313, "epoch/epoch": 299, "_timestamp": 1723090314.929135, "_runtime": 19.705392122268677, "_step": 300, "validation_loss": 0.18507136404514313, "validation_accuracy": 0.9583333134651184, "_wandb": {"runtime": 19}}