{"epoch/accuracy": 1.0, "epoch/loss": 0.008213630877435207, "epoch/val_accuracy": 0.9583333134651184, "epoch/val_loss": 0.17234154045581818, "epoch/epoch": 29, "_timestamp": 1723103096.3594651, "_runtime": 9.83270001411438, "_step": 30, "validation_loss": 0.17234154045581818, "validation_accuracy": 0.9583333134651184, "_wandb": {"runtime": 9}}