{"epoch/accuracy": 1.0, "epoch/loss": 0.0026982848066836596, "epoch/val_accuracy": 0.9166666865348816, "epoch/val_loss": 0.9470371603965759, "epoch/epoch": 69, "_timestamp": 1723105587.636881, "_runtime": 11.463052034378052, "_step": 70, "validation_loss": 0.9470371603965759, "validation_accuracy": 0.9166666865348816, "_wandb": {"runtime": 11}}