{"epoch/accuracy": 0.90625, "epoch/loss": 0.2540145814418793, "epoch/val_accuracy": 0.9166666865348816, "epoch/val_loss": 0.2905682623386383, "epoch/epoch": 69, "_timestamp": 1723079940.532345, "_runtime": 17.301373958587646, "_step": 70, "validation_loss": 0.2905682623386383, "validation_accuracy": 0.9166666865348816, "_wandb": {"runtime": 16}}