{"epoch/accuracy": 0.8333333134651184, "epoch/loss": 0.5099088549613953, "epoch/val_accuracy": 0.9166666865348816, "epoch/val_loss": 0.44079509377479553, "epoch/epoch": 49, "_timestamp": 1723118945.2349885, "_runtime": 14.618685483932495, "_step": 50, "validation_loss": 0.44079509377479553, "validation_accuracy": 0.9166666865348816, "_wandb": {"runtime": 14}}