{"epoch/accuracy": 0.90625, "epoch/loss": 0.3007427453994751, "epoch/val_accuracy": 0.9583333134651184, "epoch/val_loss": 0.8845162987709045, "epoch/epoch": 149, "_timestamp": 1723093308.901167, "_runtime": 13.764420986175537, "_step": 150, "validation_loss": 0.8845162987709045, "validation_accuracy": 0.9583333134651184, "_wandb": {"runtime": 13}}