{"epoch/accuracy": 0.75, "epoch/loss": 64.22805786132812, "epoch/val_accuracy": 0.9583333134651184, "epoch/val_loss": 2.6502015590667725, "epoch/epoch": 29, "_timestamp": 1723088564.848832, "_runtime": 9.574590921401978, "_step": 30, "validation_loss": 2.6502015590667725, "validation_accuracy": 0.9583333134651184, "_wandb": {"runtime": 9}}