{"epoch/accuracy": 0.9166666865348816, "epoch/loss": 0.27667179703712463, "epoch/val_accuracy": 0.7916666865348816, "epoch/val_loss": 1.0272797346115112, "epoch/epoch": 69, "_timestamp": 1723116364.9483259, "_runtime": 12.187850952148438, "_step": 70, "validation_loss": 1.0272797346115112, "validation_accuracy": 0.7916666865348816, "_wandb": {"runtime": 11}}