{"epoch/accuracy": 0.9895833134651184, "epoch/loss": 0.036218445748090744, "epoch/val_accuracy": 0.9583333134651184, "epoch/val_loss": 0.11662798374891281, "epoch/epoch": 29, "_timestamp": 1723087897.7007172, "_runtime": 9.102303266525269, "_step": 30, "validation_loss": 0.11662798374891281, "validation_accuracy": 0.9583333134651184, "_wandb": {"runtime": 8}}