{"epoch/accuracy": 1.0, "epoch/loss": 1.6477100643896847e-06, "epoch/val_accuracy": 0.9583333134651184, "epoch/val_loss": 0.7724854946136475, "epoch/epoch": 49, "_timestamp": 1723078468.3577232, "_runtime": 16.163076162338257, "_step": 50, "validation_loss": 0.7724854946136475, "validation_accuracy": 0.9583333134651184, "_wandb": {"runtime": 15}}