{"epoch/accuracy": 0.8229166865348816, "epoch/loss": 0.46224698424339294, "epoch/val_accuracy": 0.9583333134651184, "epoch/val_loss": 0.11537382751703262, "epoch/epoch": 49, "_timestamp": 1723085452.0641856, "_runtime": 10.09072470664978, "_step": 50, "validation_loss": 0.11537382751703262, "validation_accuracy": 0.9583333134651184, "_wandb": {"runtime": 9}}