{"epoch/accuracy": 0.8541666865348816, "epoch/loss": 0.5740740895271301, "epoch/val_accuracy": 1.0, "epoch/val_loss": 0.09218665957450867, "epoch/epoch": 29, "_timestamp": 1723084987.0642095, "_runtime": 10.310049533843994, "_step": 30, "validation_loss": 0.09218665957450867, "validation_accuracy": 1.0, "_wandb": {"runtime": 9}}