{"epoch/accuracy": 1.0, "epoch/loss": 0.0028383173048496246, "epoch/val_accuracy": 0.9166666865348816, "epoch/val_loss": 0.0896611213684082, "epoch/epoch": 599, "_timestamp": 1723099981.2723238, "_runtime": 29.8908588886261, "_step": 600, "validation_loss": 0.0896611213684082, "validation_accuracy": 0.9166666865348816, "_wandb": {"runtime": 29}}