{"epoch/accuracy": 1.0, "epoch/loss": 0.022659217938780785, "epoch/val_accuracy": 0.9583333134651184, "epoch/val_loss": 0.23465901613235474, "epoch/epoch": 149, "_timestamp": 1723117838.3941321, "_runtime": 15.715595245361328, "_step": 150, "validation_loss": 0.23465901613235474, "validation_accuracy": 0.9583333134651184, "_wandb": {"runtime": 15}}