{"epoch/accuracy": 0.8958333134651184, "epoch/loss": 13.866856575012207, "epoch/val_accuracy": 0.875, "epoch/val_loss": 15.294376373291016, "epoch/epoch": 29, "_timestamp": 1723076437.794367, "_runtime": 11.91401219367981, "_step": 30, "validation_loss": 15.294376373291016, "validation_accuracy": 0.875, "_wandb": {"runtime": 11}}