{"epoch/accuracy": 1.0, "epoch/loss": 0.0012081732274964452, "epoch/val_accuracy": 0.9583333134651184, "epoch/val_loss": 0.03724100813269615, "epoch/epoch": 49, "_timestamp": 1723097547.3606322, "_runtime": 10.177375078201294, "_step": 50, "validation_loss": 0.03724100813269615, "validation_accuracy": 0.9583333134651184, "_wandb": {"runtime": 9}}