{"epoch/accuracy": 0.375, "epoch/loss": 1.5125888586044312, "epoch/val_accuracy": 0.4166666567325592, "epoch/val_loss": 1.266363501548767, "epoch/epoch": 149, "_timestamp": 1723114311.5636275, "_runtime": 13.36213755607605, "_step": 150, "validation_loss": 1.266363501548767, "validation_accuracy": 0.4166666567325592, "_wandb": {"runtime": 13}}