{"epoch/accuracy": 0.28125, "epoch/loss": 1.8413218259811401, "epoch/val_accuracy": 0.2916666567325592, "epoch/val_loss": 1.394372820854187, "epoch/epoch": 29, "_timestamp": 1723105527.812272, "_runtime": 10.229083061218262, "_step": 30, "validation_loss": 1.394372820854187, "validation_accuracy": 0.2916666567325592, "_wandb": {"runtime": 9}}