{"epoch/accuracy": 0.8125, "epoch/loss": 0.8822810053825378, "epoch/val_accuracy": 0.6666666865348816, "epoch/val_loss": 1.0473641157150269, "epoch/epoch": 149, "_timestamp": 1723111375.31232, "_runtime": 13.530701875686646, "_step": 150, "validation_loss": 1.0473641157150269, "validation_accuracy": 0.6666666865348816, "_wandb": {"runtime": 13}}