{"epoch/accuracy": 0.9270833134651184, "epoch/loss": 0.15990783274173737, "epoch/val_accuracy": 0.9166666865348816, "epoch/val_loss": 0.23828037083148956, "epoch/epoch": 49, "_timestamp": 1723110482.0300765, "_runtime": 11.03343152999878, "_step": 50, "validation_loss": 0.23828037083148956, "validation_accuracy": 0.9166666865348816, "_wandb": {"runtime": 10}}