{"epoch/accuracy": 1.0, "epoch/loss": 0.0025269396137446165, "epoch/val_accuracy": 0.9166666865348816, "epoch/val_loss": 0.13184811174869537, "epoch/epoch": 299, "_timestamp": 1723113814.8604176, "_runtime": 19.224215507507324, "_step": 300, "validation_loss": 0.13184811174869537, "validation_accuracy": 0.9166666865348816, "_wandb": {"runtime": 18}}