{"epoch/accuracy": 0.5729166865348816, "epoch/loss": 0.8810263276100159, "epoch/val_accuracy": 0.75, "epoch/val_loss": 0.7487512230873108, "epoch/epoch": 599, "_timestamp": 1723098843.1349182, "_runtime": 28.153720140457153, "_step": 600, "validation_loss": 0.7487512230873108, "validation_accuracy": 0.75, "_wandb": {"runtime": 27}}