{"epoch/accuracy": 0.78125, "epoch/loss": 0.6717031598091125, "epoch/val_accuracy": 0.9166666865348816, "epoch/val_loss": 0.6635625958442688, "epoch/epoch": 99, "_timestamp": 1723118839.1498568, "_runtime": 20.235678911209106, "_step": 100, "validation_loss": 0.6635625958442688, "validation_accuracy": 0.9166666865348816, "_wandb": {"runtime": 19}}