{"epoch/accuracy": 1.0, "epoch/loss": 0.006732044741511345, "epoch/val_accuracy": 0.9166666865348816, "epoch/val_loss": 0.29683324694633484, "epoch/epoch": 149, "_timestamp": 1723106541.47103, "_runtime": 14.271990060806274, "_step": 150, "validation_loss": 0.29683324694633484, "validation_accuracy": 0.9166666865348816, "_wandb": {"runtime": 13}}