{"epoch/accuracy": 0.8854166865348816, "epoch/loss": 0.2691866457462311, "epoch/val_accuracy": 0.9166666865348816, "epoch/val_loss": 0.14051537215709686, "epoch/epoch": 29, "_timestamp": 1723100626.533084, "_runtime": 10.264024019241333, "_step": 30, "validation_loss": 0.14051537215709686, "validation_accuracy": 0.9166666865348816, "_wandb": {"runtime": 9}}