{"epoch/accuracy": 0.7395833134651184, "epoch/loss": 0.8812200427055359, "epoch/val_accuracy": 0.8333333134651184, "epoch/val_loss": 0.9220945239067078, "epoch/epoch": 29, "_timestamp": 1723089373.995457, "_runtime": 9.529878854751587, "_step": 30, "validation_loss": 0.9220945239067078, "validation_accuracy": 0.8333333134651184, "_wandb": {"runtime": 9}}