{"epoch/accuracy": 1.0, "epoch/loss": 0.0004039531631860882, "epoch/val_accuracy": 1.0, "epoch/val_loss": 0.02368883788585663, "epoch/epoch": 299, "_timestamp": 1723089736.7572572, "_runtime": 18.335092306137085, "_step": 300, "validation_loss": 0.02368883788585663, "validation_accuracy": 1.0, "_wandb": {"runtime": 17}}