{"epoch/accuracy": 1.0, "epoch/loss": 4.733852165372809e-06, "epoch/val_accuracy": 0.9166666865348816, "epoch/val_loss": 1.9882841110229492, "epoch/epoch": 299, "_timestamp": 1723101119.34385, "_runtime": 20.066227912902832, "_step": 300, "validation_loss": 1.9882841110229492, "validation_accuracy": 0.9166666865348816, "_wandb": {"runtime": 19}}