{"epoch/accuracy": 0.96875, "epoch/loss": 0.2592605650424957, "epoch/val_accuracy": 0.875, "epoch/val_loss": 4.01765775680542, "epoch/epoch": 69, "_timestamp": 1723095825.1003246, "_runtime": 10.82713770866394, "_step": 70, "validation_loss": 4.01765775680542, "validation_accuracy": 0.875, "_wandb": {"runtime": 10}}