{"epoch/accuracy": 0.3125, "epoch/loss": 1.4041004180908203, "epoch/val_accuracy": 0.2916666567325592, "epoch/val_loss": 1.371434211730957, "epoch/epoch": 49, "_timestamp": 1723118675.502869, "_runtime": 11.80567979812622, "_step": 50, "validation_loss": 1.371434211730957, "validation_accuracy": 0.2916666567325592, "_wandb": {"runtime": 11}}