{"epoch/accuracy": 1.0, "epoch/loss": 0.0006222585798241198, "epoch/val_accuracy": 0.9583333134651184, "epoch/val_loss": 0.17601291835308075, "epoch/epoch": 69, "_timestamp": 1723079758.7061107, "_runtime": 18.98711061477661, "_step": 70, "validation_loss": 0.17601291835308075, "validation_accuracy": 0.9583333134651184, "_wandb": {"runtime": 18}}