{"epoch/accuracy": 1.0, "epoch/loss": 0.005839580669999123, "epoch/val_accuracy": 0.9583333134651184, "epoch/val_loss": 0.17577064037322998, "epoch/epoch": 299, "_timestamp": 1723094907.7609081, "_runtime": 19.106516122817993, "_step": 300, "validation_loss": 0.17577064037322998, "validation_accuracy": 0.9583333134651184, "_wandb": {"runtime": 18}}