{"epoch/accuracy": 0.9791666865348816, "epoch/loss": 0.08077434450387955, "epoch/val_accuracy": 0.9583333134651184, "epoch/val_loss": 0.173545241355896, "epoch/epoch": 49, "_timestamp": 1723103694.5440052, "_runtime": 10.96778416633606, "_step": 50, "validation_loss": 0.173545241355896, "validation_accuracy": 0.9583333134651184, "_wandb": {"runtime": 10}}