{"epoch/accuracy": 1.0, "epoch/loss": 0.000752394727896899, "epoch/val_accuracy": 0.9583333134651184, "epoch/val_loss": 0.15691684186458588, "epoch/epoch": 69, "_timestamp": 1723090466.169771, "_runtime": 10.857090950012207, "_step": 70, "validation_loss": 0.15691684186458588, "validation_accuracy": 0.9583333134651184, "_wandb": {"runtime": 10}}