{"epoch/accuracy": 0.5833333134651184, "epoch/loss": 0.9987135529518127, "epoch/val_accuracy": 0.5416666865348816, "epoch/val_loss": 0.9880335927009583, "epoch/epoch": 599, "_timestamp": 1723093212.1780636, "_runtime": 28.641836643218994, "_step": 600, "validation_loss": 0.9880335927009583, "validation_accuracy": 0.5416666865348816, "_wandb": {"runtime": 28}}