{"epoch/accuracy": 1.0, "epoch/loss": 0.0, "epoch/val_accuracy": 0.9166666865348816, "epoch/val_loss": 2.8327553272247314, "epoch/epoch": 149, "_timestamp": 1723102689.0697603, "_runtime": 14.051868438720703, "_step": 150, "validation_loss": 2.8327553272247314, "validation_accuracy": 0.9166666865348816, "_wandb": {"runtime": 13}}