{"epoch/accuracy": 0.7916666865348816, "epoch/loss": 0.5780066847801208, "epoch/val_accuracy": 0.9166666865348816, "epoch/val_loss": 0.3903881311416626, "epoch/epoch": 599, "_timestamp": 1723077511.836108, "_runtime": 39.785516023635864, "_step": 600, "validation_loss": 0.3903881311416626, "validation_accuracy": 0.9166666865348816, "_wandb": {"runtime": 39}}