{"epoch/accuracy": 0.9791666865348816, "epoch/loss": 0.11130288988351822, "epoch/val_accuracy": 0.9583333134651184, "epoch/val_loss": 0.16945774853229523, "epoch/epoch": 299, "_timestamp": 1723096370.2673135, "_runtime": 18.30686640739441, "_step": 300, "validation_loss": 0.16945774853229523, "validation_accuracy": 0.9583333134651184, "_wandb": {"runtime": 17}}