{"epoch/accuracy": 0.9791666865348816, "epoch/loss": 0.0414072684943676, "epoch/val_accuracy": 0.9583333134651184, "epoch/val_loss": 0.1794431358575821, "epoch/epoch": 599, "_timestamp": 1723083379.531574, "_runtime": 60.421157121658325, "_step": 600, "validation_loss": 0.1794431358575821, "validation_accuracy": 0.9583333134651184, "_wandb": {"runtime": 60}}