{"epoch/accuracy": 0.96875, "epoch/loss": 0.07551372796297073, "epoch/val_accuracy": 0.9166666865348816, "epoch/val_loss": 0.2211298942565918, "epoch/epoch": 599, "_timestamp": 1723085494.0019004, "_runtime": 32.119184494018555, "_step": 600, "validation_loss": 0.2211298942565918, "validation_accuracy": 0.9166666865348816, "_wandb": {"runtime": 31}}