{"epoch/accuracy": 0.8020833134651184, "epoch/loss": 24.913787841796875, "epoch/val_accuracy": 0.7916666865348816, "epoch/val_loss": 0.41981077194213867, "epoch/epoch": 69, "_timestamp": 1723078649.1682756, "_runtime": 19.113457679748535, "_step": 70, "validation_loss": 0.41981077194213867, "validation_accuracy": 0.7916666865348816, "_wandb": {"runtime": 18}}