{"epoch/accuracy": 0.3854166567325592, "epoch/loss": 1.4107023477554321, "epoch/val_accuracy": 0.75, "epoch/val_loss": 1.1621670722961426, "epoch/epoch": 99, "_timestamp": 1723088034.0724406, "_runtime": 11.650600671768188, "_step": 100, "validation_loss": 1.1621670722961426, "validation_accuracy": 0.75, "_wandb": {"runtime": 11}}