{"epoch/accuracy": 0.9166666865348816, "epoch/loss": 0.3302742540836334, "epoch/val_accuracy": 0.9166666865348816, "epoch/val_loss": 0.35559049248695374, "epoch/epoch": 299, "_timestamp": 1723100654.6815293, "_runtime": 18.69129228591919, "_step": 300, "validation_loss": 0.35559049248695374, "validation_accuracy": 0.9166666865348816, "_wandb": {"runtime": 18}}