{"epoch/accuracy": 0.71875, "epoch/loss": 0.6284363865852356, "epoch/val_accuracy": 0.875, "epoch/val_loss": 0.2480735182762146, "epoch/epoch": 99, "_timestamp": 1723101424.039007, "_runtime": 12.023375034332275, "_step": 100, "validation_loss": 0.2480735182762146, "validation_accuracy": 0.875, "_wandb": {"runtime": 11}}