{"epoch/accuracy": 0.9895833134651184, "epoch/loss": 0.040722623467445374, "epoch/val_accuracy": 0.9583333134651184, "epoch/val_loss": 1.448966145515442, "epoch/epoch": 49, "_timestamp": 1723086942.077346, "_runtime": 10.069370031356812, "_step": 50, "validation_loss": 1.448966145515442, "validation_accuracy": 0.9583333134651184, "_wandb": {"runtime": 9}}