{"epoch/accuracy": 0.3645833432674408, "epoch/loss": 1.3349746465682983, "epoch/val_accuracy": 0.5, "epoch/val_loss": 1.2638823986053467, "epoch/epoch": 49, "_timestamp": 1723105411.5590346, "_runtime": 10.37438154220581, "_step": 50, "validation_loss": 1.2638823986053467, "validation_accuracy": 0.5, "_wandb": {"runtime": 11}}