{"epoch/accuracy": 0.9583333134651184, "epoch/loss": 0.1464708298444748, "epoch/val_accuracy": 0.9166666865348816, "epoch/val_loss": 0.3544912338256836, "epoch/epoch": 69, "_timestamp": 1723100920.6459856, "_runtime": 11.676541566848755, "_step": 70, "validation_loss": 0.3544912338256836, "validation_accuracy": 0.9166666865348816, "_wandb": {"runtime": 11}}