{"epoch/accuracy": 0.9895833134651184, "epoch/loss": 0.177886500954628, "epoch/val_accuracy": 0.875, "epoch/val_loss": 5.153166770935059, "epoch/epoch": 99, "_timestamp": 1723105813.4469726, "_runtime": 12.384034633636475, "_step": 100, "validation_loss": 5.153166770935059, "validation_accuracy": 0.875, "_wandb": {"runtime": 12}}