{"epoch/accuracy": 1.0, "epoch/loss": 0.04594586417078972, "epoch/val_accuracy": 0.9166666865348816, "epoch/val_loss": 0.2005370408296585, "epoch/epoch": 149, "_timestamp": 1723086728.9677982, "_runtime": 13.6013343334198, "_step": 150, "validation_loss": 0.2005370408296585, "validation_accuracy": 0.9166666865348816, "_wandb": {"runtime": 13}}