{"epoch/accuracy": 1.0, "epoch/loss": 0.0003539862809702754, "epoch/val_accuracy": 1.0, "epoch/val_loss": 5.8674675528891385e-05, "epoch/epoch": 149, "_timestamp": 1723097097.758938, "_runtime": 13.28962516784668, "_step": 150, "validation_loss": 5.8674675528891385e-05, "validation_accuracy": 1.0, "_wandb": {"runtime": 12}}