{"epoch/accuracy": 1.0, "epoch/loss": 0.046964410692453384, "epoch/val_accuracy": 0.9583333134651184, "epoch/val_loss": 0.19694332778453827, "epoch/epoch": 49, "_timestamp": 1723103335.831742, "_runtime": 10.98863410949707, "_step": 50, "validation_loss": 0.19694334268569946, "validation_accuracy": 0.9583333134651184, "_wandb": {"runtime": 10}}