{"epoch/accuracy": 0.7395833134651184, "epoch/loss": 1.023727536201477, "epoch/val_accuracy": 0.7083333134651184, "epoch/val_loss": 0.5506330132484436, "epoch/epoch": 149, "_timestamp": 1723099738.6525202, "_runtime": 13.980820178985596, "_step": 150, "validation_loss": 0.5506330132484436, "validation_accuracy": 0.7083333134651184, "_wandb": {"runtime": 13}}