{"epoch/accuracy": 0.3229166567325592, "epoch/loss": 1.547521710395813, "epoch/val_accuracy": 0.5833333134651184, "epoch/val_loss": 1.257638931274414, "epoch/epoch": 49, "_timestamp": 1723091620.3443887, "_runtime": 9.950075626373291, "_step": 50, "validation_loss": 1.257638931274414, "validation_accuracy": 0.5833333134651184, "_wandb": {"runtime": 9}}