{"epoch/accuracy": 0.7916666865348816, "epoch/loss": 0.7956377863883972, "epoch/val_accuracy": 0.5, "epoch/val_loss": 0.9738402366638184, "epoch/epoch": 149, "_timestamp": 1723076641.8705995, "_runtime": 16.27005362510681, "_step": 150, "validation_loss": 0.9738402366638184, "validation_accuracy": 0.5, "_wandb": {"runtime": 15}}