{"epoch/accuracy": 0.7083333134651184, "epoch/loss": 0.5527834892272949, "epoch/val_accuracy": 0.625, "epoch/val_loss": 0.5950542092323303, "epoch/epoch": 599, "_timestamp": 1723111277.4898868, "_runtime": 28.531521797180176, "_step": 600, "validation_loss": 0.5950542092323303, "validation_accuracy": 0.625, "_wandb": {"runtime": 28}}