{"epoch/accuracy": 0.3958333432674408, "epoch/loss": 1.3496803045272827, "epoch/val_accuracy": 0.5833333134651184, "epoch/val_loss": 1.064205527305603, "epoch/epoch": 299, "_timestamp": 1723085068.2364848, "_runtime": 19.530211687088013, "_step": 300, "validation_loss": 1.064205527305603, "validation_accuracy": 0.5833333134651184, "_wandb": {"runtime": 19}}