{"epoch/accuracy": 0.6354166865348816, "epoch/loss": 0.8433601260185242, "epoch/val_accuracy": 0.9166666865348816, "epoch/val_loss": 0.4589380919933319, "epoch/epoch": 149, "_timestamp": 1723087131.4491904, "_runtime": 13.889278411865234, "_step": 150, "validation_loss": 0.4589380919933319, "validation_accuracy": 0.9166666865348816, "_wandb": {"runtime": 13}}