{"epoch/accuracy": 0.5, "epoch/loss": 1.086394190788269, "epoch/val_accuracy": 0.7083333134651184, "epoch/val_loss": 0.9152076244354248, "epoch/epoch": 599, "_timestamp": 1723081431.0735981, "_runtime": 59.928802251815796, "_step": 600, "validation_loss": 0.9152076244354248, "validation_accuracy": 0.7083333134651184, "_wandb": {"runtime": 59}}