{"epoch/accuracy": 0.4895833432674408, "epoch/loss": 1.1959120035171509, "epoch/val_accuracy": 0.7083333134651184, "epoch/val_loss": 1.113280177116394, "epoch/epoch": 69, "_timestamp": 1723087249.769514, "_runtime": 10.562750101089478, "_step": 70, "validation_loss": 1.113280177116394, "validation_accuracy": 0.7083333134651184, "_wandb": {"runtime": 10}}