{"epoch/accuracy": 0.9791666865348816, "epoch/loss": 0.08316043764352798, "epoch/val_accuracy": 0.875, "epoch/val_loss": 0.6475564241409302, "epoch/epoch": 299, "_timestamp": 1723079529.2860744, "_runtime": 35.39422345161438, "_step": 300, "validation_loss": 0.6475564241409302, "validation_accuracy": 0.875, "_wandb": {"runtime": 34}}