{"epoch/accuracy": 0.4375, "epoch/loss": 5.224483013153076, "epoch/val_accuracy": 0.25, "epoch/val_loss": 1.2440160512924194, "epoch/epoch": 149, "_timestamp": 1723097868.1554158, "_runtime": 13.681472778320312, "_step": 150, "validation_loss": 1.2440160512924194, "validation_accuracy": 0.25, "_wandb": {"runtime": 13}}