{"epoch/accuracy": 0.6979166865348816, "epoch/loss": 0.802905261516571, "epoch/val_accuracy": 0.9583333134651184, "epoch/val_loss": 0.5200924277305603, "epoch/epoch": 99, "_timestamp": 1723115134.2590349, "_runtime": 11.930454969406128, "_step": 100, "validation_loss": 0.5200924277305603, "validation_accuracy": 0.9583333134651184, "_wandb": {"runtime": 11}}