{"epoch/accuracy": 0.59375, "epoch/loss": 1.0707900524139404, "epoch/val_accuracy": 0.5416666865348816, "epoch/val_loss": 1.0666723251342773, "epoch/epoch": 149, "_timestamp": 1723118528.6553185, "_runtime": 15.854474544525146, "_step": 150, "validation_loss": 1.0666723251342773, "validation_accuracy": 0.5416666865348816, "_wandb": {"runtime": 15}}