{"epoch/accuracy": 0.9895833134651184, "epoch/loss": 0.019983593374490738, "epoch/val_accuracy": 0.9166666865348816, "epoch/val_loss": 0.2151482254266739, "epoch/epoch": 99, "_timestamp": 1723094502.0933635, "_runtime": 11.604395627975464, "_step": 100, "validation_loss": 0.21514825522899628, "validation_accuracy": 0.9166666865348816, "_wandb": {"runtime": 11}}