{"epoch/accuracy": 0.9166666865348816, "epoch/loss": 0.14696960151195526, "epoch/val_accuracy": 0.875, "epoch/val_loss": 2.960735559463501, "epoch/epoch": 599, "_timestamp": 1723101383.2908733, "_runtime": 28.646989345550537, "_step": 600, "validation_loss": 2.960735559463501, "validation_accuracy": 0.875, "_wandb": {"runtime": 28}}