{"epoch/accuracy": 0.9375, "epoch/loss": 0.20530276000499725, "epoch/val_accuracy": 0.9166666865348816, "epoch/val_loss": 0.2047121524810791, "epoch/epoch": 599, "_timestamp": 1723099569.1396713, "_runtime": 28.746808290481567, "_step": 600, "validation_loss": 0.2047121524810791, "validation_accuracy": 0.9166666865348816, "_wandb": {"runtime": 28}}