{"epoch/accuracy": 1.0, "epoch/loss": 0.01263363566249609, "epoch/val_accuracy": 0.9583333134651184, "epoch/val_loss": 0.1532108634710312, "epoch/epoch": 99, "_timestamp": 1723104777.364841, "_runtime": 11.744118928909302, "_step": 100, "validation_loss": 0.1532108634710312, "validation_accuracy": 0.9583333134651184, "_wandb": {"runtime": 11}}