{"epoch/accuracy": 0.9895833134651184, "epoch/loss": 0.017713526263833046, "epoch/val_accuracy": 0.9583333134651184, "epoch/val_loss": 1.3660410642623901, "epoch/epoch": 99, "_timestamp": 1723083677.5702202, "_runtime": 20.869884252548218, "_step": 100, "validation_loss": 1.3660410642623901, "validation_accuracy": 0.9583333134651184, "_wandb": {"runtime": 20}}