{"epoch/accuracy": 0.9583333134651184, "epoch/loss": 0.14195628464221954, "epoch/val_accuracy": 0.8333333134651184, "epoch/val_loss": 1.2505112886428833, "epoch/epoch": 69, "_timestamp": 1723087656.5843377, "_runtime": 11.150357723236084, "_step": 70, "validation_loss": 1.2505112886428833, "validation_accuracy": 0.8333333134651184, "_wandb": {"runtime": 10}}