{"epoch/accuracy": 1.0, "epoch/loss": 0.0, "epoch/val_accuracy": 0.875, "epoch/val_loss": 1.824526309967041, "epoch/epoch": 599, "_timestamp": 1723102843.7539682, "_runtime": 31.511088132858276, "_step": 600, "validation_loss": 1.824526309967041, "validation_accuracy": 0.875, "_wandb": {"runtime": 31}}