{"epoch/accuracy": 0.6770833134651184, "epoch/loss": 0.9235853552818298, "epoch/val_accuracy": 0.9166666865348816, "epoch/val_loss": 0.8837737441062927, "epoch/epoch": 69, "_timestamp": 1723094655.9263113, "_runtime": 13.257119178771973, "_step": 70, "validation_loss": 0.8837737441062927, "validation_accuracy": 0.9166666865348816, "_wandb": {"runtime": 11}}