{"epoch/accuracy": 0.3125, "epoch/loss": 1.4981073141098022, "epoch/val_accuracy": 0.2916666567325592, "epoch/val_loss": 1.289392352104187, "epoch/epoch": 69, "_timestamp": 1723118919.847679, "_runtime": 15.489926815032959, "_step": 70, "validation_loss": 1.289392352104187, "validation_accuracy": 0.2916666567325592, "_wandb": {"runtime": 15}}