{"epoch/accuracy": 0.9583333134651184, "epoch/loss": 0.1026657223701477, "epoch/val_accuracy": 0.9583333134651184, "epoch/val_loss": 0.05106498673558235, "epoch/epoch": 29, "_timestamp": 1723097627.4994586, "_runtime": 9.51163649559021, "_step": 30, "validation_loss": 0.05106498673558235, "validation_accuracy": 0.9583333134651184, "_wandb": {"runtime": 9}}