{"epoch/accuracy": 0.8645833134651184, "epoch/loss": 0.46085014939308167, "epoch/val_accuracy": 0.9583333134651184, "epoch/val_loss": 0.45311713218688965, "epoch/epoch": 49, "_timestamp": 1723114015.5138445, "_runtime": 10.62240743637085, "_step": 50, "validation_loss": 0.45311713218688965, "validation_accuracy": 0.9583333134651184, "_wandb": {"runtime": 10}}