{"epoch/accuracy": 1.0, "epoch/loss": 0.00023019844957161695, "epoch/val_accuracy": 0.9583333134651184, "epoch/val_loss": 0.07080674171447754, "epoch/epoch": 599, "_timestamp": 1723102129.2585056, "_runtime": 27.7053325176239, "_step": 600, "validation_loss": 0.07080674171447754, "validation_accuracy": 0.9583333134651184, "_wandb": {"runtime": 27}}