{"epoch/accuracy": 0.9791666865348816, "epoch/loss": 0.2742514908313751, "epoch/val_accuracy": 0.9583333134651184, "epoch/val_loss": 0.8071582913398743, "epoch/epoch": 69, "_timestamp": 1723095249.1772218, "_runtime": 11.938966751098633, "_step": 70, "validation_loss": 0.8071582913398743, "validation_accuracy": 0.9583333134651184, "_wandb": {"runtime": 11}}