{"epoch/accuracy": 1.0, "epoch/loss": 0.0006969856913201511, "epoch/val_accuracy": 0.9583333134651184, "epoch/val_loss": 0.15625309944152832, "epoch/epoch": 149, "_timestamp": 1723112589.2000868, "_runtime": 14.824700832366943, "_step": 150, "validation_loss": 0.15625309944152832, "validation_accuracy": 0.9583333134651184, "_wandb": {"runtime": 14}}