{"epoch/accuracy": 0.7395833134651184, "epoch/loss": 0.7633522152900696, "epoch/val_accuracy": 0.875, "epoch/val_loss": 0.7022493481636047, "epoch/epoch": 599, "_timestamp": 1723108276.3365076, "_runtime": 28.394128561019897, "_step": 600, "validation_loss": 0.7022493481636047, "validation_accuracy": 0.875, "_wandb": {"runtime": 27}}