{"epoch/accuracy": 1.0, "epoch/loss": 0.00027444169973023236, "epoch/val_accuracy": 1.0, "epoch/val_loss": 0.007491821888834238, "epoch/epoch": 69, "_timestamp": 1723101677.1303792, "_runtime": 10.881500244140625, "_step": 70, "validation_loss": 0.007491821888834238, "validation_accuracy": 1.0, "_wandb": {"runtime": 10}}