{"epoch/accuracy": 1.0, "epoch/loss": 0.03936152532696724, "epoch/val_accuracy": 0.9583333134651184, "epoch/val_loss": 0.13846781849861145, "epoch/epoch": 599, "_timestamp": 1723116322.7222881, "_runtime": 29.71256923675537, "_step": 600, "validation_loss": 0.13846781849861145, "validation_accuracy": 0.9583333134651184, "_wandb": {"runtime": 29}}