{"epoch/accuracy": 0.5104166865348816, "epoch/loss": 1.1937174797058105, "epoch/val_accuracy": 0.5833333134651184, "epoch/val_loss": 1.0830415487289429, "epoch/epoch": 69, "_timestamp": 1723110087.3558884, "_runtime": 11.334025382995605, "_step": 70, "validation_loss": 1.0830415487289429, "validation_accuracy": 0.5833333134651184, "_wandb": {"runtime": 10}}