{"epoch/accuracy": 0.9479166865348816, "epoch/loss": 0.21326757967472076, "epoch/val_accuracy": 0.9583333134651184, "epoch/val_loss": 0.2129075974225998, "epoch/epoch": 29, "_timestamp": 1723105651.8642483, "_runtime": 9.90625524520874, "_step": 30, "validation_loss": 0.2129075974225998, "validation_accuracy": 0.9583333134651184, "_wandb": {"runtime": 9}}