{"epoch/accuracy": 1.0, "epoch/loss": 0.001695725484751165, "epoch/val_accuracy": 0.9166666865348816, "epoch/val_loss": 0.18556392192840576, "epoch/epoch": 149, "_timestamp": 1723092093.251525, "_runtime": 14.494769811630249, "_step": 150, "validation_loss": 0.18556392192840576, "validation_accuracy": 0.9166666865348816, "_wandb": {"runtime": 14}}