{"epoch/accuracy": 0.9791666865348816, "epoch/loss": 0.07895944267511368, "epoch/val_accuracy": 0.9583333134651184, "epoch/val_loss": 0.1861027628183365, "epoch/epoch": 99, "_timestamp": 1723112749.3359516, "_runtime": 12.213124513626099, "_step": 100, "validation_loss": 0.1861027628183365, "validation_accuracy": 0.9583333134651184, "_wandb": {"runtime": 11}}