{"epoch/accuracy": 0.6979166865348816, "epoch/loss": 0.8587796688079834, "epoch/val_accuracy": 0.6666666865348816, "epoch/val_loss": 0.8690226674079895, "epoch/epoch": 149, "_timestamp": 1723086103.4186578, "_runtime": 12.96544075012207, "_step": 150, "validation_loss": 0.8690226674079895, "validation_accuracy": 0.6666666865348816, "_wandb": {"runtime": 12}}