{"epoch/accuracy": 0.5416666865348816, "epoch/loss": 1.0858088731765747, "epoch/val_accuracy": 0.6666666865348816, "epoch/val_loss": 1.0182805061340332, "epoch/epoch": 299, "_timestamp": 1723108370.7918854, "_runtime": 19.62894630432129, "_step": 300, "validation_loss": 1.0182805061340332, "validation_accuracy": 0.6666666865348816, "_wandb": {"runtime": 19}}