{"epoch/accuracy": 1.0, "epoch/loss": 0.01091920305043459, "epoch/val_accuracy": 0.9166666865348816, "epoch/val_loss": 0.2249513864517212, "epoch/epoch": 49, "_timestamp": 1723108238.0846586, "_runtime": 10.136687517166138, "_step": 50, "validation_loss": 0.2249513864517212, "validation_accuracy": 0.9166666865348816, "_wandb": {"runtime": 9}}