{"epoch/accuracy": 0.90625, "epoch/loss": 0.29122307896614075, "epoch/val_accuracy": 0.9583333134651184, "epoch/val_loss": 0.2420039027929306, "epoch/epoch": 29, "_timestamp": 1723091323.0255196, "_runtime": 9.640585660934448, "_step": 30, "validation_loss": 0.2420039027929306, "validation_accuracy": 0.9583333134651184, "_wandb": {"runtime": 9}}