{"epoch/accuracy": 0.96875, "epoch/loss": 0.08593674749135971, "epoch/val_accuracy": 0.9583333134651184, "epoch/val_loss": 0.10998565703630447, "epoch/epoch": 149, "_timestamp": 1723075479.1232991, "_runtime": 15.994322061538696, "_step": 150, "validation_loss": 0.10998565703630447, "validation_accuracy": 0.9583333134651184, "_wandb": {"runtime": 15}}