{"epoch/accuracy": 0.8125, "epoch/loss": 0.4722805917263031, "epoch/val_accuracy": 0.875, "epoch/val_loss": 0.36080607771873474, "epoch/epoch": 599, "_timestamp": 1723092742.960176, "_runtime": 30.067754983901978, "_step": 600, "validation_loss": 0.36080607771873474, "validation_accuracy": 0.875, "_wandb": {"runtime": 29}}