{"epoch/accuracy": 0.90625, "epoch/loss": 0.3094368577003479, "epoch/val_accuracy": 0.9166666865348816, "epoch/val_loss": 0.29566922783851624, "epoch/epoch": 149, "_timestamp": 1723083040.7632933, "_runtime": 24.213590383529663, "_step": 150, "validation_loss": 0.29566922783851624, "validation_accuracy": 0.9166666865348816, "_wandb": {"runtime": 23}}