{"epoch/accuracy": 1.0, "epoch/loss": 0.04840788617730141, "epoch/val_accuracy": 0.9583333134651184, "epoch/val_loss": 0.14587460458278656, "epoch/epoch": 149, "_timestamp": 1723092071.0797086, "_runtime": 13.77919054031372, "_step": 150, "validation_loss": 0.14587460458278656, "validation_accuracy": 0.9583333134651184, "_wandb": {"runtime": 13}}