{"epoch/accuracy": 0.5520833134651184, "epoch/loss": 1.1655985116958618, "epoch/val_accuracy": 0.5416666865348816, "epoch/val_loss": 1.1984829902648926, "epoch/epoch": 69, "_timestamp": 1723103890.821916, "_runtime": 11.560336112976074, "_step": 70, "validation_loss": 1.1984829902648926, "validation_accuracy": 0.5416666865348816, "_wandb": {"runtime": 11}}