{"epoch/accuracy": 0.625, "epoch/loss": 1.083783507347107, "epoch/val_accuracy": 0.7916666865348816, "epoch/val_loss": 0.982072651386261, "epoch/epoch": 29, "_timestamp": 1723099791.2028139, "_runtime": 10.075429916381836, "_step": 30, "validation_loss": 0.982072651386261, "validation_accuracy": 0.7916666865348816, "_wandb": {"runtime": 9}}