{"epoch/accuracy": 0.90625, "epoch/loss": 0.2683495283126831, "epoch/val_accuracy": 0.9583333134651184, "epoch/val_loss": 0.31589654088020325, "epoch/epoch": 299, "_timestamp": 1723115182.3147826, "_runtime": 18.877885580062866, "_step": 300, "validation_loss": 0.31589654088020325, "validation_accuracy": 0.9583333134651184, "_wandb": {"runtime": 18}}