{"epoch/accuracy": 1.0, "epoch/loss": 0.0005723903304897249, "epoch/val_accuracy": 0.9583333134651184, "epoch/val_loss": 0.18097184598445892, "epoch/epoch": 99, "_timestamp": 1723114386.4500155, "_runtime": 11.916245460510254, "_step": 100, "validation_loss": 0.18097180128097534, "validation_accuracy": 0.9583333134651184, "_wandb": {"runtime": 11}}