{"epoch/accuracy": 0.3645833432674408, "epoch/loss": 1.3058595657348633, "epoch/val_accuracy": 0.4166666567325592, "epoch/val_loss": 1.270812749862671, "epoch/epoch": 49, "_timestamp": 1723105007.8011632, "_runtime": 10.825854301452637, "_step": 50, "validation_loss": 1.270812749862671, "validation_accuracy": 0.4166666567325592, "_wandb": {"runtime": 10}}