{"epoch/accuracy": 1.0, "epoch/loss": 0.0, "epoch/val_accuracy": 0.9166666865348816, "epoch/val_loss": 9.822680473327637, "epoch/epoch": 149, "_timestamp": 1723086476.9175887, "_runtime": 12.800644636154175, "_step": 150, "validation_loss": 9.822680473327637, "validation_accuracy": 0.9166666865348816, "_wandb": {"runtime": 12}}