{"epoch/accuracy": 0.6666666865348816, "epoch/loss": 1.7005466222763062, "epoch/val_accuracy": 0.75, "epoch/val_loss": 1.5124059915542603, "epoch/epoch": 49, "_timestamp": 1723116046.4965165, "_runtime": 10.306957483291626, "_step": 50, "validation_loss": 1.5124059915542603, "validation_accuracy": 0.75, "_wandb": {"runtime": 9}}