{"epoch/accuracy": 0.6875, "epoch/loss": 0.7614546418190002, "epoch/val_accuracy": 0.9166666865348816, "epoch/val_loss": 0.6088876128196716, "epoch/epoch": 49, "_timestamp": 1723105632.3850157, "_runtime": 9.991053819656372, "_step": 50, "validation_loss": 0.6088876128196716, "validation_accuracy": 0.9166666865348816, "_wandb": {"runtime": 9}}