{"epoch/accuracy": 0.8541666865348816, "epoch/loss": 0.4331100881099701, "epoch/val_accuracy": 0.9583333134651184, "epoch/val_loss": 0.31798842549324036, "epoch/epoch": 299, "_timestamp": 1723093862.0093424, "_runtime": 19.022745370864868, "_step": 300, "validation_loss": 0.31798842549324036, "validation_accuracy": 0.9583333134651184, "_wandb": {"runtime": 18}}