{"epoch/accuracy": 0.75, "epoch/loss": 0.6215317249298096, "epoch/val_accuracy": 0.8333333134651184, "epoch/val_loss": 0.5271649360656738, "epoch/epoch": 49, "_timestamp": 1723110993.757026, "_runtime": 10.357218980789185, "_step": 50, "validation_loss": 0.5271649360656738, "validation_accuracy": 0.8333333134651184, "_wandb": {"runtime": 9}}