{"epoch/accuracy": 1.0, "epoch/loss": 0.00401197699829936, "epoch/val_accuracy": 0.9583333134651184, "epoch/val_loss": 0.17512743175029755, "epoch/epoch": 99, "_timestamp": 1723097609.7651913, "_runtime": 11.575449228286743, "_step": 100, "validation_loss": 0.17512743175029755, "validation_accuracy": 0.9583333134651184, "_wandb": {"runtime": 11}}