{"epoch/accuracy": 1.0, "epoch/loss": 4.1449467971688136e-05, "epoch/val_accuracy": 0.9166666865348816, "epoch/val_loss": 0.6669617295265198, "epoch/epoch": 149, "_timestamp": 1723103533.9728053, "_runtime": 14.152918338775635, "_step": 150, "validation_loss": 0.6669617295265198, "validation_accuracy": 0.9166666865348816, "_wandb": {"runtime": 13}}