{"epoch/accuracy": 0.9479166865348816, "epoch/loss": 0.2267933338880539, "epoch/val_accuracy": 0.9583333134651184, "epoch/val_loss": 0.1515287160873413, "epoch/epoch": 99, "_timestamp": 1723114114.9507298, "_runtime": 11.729399919509888, "_step": 100, "validation_loss": 0.1515287160873413, "validation_accuracy": 0.9583333134651184, "_wandb": {"runtime": 11}}