{"epoch/accuracy": 0.9583333134651184, "epoch/loss": 3.0428903102874756, "epoch/val_accuracy": 0.9583333134651184, "epoch/val_loss": 1.7767510414123535, "epoch/epoch": 49, "_timestamp": 1723080199.846521, "_runtime": 15.586427927017212, "_step": 50, "validation_loss": 1.7767510414123535, "validation_accuracy": 0.9583333134651184, "_wandb": {"runtime": 15}}