{"epoch/accuracy": 0.9895833134651184, "epoch/loss": 0.04679582640528679, "epoch/val_accuracy": 0.9166666865348816, "epoch/val_loss": 0.1686173677444458, "epoch/epoch": 99, "_timestamp": 1723100299.1508996, "_runtime": 12.450339555740356, "_step": 100, "validation_loss": 0.1686173677444458, "validation_accuracy": 0.9166666865348816, "_wandb": {"runtime": 12}}