{"epoch/accuracy": 0.2395833283662796, "epoch/loss": 1.735702395439148, "epoch/val_accuracy": 0.2916666567325592, "epoch/val_loss": 1.4101815223693848, "epoch/epoch": 49, "_timestamp": 1723091764.4838862, "_runtime": 10.36689019203186, "_step": 50, "validation_loss": 1.4101815223693848, "validation_accuracy": 0.2916666567325592, "_wandb": {"runtime": 9}}