{"epoch/accuracy": 0.3854166567325592, "epoch/loss": 11.14311695098877, "epoch/val_accuracy": 0.7083333134651184, "epoch/val_loss": 0.8583061099052429, "epoch/epoch": 29, "_timestamp": 1723113269.621854, "_runtime": 10.186064958572388, "_step": 30, "validation_loss": 0.8583061099052429, "validation_accuracy": 0.7083333134651184, "_wandb": {"runtime": 9}}