{"epoch/accuracy": 0.96875, "epoch/loss": 0.07457413524389267, "epoch/val_accuracy": 0.9166666865348816, "epoch/val_loss": 0.5631866455078125, "epoch/epoch": 49, "_timestamp": 1723114179.0271573, "_runtime": 9.986526250839233, "_step": 50, "validation_loss": 0.5631866455078125, "validation_accuracy": 0.9166666865348816, "_wandb": {"runtime": 9}}