{"epoch/accuracy": 0.9270833134651184, "epoch/loss": 0.4551807940006256, "epoch/val_accuracy": 1.0, "epoch/val_loss": 0.025606190785765648, "epoch/epoch": 99, "_timestamp": 1723118230.9961793, "_runtime": 13.245766401290894, "_step": 100, "validation_loss": 0.025606190785765648, "validation_accuracy": 1.0, "_wandb": {"runtime": 12}}