{"epoch/accuracy": 0.6979166865348816, "epoch/loss": 0.7349351048469543, "epoch/val_accuracy": 0.8333333134651184, "epoch/val_loss": 0.48643288016319275, "epoch/epoch": 149, "_timestamp": 1723090288.077954, "_runtime": 13.324924945831299, "_step": 150, "validation_loss": 0.48643288016319275, "validation_accuracy": 0.8333333134651184, "_wandb": {"runtime": 12}}