{"epoch/accuracy": 0.9791666865348816, "epoch/loss": 0.10870622843503952, "epoch/val_accuracy": 0.9583333134651184, "epoch/val_loss": 0.21276915073394775, "epoch/epoch": 49, "_timestamp": 1723096778.153072, "_runtime": 10.2366201877594, "_step": 50, "validation_loss": 0.21276915073394775, "validation_accuracy": 0.9583333134651184, "_wandb": {"runtime": 9}}