{"epoch/accuracy": 0.9791666865348816, "epoch/loss": 0.22270911931991577, "epoch/val_accuracy": 0.9583333134651184, "epoch/val_loss": 0.7864344120025635, "epoch/epoch": 149, "_timestamp": 1723118872.3389528, "_runtime": 24.96209168434143, "_step": 150, "validation_loss": 0.7864344120025635, "validation_accuracy": 0.9583333134651184, "_wandb": {"runtime": 24}}