{"epoch/accuracy": 0.9791666865348816, "epoch/loss": 0.14474965631961823, "epoch/val_accuracy": 0.9166666865348816, "epoch/val_loss": 0.29746392369270325, "epoch/epoch": 299, "_timestamp": 1723094458.569601, "_runtime": 19.283720016479492, "_step": 300, "validation_loss": 0.29746392369270325, "validation_accuracy": 0.9166666865348816, "_wandb": {"runtime": 18}}