{"epoch/accuracy": 0.96875, "epoch/loss": 0.06247291341423988, "epoch/val_accuracy": 0.9583333134651184, "epoch/val_loss": 0.048297226428985596, "epoch/epoch": 299, "_timestamp": 1723110794.9459257, "_runtime": 19.65404462814331, "_step": 300, "validation_loss": 0.048297226428985596, "validation_accuracy": 0.9583333134651184, "_wandb": {"runtime": 19}}