{"epoch/accuracy": 0.8125, "epoch/loss": 0.7727410197257996, "epoch/val_accuracy": 0.6666666865348816, "epoch/val_loss": 0.8936102986335754, "epoch/epoch": 149, "_timestamp": 1723090516.056062, "_runtime": 15.442667007446289, "_step": 150, "validation_loss": 0.8936102986335754, "validation_accuracy": 0.6666666865348816, "_wandb": {"runtime": 13}}