{"epoch/accuracy": 0.9895833134651184, "epoch/loss": 0.04426752030849457, "epoch/val_accuracy": 0.9583333134651184, "epoch/val_loss": 0.0918639525771141, "epoch/epoch": 599, "_timestamp": 1723089294.9394941, "_runtime": 28.564301013946533, "_step": 600, "validation_loss": 0.0918639525771141, "validation_accuracy": 0.9583333134651184, "_wandb": {"runtime": 28}}