{"epoch/accuracy": 1.0, "epoch/loss": 0.016175808385014534, "epoch/val_accuracy": 0.9583333134651184, "epoch/val_loss": 0.17816412448883057, "epoch/epoch": 69, "_timestamp": 1723101800.602575, "_runtime": 10.449635982513428, "_step": 70, "validation_loss": 0.17816412448883057, "validation_accuracy": 0.9583333134651184, "_wandb": {"runtime": 10}}