{"epoch/accuracy": 1.0, "epoch/loss": 0.0, "epoch/val_accuracy": 0.9166666865348816, "epoch/val_loss": 15.012500762939453, "epoch/epoch": 599, "_timestamp": 1723088364.3368335, "_runtime": 29.080122470855713, "_step": 600, "validation_loss": 15.012500762939453, "validation_accuracy": 0.9166666865348816, "_wandb": {"runtime": 28}}