{"epoch/accuracy": 0.6979166865348816, "epoch/loss": 0.824413537979126, "epoch/val_accuracy": 0.875, "epoch/val_loss": 0.7810637354850769, "epoch/epoch": 149, "_timestamp": 1723121759.2793646, "_runtime": 34.0438175201416, "_step": 150, "validation_loss": 0.7810637354850769, "validation_accuracy": 0.875, "_wandb": {"runtime": 33}}