{"epoch/accuracy": 0.9375, "epoch/loss": 0.22578008472919464, "epoch/val_accuracy": 0.9166666865348816, "epoch/val_loss": 0.22482061386108398, "epoch/epoch": 149, "_timestamp": 1723087761.1731577, "_runtime": 14.360029697418213, "_step": 150, "validation_loss": 0.22482061386108398, "validation_accuracy": 0.9166666865348816, "_wandb": {"runtime": 13}}