{"epoch/accuracy": 0.28125, "epoch/loss": 1.936732292175293, "epoch/val_accuracy": 0.125, "epoch/val_loss": 1.399947166442871, "epoch/epoch": 299, "_timestamp": 1723099040.5126083, "_runtime": 20.487183332443237, "_step": 300, "validation_loss": 1.399947166442871, "validation_accuracy": 0.125, "_wandb": {"runtime": 20}}