{"epoch/accuracy": 1.0, "epoch/loss": 0.034873250871896744, "epoch/val_accuracy": 0.9583333134651184, "epoch/val_loss": 0.17014218866825104, "epoch/epoch": 69, "_timestamp": 1723092829.9066954, "_runtime": 10.909714460372925, "_step": 70, "validation_loss": 0.17014218866825104, "validation_accuracy": 0.9583333134651184, "_wandb": {"runtime": 10}}