{"epoch/accuracy": 1.0, "epoch/loss": 0.0012938677100464702, "epoch/val_accuracy": 0.9583333134651184, "epoch/val_loss": 0.1770145744085312, "epoch/epoch": 49, "_timestamp": 1723086458.020521, "_runtime": 9.772500991821289, "_step": 50, "validation_loss": 0.1770145744085312, "validation_accuracy": 0.9583333134651184, "_wandb": {"runtime": 9}}