{"epoch/accuracy": 0.5416666865348816, "epoch/loss": 1.2779444456100464, "epoch/val_accuracy": 0.6666666865348816, "epoch/val_loss": 1.0911957025527954, "epoch/epoch": 299, "_timestamp": 1723114609.2191875, "_runtime": 19.11970853805542, "_step": 300, "validation_loss": 1.0911957025527954, "validation_accuracy": 0.6666666865348816, "_wandb": {"runtime": 18}}