{"epoch/accuracy": 1.0, "epoch/loss": 0.0055170259438455105, "epoch/val_accuracy": 0.9583333134651184, "epoch/val_loss": 0.25325366854667664, "epoch/epoch": 29, "_timestamp": 1723084781.234442, "_runtime": 9.486809015274048, "_step": 30, "validation_loss": 0.25325366854667664, "validation_accuracy": 0.9583333134651184, "_wandb": {"runtime": 9}}