{"epoch/accuracy": 0.9791666865348816, "epoch/loss": 0.1678578108549118, "epoch/val_accuracy": 0.9166666865348816, "epoch/val_loss": 0.5103824138641357, "epoch/epoch": 99, "_timestamp": 1723096800.4190495, "_runtime": 12.48866057395935, "_step": 100, "validation_loss": 0.5103824138641357, "validation_accuracy": 0.9166666865348816, "_wandb": {"runtime": 12}}