{"epoch/accuracy": 0.9791666865348816, "epoch/loss": 0.11920977383852005, "epoch/val_accuracy": 0.9166666865348816, "epoch/val_loss": 0.22667908668518066, "epoch/epoch": 49, "_timestamp": 1723109420.870961, "_runtime": 10.053292036056519, "_step": 50, "validation_loss": 0.22667910158634186, "validation_accuracy": 0.9166666865348816, "_wandb": {"runtime": 9}}