{"epoch/accuracy": 1.0, "epoch/loss": 0.011266951449215412, "epoch/val_accuracy": 0.9583333134651184, "epoch/val_loss": 0.15251101553440094, "epoch/epoch": 599, "_timestamp": 1723086589.058929, "_runtime": 28.435746908187866, "_step": 600, "validation_loss": 0.15251101553440094, "validation_accuracy": 0.9583333134651184, "_wandb": {"runtime": 28}}