{"epoch/accuracy": 0.9583333134651184, "epoch/loss": 0.18463139235973358, "epoch/val_accuracy": 0.9166666865348816, "epoch/val_loss": 0.20801007747650146, "epoch/epoch": 299, "_timestamp": 1723101574.2526891, "_runtime": 19.09695816040039, "_step": 300, "validation_loss": 0.20801007747650146, "validation_accuracy": 0.9166666865348816, "_wandb": {"runtime": 18}}