{"epoch/accuracy": 0.8958333134651184, "epoch/loss": 0.619736909866333, "epoch/val_accuracy": 0.8333333134651184, "epoch/val_loss": 0.7277601361274719, "epoch/epoch": 69, "_timestamp": 1723115688.6063292, "_runtime": 11.466877222061157, "_step": 70, "validation_loss": 0.7277601361274719, "validation_accuracy": 0.8333333134651184, "_wandb": {"runtime": 11}}