{"epoch/accuracy": 0.6875, "epoch/loss": 0.7316193580627441, "epoch/val_accuracy": 0.75, "epoch/val_loss": 0.8090519905090332, "epoch/epoch": 99, "_timestamp": 1723119862.6459513, "_runtime": 17.347942352294922, "_step": 100, "validation_loss": 0.8090519905090332, "validation_accuracy": 0.75, "_wandb": {"runtime": 16}}