{"epoch/accuracy": 0.3541666567325592, "epoch/loss": 4.143537998199463, "epoch/val_accuracy": 0.3333333432674408, "epoch/val_loss": 1.2745075225830078, "epoch/epoch": 49, "_timestamp": 1723084226.0198715, "_runtime": 18.241262435913086, "_step": 50, "validation_loss": 1.2745075225830078, "validation_accuracy": 0.3333333432674408, "_wandb": {"runtime": 17}}