{"epoch/accuracy": 0.9895833134651184, "epoch/loss": 0.02371654100716114, "epoch/val_accuracy": 0.9166666865348816, "epoch/val_loss": 0.34778979420661926, "epoch/epoch": 599, "_timestamp": 1723075810.9152749, "_runtime": 35.38617396354675, "_step": 600, "validation_loss": 0.34778979420661926, "validation_accuracy": 0.9166666865348816, "_wandb": {"runtime": 35}}