{"epoch/accuracy": 0.9791666865348816, "epoch/loss": 0.04697030782699585, "epoch/val_accuracy": 0.9583333134651184, "epoch/val_loss": 2.393458604812622, "epoch/epoch": 99, "_timestamp": 1723108607.121678, "_runtime": 11.500160217285156, "_step": 100, "validation_loss": 2.393458604812622, "validation_accuracy": 0.9583333134651184, "_wandb": {"runtime": 11}}