{"epoch/accuracy": 1.0, "epoch/loss": 0.014250040054321289, "epoch/val_accuracy": 0.9583333134651184, "epoch/val_loss": 0.14583832025527954, "epoch/epoch": 299, "_timestamp": 1723115733.3268101, "_runtime": 19.316819190979004, "_step": 300, "validation_loss": 0.14583832025527954, "validation_accuracy": 0.9583333134651184, "_wandb": {"runtime": 18}}