{"epoch/accuracy": 1.0, "epoch/loss": 0.00020196397963445634, "epoch/val_accuracy": 0.9166666865348816, "epoch/val_loss": 0.2682073712348938, "epoch/epoch": 599, "_timestamp": 1723093059.8154256, "_runtime": 30.27627468109131, "_step": 600, "validation_loss": 0.2682073414325714, "validation_accuracy": 0.9166666865348816, "_wandb": {"runtime": 29}}