{"epoch/accuracy": 0.4166666567325592, "epoch/loss": 1.2709122896194458, "epoch/val_accuracy": 0.4166666567325592, "epoch/val_loss": 1.2547812461853027, "epoch/epoch": 29, "_timestamp": 1723090087.8077407, "_runtime": 10.002161741256714, "_step": 30, "validation_loss": 1.2547812461853027, "validation_accuracy": 0.4166666567325592, "_wandb": {"runtime": 9}}