{"epoch/accuracy": 0.3125, "epoch/loss": 1.5347622632980347, "epoch/val_accuracy": 0.3333333432674408, "epoch/val_loss": 1.3549026250839233, "epoch/epoch": 29, "_timestamp": 1723096915.4258125, "_runtime": 10.083786487579346, "_step": 30, "validation_loss": 1.3549026250839233, "validation_accuracy": 0.3333333432674408, "_wandb": {"runtime": 9}}