{"epoch/accuracy": 0.90625, "epoch/loss": 0.40544214844703674, "epoch/val_accuracy": 0.7916666865348816, "epoch/val_loss": 0.45594942569732666, "epoch/epoch": 69, "_timestamp": 1723076946.645628, "_runtime": 13.165358066558838, "_step": 70, "validation_loss": 0.45594942569732666, "validation_accuracy": 0.7916666865348816, "_wandb": {"runtime": 12}}