{"epoch/accuracy": 1.0, "epoch/loss": 1.1175868230850483e-08, "epoch/val_accuracy": 0.9583333134651184, "epoch/val_loss": 0.07785988599061966, "epoch/epoch": 299, "_timestamp": 1723103297.1041853, "_runtime": 18.73430633544922, "_step": 300, "validation_loss": 0.07785988599061966, "validation_accuracy": 0.9583333134651184, "_wandb": {"runtime": 18}}