{"epoch/accuracy": 0.9791666865348816, "epoch/loss": 0.21452696621418, "epoch/val_accuracy": 0.875, "epoch/val_loss": 0.2829072177410126, "epoch/epoch": 29, "_timestamp": 1723095020.3183463, "_runtime": 9.335113286972046, "_step": 30, "validation_loss": 0.2829072177410126, "validation_accuracy": 0.875, "_wandb": {"runtime": 8}}