{"epoch/accuracy": 0.5104166865348816, "epoch/loss": 2.652125120162964, "epoch/val_accuracy": 0.4583333432674408, "epoch/val_loss": 1.0106730461120605, "epoch/epoch": 69, "_timestamp": 1723089436.891883, "_runtime": 11.58989691734314, "_step": 70, "validation_loss": 1.0106730461120605, "validation_accuracy": 0.4583333432674408, "_wandb": {"runtime": 11}}