{"epoch/accuracy": 0.3854166567325592, "epoch/loss": 1.6524969339370728, "epoch/val_accuracy": 0.2916666567325592, "epoch/val_loss": 1.3415342569351196, "epoch/epoch": 49, "_timestamp": 1723094760.7435105, "_runtime": 10.636674404144287, "_step": 50, "validation_loss": 1.3415342569351196, "validation_accuracy": 0.2916666567325592, "_wandb": {"runtime": 10}}