{"epoch/accuracy": 1.0, "epoch/loss": 5.7712921261554584e-05, "epoch/val_accuracy": 0.9583333134651184, "epoch/val_loss": 0.2539525032043457, "epoch/epoch": 69, "_timestamp": 1723110262.6599777, "_runtime": 11.646647691726685, "_step": 70, "validation_loss": 0.2539525032043457, "validation_accuracy": 0.9583333134651184, "_wandb": {"runtime": 11}}