{"epoch/accuracy": 0.9270833134651184, "epoch/loss": 3.2894887924194336, "epoch/val_accuracy": 0.9166666865348816, "epoch/val_loss": 2.80114483833313, "epoch/epoch": 69, "_timestamp": 1723095269.3144891, "_runtime": 11.228235244750977, "_step": 70, "validation_loss": 2.80114483833313, "validation_accuracy": 0.9166666865348816, "_wandb": {"runtime": 10}}