{"epoch/accuracy": 0.9583333134651184, "epoch/loss": 0.1763584017753601, "epoch/val_accuracy": 0.9583333134651184, "epoch/val_loss": 0.16567035019397736, "epoch/epoch": 29, "_timestamp": 1723085579.2598145, "_runtime": 9.882963418960571, "_step": 30, "validation_loss": 0.16567036509513855, "validation_accuracy": 0.9583333134651184, "_wandb": {"runtime": 9}}