{"epoch/accuracy": 0.8125, "epoch/loss": 0.5242049098014832, "epoch/val_accuracy": 0.875, "epoch/val_loss": 0.4672876298427582, "epoch/epoch": 299, "_timestamp": 1723112363.0881488, "_runtime": 21.035574913024902, "_step": 300, "validation_loss": 0.4672876298427582, "validation_accuracy": 0.875, "_wandb": {"runtime": 18}}