{"epoch/accuracy": 0.9375, "epoch/loss": 0.21875043213367462, "epoch/val_accuracy": 0.9583333134651184, "epoch/val_loss": 0.20299141108989716, "epoch/epoch": 299, "_timestamp": 1723110007.487086, "_runtime": 18.746178150177002, "_step": 300, "validation_loss": 0.20299141108989716, "validation_accuracy": 0.9583333134651184, "_wandb": {"runtime": 18}}