{"epoch/accuracy": 0.6041666865348816, "epoch/loss": 0.9401803016662598, "epoch/val_accuracy": 0.5833333134651184, "epoch/val_loss": 0.9416952133178711, "epoch/epoch": 599, "_timestamp": 1723079355.134651, "_runtime": 59.21176290512085, "_step": 600, "validation_loss": 0.9416952133178711, "validation_accuracy": 0.5833333134651184, "_wandb": {"runtime": 58}}