{"epoch/accuracy": 0.2604166567325592, "epoch/loss": 1.3862665891647339, "epoch/val_accuracy": 0.125, "epoch/val_loss": 1.3988018035888672, "epoch/epoch": 599, "_timestamp": 1723102925.8802285, "_runtime": 28.665117502212524, "_step": 600, "validation_loss": 1.3988018035888672, "validation_accuracy": 0.125, "_wandb": {"runtime": 28}}