{"epoch/accuracy": 0.75, "epoch/loss": 0.75432950258255, "epoch/val_accuracy": 0.8333333134651184, "epoch/val_loss": 0.7835553288459778, "epoch/epoch": 49, "_timestamp": 1723114991.569025, "_runtime": 10.885903120040894, "_step": 50, "validation_loss": 0.7835553288459778, "validation_accuracy": 0.8333333134651184, "_wandb": {"runtime": 10}}