{"epoch/accuracy": 0.2291666716337204, "epoch/loss": 1.3878134489059448, "epoch/val_accuracy": 0.25, "epoch/val_loss": 1.3973970413208008, "epoch/epoch": 299, "_timestamp": 1723081781.3167524, "_runtime": 37.94634532928467, "_step": 300, "validation_loss": 1.3973970413208008, "validation_accuracy": 0.25, "_wandb": {"runtime": 37}}