{"epoch/accuracy": 0.9270833134651184, "epoch/loss": 0.5792531967163086, "epoch/val_accuracy": 0.9166666865348816, "epoch/val_loss": 0.7123371958732605, "epoch/epoch": 149, "_timestamp": 1723076992.6385994, "_runtime": 16.883970499038696, "_step": 150, "validation_loss": 0.7123371958732605, "validation_accuracy": 0.9166666865348816, "_wandb": {"runtime": 16}}