{"epoch/accuracy": 0.9791666865348816, "epoch/loss": 0.17881853878498077, "epoch/val_accuracy": 0.9166666865348816, "epoch/val_loss": 0.2682149112224579, "epoch/epoch": 299, "_timestamp": 1723108016.0173597, "_runtime": 19.96048665046692, "_step": 300, "validation_loss": 0.2682149112224579, "validation_accuracy": 0.9166666865348816, "_wandb": {"runtime": 18}}