{"epoch/accuracy": 0.9375, "epoch/loss": 0.24428994953632355, "epoch/val_accuracy": 0.9166666865348816, "epoch/val_loss": 1.4931634664535522, "epoch/epoch": 299, "_timestamp": 1723112002.170216, "_runtime": 19.155688047409058, "_step": 300, "validation_loss": 1.4931634664535522, "validation_accuracy": 0.9166666865348816, "_wandb": {"runtime": 18}}