{"epoch/accuracy": 1.0, "epoch/loss": 0.03196414187550545, "epoch/val_accuracy": 0.9583333134651184, "epoch/val_loss": 0.15480931103229523, "epoch/epoch": 49, "_timestamp": 1723076459.3144436, "_runtime": 11.648382663726807, "_step": 50, "validation_loss": 0.15480931103229523, "validation_accuracy": 0.9583333134651184, "_wandb": {"runtime": 11}}