{"epoch/accuracy": 1.0, "epoch/loss": 0.02341015636920929, "epoch/val_accuracy": 0.9166666865348816, "epoch/val_loss": 0.14773380756378174, "epoch/epoch": 69, "_timestamp": 1723114499.9659142, "_runtime": 11.906796216964722, "_step": 70, "validation_loss": 0.14773380756378174, "validation_accuracy": 0.9166666865348816, "_wandb": {"runtime": 11}}