{"epoch/accuracy": 0.9895833134651184, "epoch/loss": 0.03672661632299423, "epoch/val_accuracy": 0.9166666865348816, "epoch/val_loss": 0.24307815730571747, "epoch/epoch": 299, "_timestamp": 1723091747.5993876, "_runtime": 19.066712617874146, "_step": 300, "validation_loss": 0.24307815730571747, "validation_accuracy": 0.9166666865348816, "_wandb": {"runtime": 18}}