{"epoch/accuracy": 0.9479166865348816, "epoch/loss": 0.1627846509218216, "epoch/val_accuracy": 0.875, "epoch/val_loss": 0.3826117217540741, "epoch/epoch": 29, "_timestamp": 1723088081.3585186, "_runtime": 13.119674682617188, "_step": 30, "validation_loss": 0.3826117217540741, "validation_accuracy": 0.875, "_wandb": {"runtime": 9}}