{"epoch/accuracy": 0.8541666865348816, "epoch/loss": 0.4081932306289673, "epoch/val_accuracy": 0.9166666865348816, "epoch/val_loss": 0.24591749906539917, "epoch/epoch": 149, "_timestamp": 1723086805.9528651, "_runtime": 12.928179025650024, "_step": 150, "validation_loss": 0.24591749906539917, "validation_accuracy": 0.9166666865348816, "_wandb": {"runtime": 12}}