{"epoch/accuracy": 0.5208333134651184, "epoch/loss": 1.7058087587356567, "epoch/val_accuracy": 0.4166666567325592, "epoch/val_loss": 1.006816029548645, "epoch/epoch": 49, "_timestamp": 1723117899.5720315, "_runtime": 11.14059853553772, "_step": 50, "validation_loss": 1.006816029548645, "validation_accuracy": 0.4166666567325592, "_wandb": {"runtime": 10}}