{"epoch/accuracy": 1.0, "epoch/loss": 0.008210397325456142, "epoch/val_accuracy": 0.9583333134651184, "epoch/val_loss": 0.32130858302116394, "epoch/epoch": 29, "_timestamp": 1723104817.458157, "_runtime": 9.501196146011353, "_step": 30, "validation_loss": 0.32130858302116394, "validation_accuracy": 0.9583333134651184, "_wandb": {"runtime": 9}}