{"epoch/accuracy": 0.9895833134651184, "epoch/loss": 0.02584259770810604, "epoch/val_accuracy": 0.9166666865348816, "epoch/val_loss": 0.2100338190793991, "epoch/epoch": 299, "_timestamp": 1723078238.371961, "_runtime": 36.51336312294006, "_step": 300, "validation_loss": 0.2100338190793991, "validation_accuracy": 0.9166666865348816, "_wandb": {"runtime": 36}}