{"epoch/accuracy": 0.2604166567325592, "epoch/loss": 1.3903635740280151, "epoch/val_accuracy": 0.25, "epoch/val_loss": 1.3939355611801147, "epoch/epoch": 299, "_timestamp": 1723114677.0268965, "_runtime": 19.363300561904907, "_step": 300, "validation_loss": 1.3939355611801147, "validation_accuracy": 0.25, "_wandb": {"runtime": 18}}