{"epoch/accuracy": 1.0, "epoch/loss": 0.00012904919276479632, "epoch/val_accuracy": 0.9166666865348816, "epoch/val_loss": 0.6690914630889893, "epoch/epoch": 69, "_timestamp": 1723080746.5860221, "_runtime": 17.463435173034668, "_step": 70, "validation_loss": 0.6690914630889893, "validation_accuracy": 0.9166666865348816, "_wandb": {"runtime": 17}}