{"epoch/accuracy": 0.8958333134651184, "epoch/loss": 0.30304962396621704, "epoch/val_accuracy": 0.875, "epoch/val_loss": 0.22724147140979767, "epoch/epoch": 49, "_timestamp": 1723088504.6340284, "_runtime": 10.38580846786499, "_step": 50, "validation_loss": 0.22724147140979767, "validation_accuracy": 0.875, "_wandb": {"runtime": 9}}