{"epoch/accuracy": 0.6875, "epoch/loss": 0.9766125679016113, "epoch/val_accuracy": 0.8333333134651184, "epoch/val_loss": 1.0032340288162231, "epoch/epoch": 69, "_timestamp": 1723075929.5586476, "_runtime": 12.772090673446655, "_step": 70, "validation_loss": 1.0032340288162231, "validation_accuracy": 0.8333333134651184, "_wandb": {"runtime": 12}}