{"epoch/accuracy": 0.9791666865348816, "epoch/loss": 0.07096217572689056, "epoch/val_accuracy": 0.9583333134651184, "epoch/val_loss": 0.15527081489562988, "epoch/epoch": 599, "_timestamp": 1723087084.1519563, "_runtime": 27.934638261795044, "_step": 600, "validation_loss": 0.15527081489562988, "validation_accuracy": 0.9583333134651184, "_wandb": {"runtime": 27}}