{"epoch/accuracy": 1.0, "epoch/loss": 0.041378382593393326, "epoch/val_accuracy": 0.9583333134651184, "epoch/val_loss": 0.11323625594377518, "epoch/epoch": 69, "_timestamp": 1723101007.7473729, "_runtime": 11.390220880508423, "_step": 70, "validation_loss": 0.11323625594377518, "validation_accuracy": 0.9583333134651184, "_wandb": {"runtime": 11}}