{"epoch/accuracy": 0.7083333134651184, "epoch/loss": 0.5785415172576904, "epoch/val_accuracy": 0.7916666865348816, "epoch/val_loss": 7.660786151885986, "epoch/epoch": 299, "_timestamp": 1723084320.3850894, "_runtime": 36.196226358413696, "_step": 300, "validation_loss": 7.660786151885986, "validation_accuracy": 0.7916666865348816, "_wandb": {"runtime": 35}}