{"epoch/accuracy": 0.96875, "epoch/loss": 0.10880116373300552, "epoch/val_accuracy": 0.9166666865348816, "epoch/val_loss": 0.12213921546936035, "epoch/epoch": 29, "_timestamp": 1723090000.9363737, "_runtime": 9.329847812652588, "_step": 30, "validation_loss": 0.12213920801877975, "validation_accuracy": 0.9166666865348816, "_wandb": {"runtime": 8}}