{"epoch/accuracy": 0.5, "epoch/loss": 1.0470417737960815, "epoch/val_accuracy": 0.875, "epoch/val_loss": 0.5692359805107117, "epoch/epoch": 69, "_timestamp": 1723116510.0197961, "_runtime": 11.43028712272644, "_step": 70, "validation_loss": 0.5692359805107117, "validation_accuracy": 0.875, "_wandb": {"runtime": 11}}