{"epoch/accuracy": 0.3854166567325592, "epoch/loss": 1.3276382684707642, "epoch/val_accuracy": 0.6666666865348816, "epoch/val_loss": 1.2386821508407593, "epoch/epoch": 49, "_timestamp": 1723103722.2236533, "_runtime": 11.054816246032715, "_step": 50, "validation_loss": 1.2386821508407593, "validation_accuracy": 0.6666666865348816, "_wandb": {"runtime": 10}}