{"epoch/accuracy": 0.21875, "epoch/loss": 1.9600070714950562, "epoch/val_accuracy": 0.2083333283662796, "epoch/val_loss": 1.5746129751205444, "epoch/epoch": 49, "_timestamp": 1723084884.96506, "_runtime": 10.37713098526001, "_step": 50, "validation_loss": 1.5746129751205444, "validation_accuracy": 0.2083333283662796, "_wandb": {"runtime": 9}}