{"epoch/accuracy": 0.7604166865348816, "epoch/loss": 94.48440551757812, "epoch/val_accuracy": 0.9166666865348816, "epoch/val_loss": 2.467081308364868, "epoch/epoch": 49, "_timestamp": 1723116804.9476993, "_runtime": 12.072339296340942, "_step": 50, "validation_loss": 2.467081308364868, "validation_accuracy": 0.9166666865348816, "_wandb": {"runtime": 11}}