{"epoch/accuracy": 0.9270833134651184, "epoch/loss": 1.164851188659668, "epoch/val_accuracy": 0.9166666865348816, "epoch/val_loss": 2.209714651107788, "epoch/epoch": 29, "_timestamp": 1723116849.424954, "_runtime": 9.52043104171753, "_step": 30, "validation_loss": 2.209714651107788, "validation_accuracy": 0.9166666865348816, "_wandb": {"runtime": 9}}