{"epoch/accuracy": 0.9166666865348816, "epoch/loss": 2.550187826156616, "epoch/val_accuracy": 0.9166666865348816, "epoch/val_loss": 0.19153916835784912, "epoch/epoch": 149, "_timestamp": 1723088953.0971498, "_runtime": 13.336131811141968, "_step": 150, "validation_loss": 0.19153916835784912, "validation_accuracy": 0.9166666865348816, "_wandb": {"runtime": 13}}