{"epoch/accuracy": 0.2916666567325592, "epoch/loss": 1.3838545083999634, "epoch/val_accuracy": 0.25, "epoch/val_loss": 1.3693939447402954, "epoch/epoch": 69, "_timestamp": 1723115971.7660017, "_runtime": 11.443906784057617, "_step": 70, "validation_loss": 1.3693939447402954, "validation_accuracy": 0.25, "_wandb": {"runtime": 11}}