{"epoch/accuracy": 0.8541666865348816, "epoch/loss": 0.36059674620628357, "epoch/val_accuracy": 0.8333333134651184, "epoch/val_loss": 0.417574018239975, "epoch/epoch": 299, "_timestamp": 1723088779.836471, "_runtime": 18.852936029434204, "_step": 300, "validation_loss": 0.417574018239975, "validation_accuracy": 0.8333333134651184, "_wandb": {"runtime": 18}}