{"epoch/accuracy": 0.4270833432674408, "epoch/loss": 1.2310343980789185, "epoch/val_accuracy": 0.5, "epoch/val_loss": 1.2831875085830688, "epoch/epoch": 49, "_timestamp": 1723103315.0072458, "_runtime": 10.747764825820923, "_step": 50, "validation_loss": 1.2831875085830688, "validation_accuracy": 0.5, "_wandb": {"runtime": 10}}