{"epoch/accuracy": 0.4895833432674408, "epoch/loss": 1.1467927694320679, "epoch/val_accuracy": 0.8333333134651184, "epoch/val_loss": 1.0433858633041382, "epoch/epoch": 599, "_timestamp": 1723115622.6873653, "_runtime": 28.831266403198242, "_step": 600, "validation_loss": 1.0433858633041382, "validation_accuracy": 0.8333333134651184, "_wandb": {"runtime": 28}}