{"epoch/accuracy": 0.9166666865348816, "epoch/loss": 0.38866952061653137, "epoch/val_accuracy": 0.875, "epoch/val_loss": 0.543793261051178, "epoch/epoch": 29, "_timestamp": 1723108094.7214053, "_runtime": 10.205902338027954, "_step": 30, "validation_loss": 0.543793261051178, "validation_accuracy": 0.875, "_wandb": {"runtime": 9}}