{"epoch/accuracy": 0.9583333134651184, "epoch/loss": 0.3558286428451538, "epoch/val_accuracy": 0.9166666865348816, "epoch/val_loss": 2.3562843799591064, "epoch/epoch": 29, "_timestamp": 1723087993.9006994, "_runtime": 12.154533386230469, "_step": 30, "validation_loss": 2.3562843799591064, "validation_accuracy": 0.9166666865348816, "_wandb": {"runtime": 9}}