{"epoch/accuracy": 1.0, "epoch/loss": 5.4513326176675037e-05, "epoch/val_accuracy": 0.9583333134651184, "epoch/val_loss": 0.1978534460067749, "epoch/epoch": 299, "_timestamp": 1723103578.193202, "_runtime": 18.17982006072998, "_step": 300, "validation_loss": 0.1978534460067749, "validation_accuracy": 0.9583333134651184, "_wandb": {"runtime": 17}}