{"epoch/accuracy": 0.8854166865348816, "epoch/loss": 0.3306097686290741, "epoch/val_accuracy": 0.8333333134651184, "epoch/val_loss": 2.106658697128296, "epoch/epoch": 99, "_timestamp": 1723113727.5510294, "_runtime": 12.635997533798218, "_step": 100, "validation_loss": 2.106658697128296, "validation_accuracy": 0.8333333134651184, "_wandb": {"runtime": 12}}