{"epoch/accuracy": 0.78125, "epoch/loss": 0.6139203906059265, "epoch/val_accuracy": 0.75, "epoch/val_loss": 0.7192108035087585, "epoch/epoch": 69, "_timestamp": 1723106174.833881, "_runtime": 11.278037786483765, "_step": 70, "validation_loss": 0.7192108035087585, "validation_accuracy": 0.75, "_wandb": {"runtime": 10}}