{"epoch/accuracy": 0.5729166865348816, "epoch/loss": 6.2175116539001465, "epoch/val_accuracy": 0.5833333134651184, "epoch/val_loss": 0.9380477070808411, "epoch/epoch": 49, "_timestamp": 1723110817.4091077, "_runtime": 10.940341711044312, "_step": 50, "validation_loss": 0.9380477070808411, "validation_accuracy": 0.5833333134651184, "_wandb": {"runtime": 10}}