{"epoch/accuracy": 1.0, "epoch/loss": 0.01125269290059805, "epoch/val_accuracy": 0.9583333134651184, "epoch/val_loss": 0.1026870608329773, "epoch/epoch": 149, "_timestamp": 1723077106.6920662, "_runtime": 17.772558212280273, "_step": 150, "validation_loss": 0.10268706828355789, "validation_accuracy": 0.9583333134651184, "_wandb": {"runtime": 17}}