{"epoch/accuracy": 0.8645833134651184, "epoch/loss": 0.5818633437156677, "epoch/val_accuracy": 0.9166666865348816, "epoch/val_loss": 0.196925088763237, "epoch/epoch": 49, "_timestamp": 1723118208.7928777, "_runtime": 11.389459609985352, "_step": 50, "validation_loss": 0.196925088763237, "validation_accuracy": 0.9166666865348816, "_wandb": {"runtime": 11}}