{"epoch/accuracy": 1.0, "epoch/loss": 0.010665204375982285, "epoch/val_accuracy": 0.9166666865348816, "epoch/val_loss": 0.20403335988521576, "epoch/epoch": 99, "_timestamp": 1723105469.276458, "_runtime": 12.114871978759766, "_step": 100, "validation_loss": 0.20403335988521576, "validation_accuracy": 0.9166666865348816, "_wandb": {"runtime": 11}}