{"epoch/accuracy": 0.90625, "epoch/loss": 0.31718990206718445, "epoch/val_accuracy": 0.9166666865348816, "epoch/val_loss": 0.31748083233833313, "epoch/epoch": 29, "_timestamp": 1723089881.9028218, "_runtime": 9.51592469215393, "_step": 30, "validation_loss": 0.31748083233833313, "validation_accuracy": 0.9166666865348816, "_wandb": {"runtime": 10}}