{"epoch/accuracy": 0.9270833134651184, "epoch/loss": 0.46637406945228577, "epoch/val_accuracy": 0.7916666865348816, "epoch/val_loss": 24.312158584594727, "epoch/epoch": 99, "_timestamp": 1723081174.440345, "_runtime": 21.829682111740112, "_step": 100, "validation_loss": 24.312158584594727, "validation_accuracy": 0.7916666865348816, "_wandb": {"runtime": 21}}