{"epoch/accuracy": 0.53125, "epoch/loss": 4.0372700691223145, "epoch/val_accuracy": 0.8333333134651184, "epoch/val_loss": 0.5983847975730896, "epoch/epoch": 29, "_timestamp": 1723107925.9982018, "_runtime": 10.048897743225098, "_step": 30, "validation_loss": 0.5983847975730896, "validation_accuracy": 0.8333333134651184, "_wandb": {"runtime": 9}}