{"epoch/accuracy": 0.875, "epoch/loss": 0.36960864067077637, "epoch/val_accuracy": 0.9166666865348816, "epoch/val_loss": 0.3309706747531891, "epoch/epoch": 69, "_timestamp": 1723113874.737181, "_runtime": 11.462897062301636, "_step": 70, "validation_loss": 0.33097073435783386, "validation_accuracy": 0.9166666865348816, "_wandb": {"runtime": 11}}