{"epoch/accuracy": 0.3125, "epoch/loss": 1.3929557800292969, "epoch/val_accuracy": 0.3333333432674408, "epoch/val_loss": 1.3521162271499634, "epoch/epoch": 29, "_timestamp": 1723077607.3524585, "_runtime": 11.822371482849121, "_step": 30, "validation_loss": 1.3521162271499634, "validation_accuracy": 0.3333333432674408, "_wandb": {"runtime": 11}}