{"epoch/accuracy": 0.7395833134651184, "epoch/loss": 0.8307320475578308, "epoch/val_accuracy": 0.7916666865348816, "epoch/val_loss": 0.8775427937507629, "epoch/epoch": 29, "_timestamp": 1723099351.3154309, "_runtime": 10.17408299446106, "_step": 30, "validation_loss": 0.8775427937507629, "validation_accuracy": 0.7916666865348816, "_wandb": {"runtime": 9}}