{"epoch/accuracy": 0.4895833432674408, "epoch/loss": 1.0899513959884644, "epoch/val_accuracy": 0.5, "epoch/val_loss": 1.1170419454574585, "epoch/epoch": 299, "_timestamp": 1723100861.9744205, "_runtime": 19.445210456848145, "_step": 300, "validation_loss": 1.1170419454574585, "validation_accuracy": 0.5, "_wandb": {"runtime": 18}}