{"epoch/accuracy": 0.8541666865348816, "epoch/loss": 5.172118663787842, "epoch/val_accuracy": 0.9583333134651184, "epoch/val_loss": 0.0704951360821724, "epoch/epoch": 99, "_timestamp": 1723076723.077595, "_runtime": 15.171830892562866, "_step": 100, "validation_loss": 0.0704951360821724, "validation_accuracy": 0.9583333134651184, "_wandb": {"runtime": 30}}