{"epoch/accuracy": 1.0, "epoch/loss": 0.009244040586054325, "epoch/val_accuracy": 0.9166666865348816, "epoch/val_loss": 0.17309045791625977, "epoch/epoch": 69, "_timestamp": 1723106518.8721833, "_runtime": 11.563473224639893, "_step": 70, "validation_loss": 0.17309045791625977, "validation_accuracy": 0.9166666865348816, "_wandb": {"runtime": 10}}