{"epoch/accuracy": 0.6354166865348816, "epoch/loss": 0.8684789538383484, "epoch/val_accuracy": 0.7916666865348816, "epoch/val_loss": 0.792293131351471, "epoch/epoch": 99, "_timestamp": 1723097163.0548244, "_runtime": 12.5683434009552, "_step": 100, "validation_loss": 0.792293131351471, "validation_accuracy": 0.7916666865348816, "_wandb": {"runtime": 11}}