{"epoch/accuracy": 1.0, "epoch/loss": 0.011127985082566738, "epoch/val_accuracy": 0.9583333134651184, "epoch/val_loss": 0.3363512456417084, "epoch/epoch": 149, "_timestamp": 1723116029.2693105, "_runtime": 13.74424958229065, "_step": 150, "validation_loss": 0.3363512456417084, "validation_accuracy": 0.9583333134651184, "_wandb": {"runtime": 13}}