{"epoch/accuracy": 0.96875, "epoch/loss": 0.17514754831790924, "epoch/val_accuracy": 0.9583333134651184, "epoch/val_loss": 0.12445185333490372, "epoch/epoch": 149, "_timestamp": 1723105185.2111819, "_runtime": 14.384110927581787, "_step": 150, "validation_loss": 0.12445185333490372, "validation_accuracy": 0.9583333134651184, "_wandb": {"runtime": 13}}