{"epoch/accuracy": 0.9583333134651184, "epoch/loss": 0.11616826057434082, "epoch/val_accuracy": 0.9166666865348816, "epoch/val_loss": 0.15520642697811127, "epoch/epoch": 99, "_timestamp": 1723115491.233731, "_runtime": 12.956900119781494, "_step": 100, "validation_loss": 0.15520642697811127, "validation_accuracy": 0.9166666865348816, "_wandb": {"runtime": 12}}