{"epoch/accuracy": 0.9895833134651184, "epoch/loss": 1.609197735786438, "epoch/val_accuracy": 1.0, "epoch/val_loss": 0.0, "epoch/epoch": 599, "_timestamp": 1723104046.0623229, "_runtime": 28.80270290374756, "_step": 600, "validation_loss": 0.0, "validation_accuracy": 1.0, "_wandb": {"runtime": 28}}