{"epoch/accuracy": 1.0, "epoch/loss": 0.003971165977418423, "epoch/val_accuracy": 0.9583333134651184, "epoch/val_loss": 0.21899257600307465, "epoch/epoch": 69, "_timestamp": 1723100787.1459827, "_runtime": 10.931265830993652, "_step": 70, "validation_loss": 0.21899257600307465, "validation_accuracy": 0.9583333134651184, "_wandb": {"runtime": 10}}