{"epoch/accuracy": 0.59375, "epoch/loss": 1.0642977952957153, "epoch/val_accuracy": 0.4583333432674408, "epoch/val_loss": 1.197957992553711, "epoch/epoch": 29, "_timestamp": 1723076114.840605, "_runtime": 11.23932409286499, "_step": 30, "validation_loss": 1.197957992553711, "validation_accuracy": 0.4583333432674408, "_wandb": {"runtime": 10}}