{"epoch/accuracy": 0.9166666865348816, "epoch/loss": 0.38387012481689453, "epoch/val_accuracy": 0.9583333134651184, "epoch/val_loss": 0.4336833953857422, "epoch/epoch": 69, "_timestamp": 1723078419.0129335, "_runtime": 17.728269577026367, "_step": 70, "validation_loss": 0.4336833953857422, "validation_accuracy": 0.9583333134651184, "_wandb": {"runtime": 17}}