{"epoch/accuracy": 0.96875, "epoch/loss": 1.016447901725769, "epoch/val_accuracy": 0.9583333134651184, "epoch/val_loss": 2.2156074047088623, "epoch/epoch": 299, "_timestamp": 1723088647.9864788, "_runtime": 19.029334783554077, "_step": 300, "validation_loss": 2.2156074047088623, "validation_accuracy": 0.9583333134651184, "_wandb": {"runtime": 18}}