{"epoch/accuracy": 0.8854166865348816, "epoch/loss": 0.24983572959899902, "epoch/val_accuracy": 0.9166666865348816, "epoch/val_loss": 0.2160937786102295, "epoch/epoch": 299, "_timestamp": 1723102043.3083575, "_runtime": 18.385805368423462, "_step": 300, "validation_loss": 0.2160937786102295, "validation_accuracy": 0.9166666865348816, "_wandb": {"runtime": 18}}