{"epoch/accuracy": 0.96875, "epoch/loss": 0.06535997986793518, "epoch/val_accuracy": 0.9166666865348816, "epoch/val_loss": 0.3478914201259613, "epoch/epoch": 149, "_timestamp": 1723093101.1906817, "_runtime": 14.265021800994873, "_step": 150, "validation_loss": 0.3478914201259613, "validation_accuracy": 0.9166666865348816, "_wandb": {"runtime": 13}}