{"epoch/accuracy": 0.7395833134651184, "epoch/loss": 1.0479438304901123, "epoch/val_accuracy": 0.7916666865348816, "epoch/val_loss": 1.4247651100158691, "epoch/epoch": 99, "_timestamp": 1723103058.5105734, "_runtime": 12.947724342346191, "_step": 100, "validation_loss": 1.4247651100158691, "validation_accuracy": 0.7916666865348816, "_wandb": {"runtime": 12}}