{"epoch/accuracy": 0.9375, "epoch/loss": 0.2757587134838104, "epoch/val_accuracy": 0.9166666865348816, "epoch/val_loss": 0.22003324329853058, "epoch/epoch": 49, "_timestamp": 1723097022.7713053, "_runtime": 10.156572341918945, "_step": 50, "validation_loss": 0.22003324329853058, "validation_accuracy": 0.9166666865348816, "_wandb": {"runtime": 9}}