{"epoch/accuracy": 0.9479166865348816, "epoch/loss": 0.17202059924602509, "epoch/val_accuracy": 0.875, "epoch/val_loss": 0.26861831545829773, "epoch/epoch": 599, "_timestamp": 1723112945.4133837, "_runtime": 28.63224983215332, "_step": 600, "validation_loss": 0.26861831545829773, "validation_accuracy": 0.875, "_wandb": {"runtime": 28}}