{"epoch/accuracy": 0.9583333134651184, "epoch/loss": 0.07374007254838943, "epoch/val_accuracy": 0.9166666865348816, "epoch/val_loss": 0.7720565795898438, "epoch/epoch": 599, "_timestamp": 1723120579.3986163, "_runtime": 91.82207226753235, "_step": 600, "validation_loss": 0.7720565795898438, "validation_accuracy": 0.9166666865348816, "_wandb": {"runtime": 91}}