{"epoch/accuracy": 0.84375, "epoch/loss": 0.45024731755256653, "epoch/val_accuracy": 0.9166666865348816, "epoch/val_loss": 0.22432667016983032, "epoch/epoch": 29, "_timestamp": 1723086872.846033, "_runtime": 9.169970035552979, "_step": 30, "validation_loss": 0.22432667016983032, "validation_accuracy": 0.9166666865348816, "_wandb": {"runtime": 8}}