{"epoch/accuracy": 1.0, "epoch/loss": 0.025973021984100342, "epoch/val_accuracy": 0.9583333134651184, "epoch/val_loss": 0.15234340727329254, "epoch/epoch": 299, "_timestamp": 1723110742.644143, "_runtime": 19.449148178100586, "_step": 300, "validation_loss": 0.15234340727329254, "validation_accuracy": 0.9583333134651184, "_wandb": {"runtime": 19}}