{"epoch/accuracy": 1.0, "epoch/loss": 0.016946254298090935, "epoch/val_accuracy": 0.9583333134651184, "epoch/val_loss": 0.18968404829502106, "epoch/epoch": 49, "_timestamp": 1723092846.2581422, "_runtime": 10.116373300552368, "_step": 50, "validation_loss": 0.18968404829502106, "validation_accuracy": 0.9583333134651184, "_wandb": {"runtime": 9}}