{"epoch/accuracy": 0.9583333134651184, "epoch/loss": 0.27686381340026855, "epoch/val_accuracy": 0.9166666865348816, "epoch/val_loss": 0.3678661286830902, "epoch/epoch": 49, "_timestamp": 1723089103.1999836, "_runtime": 10.270782709121704, "_step": 50, "validation_loss": 0.3678661286830902, "validation_accuracy": 0.9166666865348816, "_wandb": {"runtime": 9}}