{"epoch/accuracy": 1.0, "epoch/loss": 0.002320535946637392, "epoch/val_accuracy": 0.9583333134651184, "epoch/val_loss": 0.19285322725772858, "epoch/epoch": 299, "_timestamp": 1723109095.2502813, "_runtime": 18.532095432281494, "_step": 300, "validation_loss": 0.19285322725772858, "validation_accuracy": 0.9583333134651184, "_wandb": {"runtime": 18}}