{"epoch/accuracy": 0.9270833134651184, "epoch/loss": 0.2006300687789917, "epoch/val_accuracy": 0.9583333134651184, "epoch/val_loss": 0.3513026237487793, "epoch/epoch": 49, "_timestamp": 1723111494.9407833, "_runtime": 10.922470331192017, "_step": 50, "validation_loss": 0.3513026237487793, "validation_accuracy": 0.9583333134651184, "_wandb": {"runtime": 10}}