{"epoch/accuracy": 1.0, "epoch/loss": 0.00679883174598217, "epoch/val_accuracy": 0.9166666865348816, "epoch/val_loss": 0.25338587164878845, "epoch/epoch": 25, "_timestamp": 1723151995.0253985, "_runtime": 11.953247547149658, "_step": 25}