{"epoch/accuracy": 1.0, "epoch/loss": 0.0007878782344050705, "epoch/val_accuracy": 0.875, "epoch/val_loss": 9.477834701538086, "epoch/epoch": 49, "_timestamp": 1723087368.9514825, "_runtime": 10.385176420211792, "_step": 50, "validation_loss": 9.47783374786377, "validation_accuracy": 0.875, "_wandb": {"runtime": 9}}