{"epoch/accuracy": 1.0, "epoch/loss": 0.005865195766091347, "epoch/val_accuracy": 0.9583333134651184, "epoch/val_loss": 0.14590585231781006, "epoch/epoch": 299, "_timestamp": 1723109184.9741719, "_runtime": 18.737303972244263, "_step": 300, "validation_loss": 0.14590585231781006, "validation_accuracy": 0.9583333134651184, "_wandb": {"runtime": 18}}