{"epoch/accuracy": 0.2395833283662796, "epoch/loss": 1.6654105186462402, "epoch/val_accuracy": 0.4583333432674408, "epoch/val_loss": 1.2333234548568726, "epoch/epoch": 49, "_timestamp": 1723078673.9405453, "_runtime": 17.800371408462524, "_step": 50, "validation_loss": 1.2333234548568726, "validation_accuracy": 0.4583333432674408, "_wandb": {"runtime": 16}}