{"epoch/accuracy": 0.9791666865348816, "epoch/loss": 0.15192538499832153, "epoch/val_accuracy": 0.9583333134651184, "epoch/val_loss": 0.22788934409618378, "epoch/epoch": 99, "_timestamp": 1723097341.0833688, "_runtime": 12.060821771621704, "_step": 100, "validation_loss": 0.22788934409618378, "validation_accuracy": 0.9583333134651184, "_wandb": {"runtime": 11}}