{"epoch/accuracy": 0.9583333134651184, "epoch/loss": 0.09987958520650864, "epoch/val_accuracy": 0.9583333134651184, "epoch/val_loss": 0.10559874027967453, "epoch/epoch": 29, "_timestamp": 1723085862.7512157, "_runtime": 11.151334762573242, "_step": 30, "validation_loss": 0.10559872537851334, "validation_accuracy": 0.9583333134651184, "_wandb": {"runtime": 10}}