{"epoch/accuracy": 0.9895833134651184, "epoch/loss": 0.008673485368490219, "epoch/val_accuracy": 0.9583333134651184, "epoch/val_loss": 0.30435195565223694, "epoch/epoch": 99, "_timestamp": 1723076666.30505, "_runtime": 14.77528190612793, "_step": 100, "validation_loss": 0.30435195565223694, "validation_accuracy": 0.9583333134651184, "_wandb": {"runtime": 14}}