{"epoch/accuracy": 1.0, "epoch/loss": 0.004808955360203981, "epoch/val_accuracy": 0.9583333134651184, "epoch/val_loss": 0.15236714482307434, "epoch/epoch": 149, "_timestamp": 1723103115.990533, "_runtime": 14.466690063476562, "_step": 150, "validation_loss": 0.15236714482307434, "validation_accuracy": 0.9583333134651184, "_wandb": {"runtime": 14}}