{"epoch/accuracy": 0.9166666865348816, "epoch/loss": 0.3754381239414215, "epoch/val_accuracy": 0.9166666865348816, "epoch/val_loss": 0.43820416927337646, "epoch/epoch": 599, "_timestamp": 1723103815.3600743, "_runtime": 28.473950386047363, "_step": 600, "validation_loss": 0.43820416927337646, "validation_accuracy": 0.9166666865348816, "_wandb": {"runtime": 28}}