{"epoch/accuracy": 0.46875, "epoch/loss": 3.60239577293396, "epoch/val_accuracy": 0.4583333432674408, "epoch/val_loss": 0.9507770538330078, "epoch/epoch": 49, "_timestamp": 1723098595.199408, "_runtime": 10.433058977127075, "_step": 50, "validation_loss": 0.9507770538330078, "validation_accuracy": 0.4583333432674408, "_wandb": {"runtime": 10}}