{"epoch/accuracy": 0.4791666567325592, "epoch/loss": 1.2280384302139282, "epoch/val_accuracy": 0.4166666567325592, "epoch/val_loss": 1.2692123651504517, "epoch/epoch": 99, "_timestamp": 1723119785.001743, "_runtime": 18.426165103912354, "_step": 100, "validation_loss": 1.2692123651504517, "validation_accuracy": 0.4166666567325592, "_wandb": {"runtime": 18}}