{"epoch/accuracy": 0.6354166865348816, "epoch/loss": 0.8584373593330383, "epoch/val_accuracy": 0.8333333134651184, "epoch/val_loss": 0.6368034482002258, "epoch/epoch": 99, "_timestamp": 1723087693.9725423, "_runtime": 12.476319313049316, "_step": 100, "validation_loss": 0.6368034482002258, "validation_accuracy": 0.8333333134651184, "_wandb": {"runtime": 11}}