{"epoch/accuracy": 0.9895833134651184, "epoch/loss": 0.03281566873192787, "epoch/val_accuracy": 0.9583333134651184, "epoch/val_loss": 0.21302980184555054, "epoch/epoch": 149, "_timestamp": 1723078366.0377133, "_runtime": 25.802610397338867, "_step": 150, "validation_loss": 0.21302980184555054, "validation_accuracy": 0.9583333134651184, "_wandb": {"runtime": 25}}