{"epoch/accuracy": 0.4583333432674408, "epoch/loss": 1.149210810661316, "epoch/val_accuracy": 0.7916666865348816, "epoch/val_loss": 1.0791765451431274, "epoch/epoch": 29, "_timestamp": 1723103967.6259713, "_runtime": 10.09838342666626, "_step": 30, "validation_loss": 1.0791765451431274, "validation_accuracy": 0.7916666865348816, "_wandb": {"runtime": 9}}