{"epoch/accuracy": 0.96875, "epoch/loss": 0.03811292722821236, "epoch/val_accuracy": 0.9166666865348816, "epoch/val_loss": 0.18409210443496704, "epoch/epoch": 299, "_timestamp": 1723098556.767936, "_runtime": 18.530579090118408, "_step": 300, "validation_loss": 0.18409210443496704, "validation_accuracy": 0.9166666865348816, "_wandb": {"runtime": 17}}