{"epoch/accuracy": 1.0, "epoch/loss": 0.0, "epoch/val_accuracy": 0.9166666865348816, "epoch/val_loss": 63.846466064453125, "epoch/epoch": 599, "_timestamp": 1723117357.7221029, "_runtime": 33.09723687171936, "_step": 600, "validation_loss": 63.846466064453125, "validation_accuracy": 0.9166666865348816, "_wandb": {"runtime": 32}}