{"epoch/accuracy": 0.875, "epoch/loss": 0.3557010591030121, "epoch/val_accuracy": 0.9583333134651184, "epoch/val_loss": 0.11027868837118149, "epoch/epoch": 299, "_timestamp": 1723107739.7729032, "_runtime": 19.229997158050537, "_step": 300, "validation_loss": 0.11027868837118149, "validation_accuracy": 0.9583333134651184, "_wandb": {"runtime": 18}}