{"epoch/accuracy": 1.0, "epoch/loss": 0.0008328095427714288, "epoch/val_accuracy": 0.9583333134651184, "epoch/val_loss": 0.1156136617064476, "epoch/epoch": 299, "_timestamp": 1723081649.915238, "_runtime": 38.73138785362244, "_step": 300, "validation_loss": 0.1156136617064476, "validation_accuracy": 0.9583333134651184, "_wandb": {"runtime": 38}}