{"epoch/accuracy": 0.9791666865348816, "epoch/loss": 0.038596585392951965, "epoch/val_accuracy": 0.9166666865348816, "epoch/val_loss": 0.15359334647655487, "epoch/epoch": 29, "_timestamp": 1723093775.9145129, "_runtime": 9.61261796951294, "_step": 30, "validation_loss": 0.15359334647655487, "validation_accuracy": 0.9166666865348816, "_wandb": {"runtime": 8}}