{"epoch/accuracy": 1.0, "epoch/loss": 0.0, "epoch/val_accuracy": 0.9583333134651184, "epoch/val_loss": 1.9499953985214233, "epoch/epoch": 149, "_timestamp": 1723104801.2263649, "_runtime": 14.292160749435425, "_step": 150, "validation_loss": 1.9499953985214233, "validation_accuracy": 0.9583333134651184, "_wandb": {"runtime": 13}}