{"epoch/accuracy": 0.9895833134651184, "epoch/loss": 0.7027109265327454, "epoch/val_accuracy": 0.9166666865348816, "epoch/val_loss": 12.720601081848145, "epoch/epoch": 599, "_timestamp": 1723112983.16301, "_runtime": 29.773419857025146, "_step": 600, "validation_loss": 12.720601081848145, "validation_accuracy": 0.9166666865348816, "_wandb": {"runtime": 29}}