{"epoch/accuracy": 0.8020833134651184, "epoch/loss": 0.9390504360198975, "epoch/val_accuracy": 0.7916666865348816, "epoch/val_loss": 0.5650942921638489, "epoch/epoch": 69, "_timestamp": 1723104601.5532992, "_runtime": 11.00342607498169, "_step": 70, "validation_loss": 0.5650942921638489, "validation_accuracy": 0.7916666865348816, "_wandb": {"runtime": 10}}