{"epoch/accuracy": 0.96875, "epoch/loss": 0.04564130678772926, "epoch/val_accuracy": 0.9583333134651184, "epoch/val_loss": 0.1530880481004715, "epoch/epoch": 149, "_timestamp": 1723091466.5044432, "_runtime": 14.68310809135437, "_step": 150, "validation_loss": 0.1530880481004715, "validation_accuracy": 0.9583333134651184, "_wandb": {"runtime": 14}}