{"epoch/accuracy": 1.0, "epoch/loss": 0.02233106642961502, "epoch/val_accuracy": 0.9583333134651184, "epoch/val_loss": 0.12788359820842743, "epoch/epoch": 149, "_timestamp": 1723086082.9411454, "_runtime": 13.080002307891846, "_step": 150, "validation_loss": 0.12788359820842743, "validation_accuracy": 0.9583333134651184, "_wandb": {"runtime": 12}}