{"epoch/accuracy": 1.0, "epoch/loss": 0.0008113657240755856, "epoch/val_accuracy": 0.9583333134651184, "epoch/val_loss": 0.1283765286207199, "epoch/epoch": 599, "_timestamp": 1723096449.8592262, "_runtime": 29.056801319122314, "_step": 600, "validation_loss": 0.1283765286207199, "validation_accuracy": 0.9583333134651184, "_wandb": {"runtime": 28}}