{"epoch/accuracy": 1.0, "epoch/loss": 0.06255399435758591, "epoch/val_accuracy": 0.9583333134651184, "epoch/val_loss": 0.21766550838947296, "epoch/epoch": 299, "_timestamp": 1723111892.1445885, "_runtime": 19.725338459014893, "_step": 300, "validation_loss": 0.21766550838947296, "validation_accuracy": 0.9583333134651184, "_wandb": {"runtime": 19}}