{"epoch/accuracy": 0.9791666865348816, "epoch/loss": 0.032932132482528687, "epoch/val_accuracy": 0.875, "epoch/val_loss": 1.0678186416625977, "epoch/epoch": 29, "_timestamp": 1723104836.8776355, "_runtime": 9.682014465332031, "_step": 30, "validation_loss": 1.0678186416625977, "validation_accuracy": 0.875, "_wandb": {"runtime": 9}}