{"epoch/accuracy": 0.9791666865348816, "epoch/loss": 0.029515909031033516, "epoch/val_accuracy": 0.9166666865348816, "epoch/val_loss": 0.32309457659721375, "epoch/epoch": 49, "_timestamp": 1723100903.876502, "_runtime": 10.041867971420288, "_step": 50, "validation_loss": 0.32309457659721375, "validation_accuracy": 0.9166666865348816, "_wandb": {"runtime": 9}}