{"epoch/accuracy": 1.0, "epoch/loss": 0.014851522631943226, "epoch/val_accuracy": 0.9583333134651184, "epoch/val_loss": 0.20354466140270233, "epoch/epoch": 49, "_timestamp": 1723114627.6018062, "_runtime": 10.719656229019165, "_step": 50, "validation_loss": 0.20354466140270233, "validation_accuracy": 0.9583333134651184, "_wandb": {"runtime": 10}}