{"epoch/accuracy": 0.8645833134651184, "epoch/loss": 0.7462703585624695, "epoch/val_accuracy": 0.875, "epoch/val_loss": 0.8386062979698181, "epoch/epoch": 29, "_timestamp": 1723079964.959627, "_runtime": 15.58357286453247, "_step": 30, "validation_loss": 0.8386061787605286, "validation_accuracy": 0.875, "_wandb": {"runtime": 15}}