{"epoch/accuracy": 0.9791666865348816, "epoch/loss": 0.10188886523246765, "epoch/val_accuracy": 0.9166666865348816, "epoch/val_loss": 0.1396174281835556, "epoch/epoch": 599, "_timestamp": 1723079425.7987897, "_runtime": 59.01482176780701, "_step": 600, "validation_loss": 0.1396174281835556, "validation_accuracy": 0.9166666865348816, "_wandb": {"runtime": 58}}