{"epoch/accuracy": 0.8333333134651184, "epoch/loss": 0.6354488730430603, "epoch/val_accuracy": 0.875, "epoch/val_loss": 0.4033243656158447, "epoch/epoch": 69, "_timestamp": 1723087797.742663, "_runtime": 10.75044298171997, "_step": 70, "validation_loss": 0.4033243656158447, "validation_accuracy": 0.875, "_wandb": {"runtime": 10}}