{"epoch/accuracy": 0.3333333432674408, "epoch/loss": 1.459650993347168, "epoch/val_accuracy": 0.25, "epoch/val_loss": 1.426795482635498, "epoch/epoch": 149, "_timestamp": 1723110239.4795272, "_runtime": 14.133251190185547, "_step": 150, "validation_loss": 1.426795482635498, "validation_accuracy": 0.25, "_wandb": {"runtime": 13}}