{"epoch/accuracy": 0.8333333134651184, "epoch/loss": 1.1917691230773926, "epoch/val_accuracy": 0.7916666865348816, "epoch/val_loss": 2.0161311626434326, "epoch/epoch": 69, "_timestamp": 1723091904.2250893, "_runtime": 11.0994393825531, "_step": 70, "validation_loss": 2.0161311626434326, "validation_accuracy": 0.7916666865348816, "_wandb": {"runtime": 10}}