{"epoch/accuracy": 0.9791666865348816, "epoch/loss": 0.1188424602150917, "epoch/val_accuracy": 0.9166666865348816, "epoch/val_loss": 0.17971652746200562, "epoch/epoch": 49, "_timestamp": 1723119121.4051156, "_runtime": 13.439193487167358, "_step": 50, "validation_loss": 0.17971652746200562, "validation_accuracy": 0.9166666865348816, "_wandb": {"runtime": 13}}