{"epoch/accuracy": 0.9375, "epoch/loss": 0.4027632176876068, "epoch/val_accuracy": 0.9166666865348816, "epoch/val_loss": 0.5724580883979797, "epoch/epoch": 99, "_timestamp": 1723108199.66725, "_runtime": 12.692391872406006, "_step": 100, "validation_loss": 0.5724581480026245, "validation_accuracy": 0.9166666865348816, "_wandb": {"runtime": 12}}