{"epoch/accuracy": 0.3645833432674408, "epoch/loss": 2.9176883697509766, "epoch/val_accuracy": 0.2916666567325592, "epoch/val_loss": 1.3282092809677124, "epoch/epoch": 49, "_timestamp": 1723105308.6448026, "_runtime": 10.87019157409668, "_step": 50, "validation_loss": 1.3282092809677124, "validation_accuracy": 0.2916666567325592, "_wandb": {"runtime": 10}}