{"epoch/accuracy": 0.84375, "epoch/loss": 0.6392138004302979, "epoch/val_accuracy": 1.0, "epoch/val_loss": 0.07141217589378357, "epoch/epoch": 49, "_timestamp": 1723093993.1495447, "_runtime": 10.06336760520935, "_step": 50, "validation_loss": 0.07141217589378357, "validation_accuracy": 1.0, "_wandb": {"runtime": 9}}