{"epoch/accuracy": 0.375, "epoch/loss": 1.4993743896484375, "epoch/val_accuracy": 0.7083333134651184, "epoch/val_loss": 1.1808393001556396, "epoch/epoch": 49, "_timestamp": 1723086551.523929, "_runtime": 10.689792156219482, "_step": 50, "validation_loss": 1.18083918094635, "validation_accuracy": 0.7083333134651184, "_wandb": {"runtime": 10}}