{"epoch/accuracy": 0.3854166567325592, "epoch/loss": 1.2449394464492798, "epoch/val_accuracy": 0.25, "epoch/val_loss": 1.305441975593567, "epoch/epoch": 99, "_timestamp": 1723092283.3135624, "_runtime": 11.682210445404053, "_step": 100, "validation_loss": 1.305441975593567, "validation_accuracy": 0.25, "_wandb": {"runtime": 11}}