{"epoch/accuracy": 1.0, "epoch/loss": 0.005276225507259369, "epoch/val_accuracy": 0.9583333134651184, "epoch/val_loss": 0.1986081600189209, "epoch/epoch": 29, "_timestamp": 1723104371.9969397, "_runtime": 10.56447172164917, "_step": 30, "validation_loss": 0.1986081600189209, "validation_accuracy": 0.9583333134651184, "_wandb": {"runtime": 9}}