{"epoch/accuracy": 0.3541666567325592, "epoch/loss": 1.4796899557113647, "epoch/val_accuracy": 0.25, "epoch/val_loss": 1.3914618492126465, "epoch/epoch": 149, "_timestamp": 1723084276.4875655, "_runtime": 22.384779453277588, "_step": 150, "validation_loss": 1.3914618492126465, "validation_accuracy": 0.25, "_wandb": {"runtime": 21}}