{"epoch/accuracy": 0.8958333134651184, "epoch/loss": 0.3257746994495392, "epoch/val_accuracy": 0.9166666865348816, "epoch/val_loss": 0.385920912027359, "epoch/epoch": 49, "_timestamp": 1723099207.9745564, "_runtime": 10.836953401565552, "_step": 50, "validation_loss": 0.385920912027359, "validation_accuracy": 0.9166666865348816, "_wandb": {"runtime": 10}}