{"epoch/accuracy": 1.0, "epoch/loss": 0.013505220413208008, "epoch/val_accuracy": 0.9166666865348816, "epoch/val_loss": 0.23467229306697845, "epoch/epoch": 49, "_timestamp": 1723091544.064561, "_runtime": 10.058860778808594, "_step": 50, "validation_loss": 0.23467229306697845, "validation_accuracy": 0.9166666865348816, "_wandb": {"runtime": 9}}