{"epoch/accuracy": 0.9895833134651184, "epoch/loss": 0.050778403878211975, "epoch/val_accuracy": 0.9583333134651184, "epoch/val_loss": 0.14431340992450714, "epoch/epoch": 29, "_timestamp": 1723107873.8774464, "_runtime": 10.178812503814697, "_step": 30, "validation_loss": 0.14431340992450714, "validation_accuracy": 0.9583333134651184, "_wandb": {"runtime": 9}}