{"epoch/accuracy": 0.3541666567325592, "epoch/loss": 1.300104022026062, "epoch/val_accuracy": 0.4583333432674408, "epoch/val_loss": 1.2354270219802856, "epoch/epoch": 29, "_timestamp": 1723095226.121254, "_runtime": 9.709797859191895, "_step": 30, "validation_loss": 1.2354270219802856, "validation_accuracy": 0.4583333432674408, "_wandb": {"runtime": 9}}