{"epoch/accuracy": 0.9166666865348816, "epoch/loss": 0.2729377746582031, "epoch/val_accuracy": 0.9583333134651184, "epoch/val_loss": 0.09569710493087769, "epoch/epoch": 99, "_timestamp": 1723106991.262678, "_runtime": 13.264657020568848, "_step": 100, "validation_loss": 0.09569710493087769, "validation_accuracy": 0.9583333134651184, "_wandb": {"runtime": 12}}