{"epoch/accuracy": 0.9270833134651184, "epoch/loss": 0.23924992978572845, "epoch/val_accuracy": 0.875, "epoch/val_loss": 0.5371734499931335, "epoch/epoch": 29, "_timestamp": 1723076477.8961003, "_runtime": 10.848575353622437, "_step": 30, "validation_loss": 0.5371734499931335, "validation_accuracy": 0.875, "_wandb": {"runtime": 10}}