{"epoch/accuracy": 0.9479166865348816, "epoch/loss": 0.15722602605819702, "epoch/val_accuracy": 0.9583333134651184, "epoch/val_loss": 0.10237333923578262, "epoch/epoch": 49, "_timestamp": 1723082597.7945676, "_runtime": 17.312050580978394, "_step": 50, "validation_loss": 0.10237333923578262, "validation_accuracy": 0.9583333134651184, "_wandb": {"runtime": 16}}