{"epoch/accuracy": 0.8958333134651184, "epoch/loss": 0.3218376934528351, "epoch/val_accuracy": 0.9166666865348816, "epoch/val_loss": 0.4677013158798218, "epoch/epoch": 69, "_timestamp": 1723120188.3079078, "_runtime": 18.924986839294434, "_step": 70, "validation_loss": 0.4677013158798218, "validation_accuracy": 0.9166666865348816, "_wandb": {"runtime": 18}}