{"epoch/accuracy": 1.0, "epoch/loss": 0.00011110674677183852, "epoch/val_accuracy": 0.9166666865348816, "epoch/val_loss": 0.48579514026641846, "epoch/epoch": 599, "_timestamp": 1723121003.2820752, "_runtime": 92.68888115882874, "_step": 600, "validation_loss": 0.48579514026641846, "validation_accuracy": 0.9166666865348816, "_wandb": {"runtime": 92}}