{"epoch/accuracy": 1.0, "epoch/loss": 0.07259256392717361, "epoch/val_accuracy": 0.9583333134651184, "epoch/val_loss": 0.17194505035877228, "epoch/epoch": 599, "_timestamp": 1723113625.173038, "_runtime": 28.93624496459961, "_step": 600, "validation_loss": 0.17194505035877228, "validation_accuracy": 0.9583333134651184, "_wandb": {"runtime": 28}}