{"epoch/accuracy": 0.9895833134651184, "epoch/loss": 0.13074584305286407, "epoch/val_accuracy": 0.9166666865348816, "epoch/val_loss": 0.3607153594493866, "epoch/epoch": 99, "_timestamp": 1723086062.2557874, "_runtime": 12.042983293533325, "_step": 100, "validation_loss": 0.3607153594493866, "validation_accuracy": 0.9166666865348816, "_wandb": {"runtime": 11}}