{"epoch/accuracy": 0.7395833134651184, "epoch/loss": 0.8060416579246521, "epoch/val_accuracy": 0.625, "epoch/val_loss": 0.9620442390441895, "epoch/epoch": 29, "_timestamp": 1723112727.372257, "_runtime": 10.13405990600586, "_step": 30, "validation_loss": 0.9620442390441895, "validation_accuracy": 0.625, "_wandb": {"runtime": 9}}