{"epoch/accuracy": 1.0, "epoch/loss": 0.0455898754298687, "epoch/val_accuracy": 0.9583333134651184, "epoch/val_loss": 0.1693110316991806, "epoch/epoch": 49, "_timestamp": 1723098713.9619582, "_runtime": 10.940133094787598, "_step": 50, "validation_loss": 0.16931100189685822, "validation_accuracy": 0.9583333134651184, "_wandb": {"runtime": 10}}