{"epoch/accuracy": 0.96875, "epoch/loss": 0.07401052862405777, "epoch/val_accuracy": 0.9583333134651184, "epoch/val_loss": 0.4917924404144287, "epoch/epoch": 299, "_timestamp": 1723109344.614144, "_runtime": 19.3506441116333, "_step": 300, "validation_loss": 0.4917924404144287, "validation_accuracy": 0.9583333134651184, "_wandb": {"runtime": 19}}