{"epoch/accuracy": 0.2604166567325592, "epoch/loss": 1.376321792602539, "epoch/val_accuracy": 0.25, "epoch/val_loss": 1.396500587463379, "epoch/epoch": 299, "_timestamp": 1723111733.884967, "_runtime": 19.370453119277954, "_step": 300, "validation_loss": 1.396500587463379, "validation_accuracy": 0.25, "_wandb": {"runtime": 18}}