{"epoch/accuracy": 0.9895833134651184, "epoch/loss": 0.10877085477113724, "epoch/val_accuracy": 0.9583333134651184, "epoch/val_loss": 0.16110238432884216, "epoch/epoch": 149, "_timestamp": 1723085155.8990197, "_runtime": 14.43458867073059, "_step": 150, "validation_loss": 0.16110238432884216, "validation_accuracy": 0.9583333134651184, "_wandb": {"runtime": 14}}