{"epoch/accuracy": 0.6354166865348816, "epoch/loss": 0.9428250789642334, "epoch/val_accuracy": 0.75, "epoch/val_loss": 0.8196297287940979, "epoch/epoch": 29, "_timestamp": 1723107109.7035027, "_runtime": 9.447832584381104, "_step": 30, "validation_loss": 0.8196297287940979, "validation_accuracy": 0.75, "_wandb": {"runtime": 9}}