{"epoch/accuracy": 0.90625, "epoch/loss": 0.8940840363502502, "epoch/val_accuracy": 0.9583333134651184, "epoch/val_loss": 0.28727152943611145, "epoch/epoch": 29, "_timestamp": 1723084585.3655806, "_runtime": 12.39094066619873, "_step": 30, "validation_loss": 0.28727152943611145, "validation_accuracy": 0.9583333134651184, "_wandb": {"runtime": 11}}