{"epoch/accuracy": 0.9375, "epoch/loss": 0.17347627878189087, "epoch/val_accuracy": 0.9166666865348816, "epoch/val_loss": 0.4163625240325928, "epoch/epoch": 149, "_timestamp": 1723112310.683295, "_runtime": 14.459397077560425, "_step": 150, "validation_loss": 0.41636255383491516, "validation_accuracy": 0.9166666865348816, "_wandb": {"runtime": 14}}