{"epoch/accuracy": 1.0, "epoch/loss": 0.06072850897908211, "epoch/val_accuracy": 0.9583333134651184, "epoch/val_loss": 0.1920347958803177, "epoch/epoch": 69, "_timestamp": 1723116902.7212691, "_runtime": 11.812067031860352, "_step": 70, "validation_loss": 0.1920347958803177, "validation_accuracy": 0.9583333134651184, "_wandb": {"runtime": 11}}