{"epoch/accuracy": 1.0, "epoch/loss": 1.93701748685271e-06, "epoch/val_accuracy": 1.0, "epoch/val_loss": 0.019930530339479446, "epoch/epoch": 599, "_timestamp": 1723076273.2235796, "_runtime": 36.63075375556946, "_step": 600, "validation_loss": 0.019930530339479446, "validation_accuracy": 1.0, "_wandb": {"runtime": 36}}