{"epoch/accuracy": 0.9791666865348816, "epoch/loss": 1.1347050666809082, "epoch/val_accuracy": 0.9166666865348816, "epoch/val_loss": 4.030908107757568, "epoch/epoch": 49, "_timestamp": 1723076134.854697, "_runtime": 10.988106966018677, "_step": 50, "validation_loss": 4.030908107757568, "validation_accuracy": 0.9166666865348816, "_wandb": {"runtime": 10}}