{"epoch/accuracy": 1.0, "epoch/loss": 0.006530491169542074, "epoch/val_accuracy": 0.9583333134651184, "epoch/val_loss": 0.13278751075267792, "epoch/epoch": 99, "_timestamp": 1723118077.1450922, "_runtime": 13.883318185806274, "_step": 100, "validation_loss": 0.13278751075267792, "validation_accuracy": 0.9583333134651184, "_wandb": {"runtime": 13}}