{"epoch/accuracy": 0.5208333134651184, "epoch/loss": 1.1420284509658813, "epoch/val_accuracy": 0.7083333134651184, "epoch/val_loss": 1.079176425933838, "epoch/epoch": 69, "_timestamp": 1723105489.4964633, "_runtime": 11.920821189880371, "_step": 70, "validation_loss": 1.079176425933838, "validation_accuracy": 0.7083333134651184, "_wandb": {"runtime": 11}}