{"epoch/accuracy": 0.96875, "epoch/loss": 0.11986366659402847, "epoch/val_accuracy": 0.9166666865348816, "epoch/val_loss": 0.2617732286453247, "epoch/epoch": 599, "_timestamp": 1723106925.6842139, "_runtime": 31.057832956314087, "_step": 600, "validation_loss": 0.2617732286453247, "validation_accuracy": 0.9166666865348816, "_wandb": {"runtime": 30}}