{"epoch/accuracy": 1.0, "epoch/loss": 0.002146760933101177, "epoch/val_accuracy": 0.9583333134651184, "epoch/val_loss": 0.22420768439769745, "epoch/epoch": 29, "_timestamp": 1723118095.007706, "_runtime": 10.753307819366455, "_step": 30, "validation_loss": 0.22420768439769745, "validation_accuracy": 0.9583333134651184, "_wandb": {"runtime": 10}}