{"epoch/accuracy": 0.5833333134651184, "epoch/loss": 1.088666558265686, "epoch/val_accuracy": 0.7083333134651184, "epoch/val_loss": 1.0456147193908691, "epoch/epoch": 49, "_timestamp": 1723094744.2874532, "_runtime": 10.04180121421814, "_step": 50, "validation_loss": 1.0456148386001587, "validation_accuracy": 0.7083333134651184, "_wandb": {"runtime": 9}}