{"epoch/accuracy": 1.0, "epoch/loss": 0.0013292693765833974, "epoch/val_accuracy": 0.9583333134651184, "epoch/val_loss": 0.12427864223718643, "epoch/epoch": 49, "_timestamp": 1723098927.332981, "_runtime": 10.092325210571289, "_step": 50, "validation_loss": 0.12427864223718643, "validation_accuracy": 0.9583333134651184, "_wandb": {"runtime": 9}}