{"epoch/accuracy": 0.9166666865348816, "epoch/loss": 19.814435958862305, "epoch/val_accuracy": 0.875, "epoch/val_loss": 20.907163619995117, "epoch/epoch": 99, "_timestamp": 1723097784.874798, "_runtime": 11.804155111312866, "_step": 100, "validation_loss": 20.907163619995117, "validation_accuracy": 0.875, "_wandb": {"runtime": 11}}