{"epoch/accuracy": 0.9895833134651184, "epoch/loss": 0.047910649329423904, "epoch/val_accuracy": 0.9583333134651184, "epoch/val_loss": 0.19946956634521484, "epoch/epoch": 149, "_timestamp": 1723096043.6593587, "_runtime": 13.283626794815063, "_step": 150, "validation_loss": 0.19946956634521484, "validation_accuracy": 0.9583333134651184, "_wandb": {"runtime": 12}}