{"epoch/accuracy": 1.0, "epoch/loss": 0.009597052820026875, "epoch/val_accuracy": 0.9583333134651184, "epoch/val_loss": 0.12552064657211304, "epoch/epoch": 599, "_timestamp": 1723107057.9940608, "_runtime": 28.869674682617188, "_step": 600, "validation_loss": 0.12552064657211304, "validation_accuracy": 0.9583333134651184, "_wandb": {"runtime": 28}}