{"epoch/accuracy": 1.0, "epoch/loss": 0.03136138990521431, "epoch/val_accuracy": 0.9583333134651184, "epoch/val_loss": 0.17686043679714203, "epoch/epoch": 69, "_timestamp": 1723113531.373031, "_runtime": 11.533825874328613, "_step": 70, "validation_loss": 0.17686043679714203, "validation_accuracy": 0.9583333134651184, "_wandb": {"runtime": 11}}