{"epoch/accuracy": 0.3333333432674408, "epoch/loss": 1.4522151947021484, "epoch/val_accuracy": 0.3333333432674408, "epoch/val_loss": 1.3658863306045532, "epoch/epoch": 49, "_timestamp": 1723116344.1306736, "_runtime": 11.10540771484375, "_step": 50, "validation_loss": 1.3658863306045532, "validation_accuracy": 0.3333333432674408, "_wandb": {"runtime": 10}}