{"epoch/accuracy": 0.3229166567325592, "epoch/loss": 1.4440845251083374, "epoch/val_accuracy": 0.5, "epoch/val_loss": 1.2329639196395874, "epoch/epoch": 69, "_timestamp": 1723107297.8506167, "_runtime": 10.980766773223877, "_step": 70, "validation_loss": 1.2329639196395874, "validation_accuracy": 0.5, "_wandb": {"runtime": 10}}