{"epoch/accuracy": 1.0, "epoch/loss": 0.003727784613147378, "epoch/val_accuracy": 0.9583333134651184, "epoch/val_loss": 0.416408509016037, "epoch/epoch": 29, "_timestamp": 1723098907.7052045, "_runtime": 10.067432403564453, "_step": 30, "validation_loss": 0.416408509016037, "validation_accuracy": 0.9583333134651184, "_wandb": {"runtime": 9}}