{"epoch/accuracy": 0.90625, "epoch/loss": 0.20985372364521027, "epoch/val_accuracy": 0.9166666865348816, "epoch/val_loss": 0.1714940071105957, "epoch/epoch": 299, "_timestamp": 1723087968.17808, "_runtime": 18.15333104133606, "_step": 300, "validation_loss": 0.1714940071105957, "validation_accuracy": 0.9166666865348816, "_wandb": {"runtime": 17}}