{"epoch/accuracy": 0.75, "epoch/loss": 0.8748317360877991, "epoch/val_accuracy": 0.7083333134651184, "epoch/val_loss": 0.9669342041015625, "epoch/epoch": 99, "_timestamp": 1723114270.8095593, "_runtime": 12.322245359420776, "_step": 100, "validation_loss": 0.9669342041015625, "validation_accuracy": 0.7083333134651184, "_wandb": {"runtime": 11}}