{"epoch/accuracy": 1.0, "epoch/loss": 9.956737812899519e-06, "epoch/val_accuracy": 0.9583333134651184, "epoch/val_loss": 0.3730604648590088, "epoch/epoch": 599, "_timestamp": 1723091526.0040348, "_runtime": 28.61855983734131, "_step": 600, "validation_loss": 0.3730604648590088, "validation_accuracy": 0.9583333134651184, "_wandb": {"runtime": 28}}