{"epoch/accuracy": 1.0, "epoch/loss": 0.04249056056141853, "epoch/val_accuracy": 1.0, "epoch/val_loss": 0.016741188243031502, "epoch/epoch": 599, "_timestamp": 1723099832.043197, "_runtime": 29.477277994155884, "_step": 600, "validation_loss": 0.016741188243031502, "validation_accuracy": 1.0, "_wandb": {"runtime": 29}}