{"epoch/accuracy": 0.3020833432674408, "epoch/loss": 1.6870015859603882, "epoch/val_accuracy": 0.5, "epoch/val_loss": 1.2097536325454712, "epoch/epoch": 99, "_timestamp": 1723087152.874153, "_runtime": 11.629962921142578, "_step": 100, "validation_loss": 1.2097536325454712, "validation_accuracy": 0.5, "_wandb": {"runtime": 11}}