{"epoch/accuracy": 1.0, "epoch/loss": 0.010267533361911774, "epoch/val_accuracy": 0.9583333134651184, "epoch/val_loss": 0.1307305246591568, "epoch/epoch": 49, "_timestamp": 1723100364.371372, "_runtime": 10.895746946334839, "_step": 50, "validation_loss": 0.1307305246591568, "validation_accuracy": 0.9583333134651184, "_wandb": {"runtime": 10}}