{"epoch/accuracy": 0.9583333134651184, "epoch/loss": 0.07699491083621979, "epoch/val_accuracy": 0.9166666865348816, "epoch/val_loss": 0.39005255699157715, "epoch/epoch": 49, "_timestamp": 1723091862.6698925, "_runtime": 10.049892663955688, "_step": 50, "validation_loss": 0.39005255699157715, "validation_accuracy": 0.9166666865348816, "_wandb": {"runtime": 9}}