{"epoch/accuracy": 1.0, "epoch/loss": 0.026690760627388954, "epoch/val_accuracy": 0.9583333134651184, "epoch/val_loss": 0.1409655511379242, "epoch/epoch": 299, "_timestamp": 1723108342.708595, "_runtime": 18.46947193145752, "_step": 300, "validation_loss": 0.1409655511379242, "validation_accuracy": 0.9583333134651184, "_wandb": {"runtime": 18}}