{"epoch/accuracy": 0.71875, "epoch/loss": 0.7806484699249268, "epoch/val_accuracy": 0.8333333134651184, "epoch/val_loss": 0.641102135181427, "epoch/epoch": 69, "_timestamp": 1723083157.4595432, "_runtime": 18.26138424873352, "_step": 70, "validation_loss": 0.641102135181427, "validation_accuracy": 0.8333333134651184, "_wandb": {"runtime": 17}}