{"epoch/accuracy": 0.2708333432674408, "epoch/loss": 1.7505197525024414, "epoch/val_accuracy": 0.125, "epoch/val_loss": 1.4026837348937988, "epoch/epoch": 49, "_timestamp": 1723114232.6394243, "_runtime": 10.624403238296509, "_step": 50, "validation_loss": 1.4026837348937988, "validation_accuracy": 0.125, "_wandb": {"runtime": 10}}