{"epoch/accuracy": 0.4583333432674408, "epoch/loss": 1.0396721363067627, "epoch/val_accuracy": 0.75, "epoch/val_loss": 0.643832802772522, "epoch/epoch": 99, "_timestamp": 1723084631.886581, "_runtime": 12.82572889328003, "_step": 100, "validation_loss": 0.643832802772522, "validation_accuracy": 0.75, "_wandb": {"runtime": 12}}