{"epoch/accuracy": 0.4166666567325592, "epoch/loss": 1.338537573814392, "epoch/val_accuracy": 0.5833333134651184, "epoch/val_loss": 1.1404353380203247, "epoch/epoch": 99, "_timestamp": 1723094213.905739, "_runtime": 11.38275408744812, "_step": 100, "validation_loss": 1.1404353380203247, "validation_accuracy": 0.5833333134651184, "_wandb": {"runtime": 11}}