{"epoch/accuracy": 0.9895833134651184, "epoch/loss": 0.020638272166252136, "epoch/val_accuracy": 0.9583333134651184, "epoch/val_loss": 0.13041697442531586, "epoch/epoch": 69, "_timestamp": 1723099061.475989, "_runtime": 11.64595103263855, "_step": 70, "validation_loss": 0.13041697442531586, "validation_accuracy": 0.9583333134651184, "_wandb": {"runtime": 11}}