{"epoch/accuracy": 0.6666666865348816, "epoch/loss": 0.7222493290901184, "epoch/val_accuracy": 0.8333333134651184, "epoch/val_loss": 0.5482433438301086, "epoch/epoch": 29, "_timestamp": 1723112109.0303757, "_runtime": 10.376321792602539, "_step": 30, "validation_loss": 0.5482433438301086, "validation_accuracy": 0.8333333134651184, "_wandb": {"runtime": 9}}