{"epoch/accuracy": 0.9583333134651184, "epoch/loss": 0.5445504784584045, "epoch/val_accuracy": 0.9583333134651184, "epoch/val_loss": 2.2495033740997314, "epoch/epoch": 69, "_timestamp": 1723079077.399668, "_runtime": 18.223124027252197, "_step": 70, "validation_loss": 2.2495033740997314, "validation_accuracy": 0.9583333134651184, "_wandb": {"runtime": 17}}