{"epoch/accuracy": 0.28125, "epoch/loss": 1.3576507568359375, "epoch/val_accuracy": 0.25, "epoch/val_loss": 1.3959423303604126, "epoch/epoch": 49, "_timestamp": 1723093285.3374588, "_runtime": 10.868643760681152, "_step": 50, "validation_loss": 1.3959423303604126, "validation_accuracy": 0.25, "_wandb": {"runtime": 10}}