{"epoch/accuracy": 1.0, "epoch/loss": 0.0017342494102194905, "epoch/val_accuracy": 0.9583333134651184, "epoch/val_loss": 0.11419688910245895, "epoch/epoch": 29, "_timestamp": 1723089419.8641784, "_runtime": 9.6463303565979, "_step": 30, "validation_loss": 0.11419690400362015, "validation_accuracy": 0.9583333134651184, "_wandb": {"runtime": 9}}