{"epoch/accuracy": 0.9895833134651184, "epoch/loss": 0.0304719191044569, "epoch/val_accuracy": 0.9583333134651184, "epoch/val_loss": 0.271799772977829, "epoch/epoch": 69, "_timestamp": 1723085130.5886524, "_runtime": 11.231889486312866, "_step": 70, "validation_loss": 0.271799772977829, "validation_accuracy": 0.9583333134651184, "_wandb": {"runtime": 10}}