{"epoch/accuracy": 0.3645833432674408, "epoch/loss": 1.3273855447769165, "epoch/val_accuracy": 0.5, "epoch/val_loss": 1.2315641641616821, "epoch/epoch": 29, "_timestamp": 1723091646.4453282, "_runtime": 9.498002290725708, "_step": 30, "validation_loss": 1.2315641641616821, "validation_accuracy": 0.5, "_wandb": {"runtime": 9}}