{"epoch/accuracy": 0.9270833134651184, "epoch/loss": 0.13852232694625854, "epoch/val_accuracy": 0.9583333134651184, "epoch/val_loss": 0.11314007639884949, "epoch/epoch": 599, "_timestamp": 1723112806.614554, "_runtime": 28.711421966552734, "_step": 600, "validation_loss": 0.11314007639884949, "validation_accuracy": 0.9583333134651184, "_wandb": {"runtime": 28}}