{"epoch/accuracy": 0.75, "epoch/loss": 0.6441622376441956, "epoch/val_accuracy": 0.9166666865348816, "epoch/val_loss": 0.21042628586292267, "epoch/epoch": 29, "_timestamp": 1723117743.8771243, "_runtime": 10.176002264022827, "_step": 30, "validation_loss": 0.21042628586292267, "validation_accuracy": 0.9166666865348816, "_wandb": {"runtime": 9}}