{"epoch/accuracy": 0.3333333432674408, "epoch/loss": 1.5892653465270996, "epoch/val_accuracy": 0.5416666865348816, "epoch/val_loss": 1.185225009918213, "epoch/epoch": 149, "_timestamp": 1723099013.096085, "_runtime": 13.47697114944458, "_step": 150, "validation_loss": 1.185225009918213, "validation_accuracy": 0.5416666865348816, "_wandb": {"runtime": 13}}