{"epoch/accuracy": 0.4375, "epoch/loss": 1.318584680557251, "epoch/val_accuracy": 0.7916666865348816, "epoch/val_loss": 1.1407278776168823, "epoch/epoch": 99, "_timestamp": 1723115243.2182927, "_runtime": 12.217543601989746, "_step": 100, "validation_loss": 1.1407278776168823, "validation_accuracy": 0.7916666865348816, "_wandb": {"runtime": 11}}