{"epoch/accuracy": 0.9895833134651184, "epoch/loss": 0.07490114122629166, "epoch/val_accuracy": 0.9166666865348816, "epoch/val_loss": 0.21027319133281708, "epoch/epoch": 29, "_timestamp": 1723116822.7982018, "_runtime": 9.643995761871338, "_step": 30, "validation_loss": 0.21027319133281708, "validation_accuracy": 0.9166666865348816, "_wandb": {"runtime": 9}}