{"epoch/accuracy": 1.0, "epoch/loss": 0.05371174216270447, "epoch/val_accuracy": 0.9583333134651184, "epoch/val_loss": 0.1641879826784134, "epoch/epoch": 29, "_timestamp": 1723092133.7545462, "_runtime": 10.033910274505615, "_step": 30, "validation_loss": 0.1641879826784134, "validation_accuracy": 0.9583333134651184, "_wandb": {"runtime": 9}}