{"epoch/accuracy": 0.8541666865348816, "epoch/loss": 142.56288146972656, "epoch/val_accuracy": 0.9166666865348816, "epoch/val_loss": 33.42585754394531, "epoch/epoch": 69, "_timestamp": 1723095483.0139914, "_runtime": 10.961398363113403, "_step": 70, "validation_loss": 33.42585754394531, "validation_accuracy": 0.9166666865348816, "_wandb": {"runtime": 10}}