{"epoch/accuracy": 0.6979166865348816, "epoch/loss": 0.8461610674858093, "epoch/val_accuracy": 0.875, "epoch/val_loss": 0.7993831038475037, "epoch/epoch": 69, "_timestamp": 1723077216.091427, "_runtime": 13.946359157562256, "_step": 70, "validation_loss": 0.7993831634521484, "validation_accuracy": 0.875, "_wandb": {"runtime": 13}}