{"epoch/accuracy": 0.9895833134651184, "epoch/loss": 0.04708338901400566, "epoch/val_accuracy": 0.9166666865348816, "epoch/val_loss": 5.593751907348633, "epoch/epoch": 299, "_timestamp": 1723105675.9654686, "_runtime": 18.02690553665161, "_step": 300, "validation_loss": 5.593751907348633, "validation_accuracy": 0.9166666865348816, "_wandb": {"runtime": 17}}