{"epoch/accuracy": 0.7708333134651184, "epoch/loss": 30.616943359375, "epoch/val_accuracy": 0.9166666865348816, "epoch/val_loss": 0.8273852467536926, "epoch/epoch": 49, "_timestamp": 1723096736.2642322, "_runtime": 10.119578123092651, "_step": 50, "validation_loss": 0.8273852467536926, "validation_accuracy": 0.9166666865348816, "_wandb": {"runtime": 9}}