{"epoch/accuracy": 1.0, "epoch/loss": 0.001961532048881054, "epoch/val_accuracy": 0.9583333134651184, "epoch/val_loss": 0.22791840136051178, "epoch/epoch": 299, "_timestamp": 1723094385.236588, "_runtime": 18.530980110168457, "_step": 300, "validation_loss": 0.22791840136051178, "validation_accuracy": 0.9583333134651184, "_wandb": {"runtime": 18}}