{"epoch/accuracy": 0.46875, "epoch/loss": 1.1923054456710815, "epoch/val_accuracy": 0.4583333432674408, "epoch/val_loss": 1.2575323581695557, "epoch/epoch": 29, "_timestamp": 1723091148.7826922, "_runtime": 9.33600926399231, "_step": 30, "validation_loss": 1.2575323581695557, "validation_accuracy": 0.4583333432674408, "_wandb": {"runtime": 8}}