{"epoch/accuracy": 0.7916666865348816, "epoch/loss": 0.550044596195221, "epoch/val_accuracy": 0.9166666865348816, "epoch/val_loss": 0.27194204926490784, "epoch/epoch": 149, "_timestamp": 1723099330.0755365, "_runtime": 14.36394453048706, "_step": 150, "validation_loss": 0.27194204926490784, "validation_accuracy": 0.9166666865348816, "_wandb": {"runtime": 13}}