{"epoch/accuracy": 0.9791666865348816, "epoch/loss": 0.5987733006477356, "epoch/val_accuracy": 0.9166666865348816, "epoch/val_loss": 5.572096347808838, "epoch/epoch": 149, "_timestamp": 1723092198.915751, "_runtime": 13.364031076431274, "_step": 150, "validation_loss": 5.572096347808838, "validation_accuracy": 0.9166666865348816, "_wandb": {"runtime": 12}}