{"epoch/accuracy": 0.9375, "epoch/loss": 0.4450427293777466, "epoch/val_accuracy": 0.875, "epoch/val_loss": 0.5987918376922607, "epoch/epoch": 69, "_timestamp": 1723092764.3432226, "_runtime": 10.595959663391113, "_step": 70, "validation_loss": 0.5987918376922607, "validation_accuracy": 0.875, "_wandb": {"runtime": 10}}