{"epoch/accuracy": 0.9895833134651184, "epoch/loss": 0.024091845378279686, "epoch/val_accuracy": 1.0, "epoch/val_loss": 0.04390876367688179, "epoch/epoch": 299, "_timestamp": 1723100562.0502048, "_runtime": 19.468835830688477, "_step": 300, "validation_loss": 0.04390876367688179, "validation_accuracy": 1.0, "_wandb": {"runtime": 19}}