{"epoch/accuracy": 0.2916666567325592, "epoch/loss": 1.3444691896438599, "epoch/val_accuracy": 0.25, "epoch/val_loss": 1.3114564418792725, "epoch/epoch": 299, "_timestamp": 1723093371.9792006, "_runtime": 20.171146631240845, "_step": 300, "validation_loss": 1.311456561088562, "validation_accuracy": 0.25, "_wandb": {"runtime": 19}}