{"epoch/accuracy": 0.4791666567325592, "epoch/loss": 1.1716769933700562, "epoch/val_accuracy": 0.6666666865348816, "epoch/val_loss": 1.0985946655273438, "epoch/epoch": 69, "_timestamp": 1723076073.710744, "_runtime": 11.815338850021362, "_step": 70, "validation_loss": 1.0985946655273438, "validation_accuracy": 0.6666666865348816, "_wandb": {"runtime": 11}}