{"epoch/accuracy": 0.8645833134651184, "epoch/loss": 0.6616925597190857, "epoch/val_accuracy": 0.9166666865348816, "epoch/val_loss": 0.4561227560043335, "epoch/epoch": 29, "_timestamp": 1723115816.2794318, "_runtime": 10.544257879257202, "_step": 30, "validation_loss": 0.4561227560043335, "validation_accuracy": 0.9166666865348816, "_wandb": {"runtime": 10}}