{"epoch/accuracy": 1.0, "epoch/loss": 0.0013578212819993496, "epoch/val_accuracy": 0.9583333134651184, "epoch/val_loss": 0.14057034254074097, "epoch/epoch": 69, "_timestamp": 1723106455.5351443, "_runtime": 11.168874263763428, "_step": 70, "validation_loss": 0.14057034254074097, "validation_accuracy": 0.9583333134651184, "_wandb": {"runtime": 10}}