{"epoch/accuracy": 0.9583333134651184, "epoch/loss": 2.258582830429077, "epoch/val_accuracy": 0.875, "epoch/val_loss": 14.232426643371582, "epoch/epoch": 99, "_timestamp": 1723078118.344582, "_runtime": 17.492544174194336, "_step": 100, "validation_loss": 14.232426643371582, "validation_accuracy": 0.875, "_wandb": {"runtime": 17}}