{"epoch/accuracy": 0.9375, "epoch/loss": 0.30003777146339417, "epoch/val_accuracy": 0.7083333134651184, "epoch/val_loss": 0.5653476119041443, "epoch/epoch": 149, "_timestamp": 1723093487.7568715, "_runtime": 13.527993440628052, "_step": 150, "validation_loss": 0.5653476119041443, "validation_accuracy": 0.7083333134651184, "_wandb": {"runtime": 13}}