{"epoch/accuracy": 0.7395833134651184, "epoch/loss": 0.8924257755279541, "epoch/val_accuracy": 0.625, "epoch/val_loss": 1.149971842765808, "epoch/epoch": 69, "_timestamp": 1723090043.9722738, "_runtime": 10.701521873474121, "_step": 70, "validation_loss": 1.1499719619750977, "validation_accuracy": 0.625, "_wandb": {"runtime": 10}}