{"epoch/accuracy": 0.9583333134651184, "epoch/loss": 0.6152424812316895, "epoch/val_accuracy": 0.9583333134651184, "epoch/val_loss": 0.06787201762199402, "epoch/epoch": 299, "_timestamp": 1723103442.309173, "_runtime": 19.626918077468872, "_step": 300, "validation_loss": 0.06787201762199402, "validation_accuracy": 0.9583333134651184, "_wandb": {"runtime": 19}}