{"epoch/accuracy": 0.9895833134651184, "epoch/loss": 0.023785017430782318, "epoch/val_accuracy": 0.9166666865348816, "epoch/val_loss": 0.2512061893939972, "epoch/epoch": 99, "_timestamp": 1723093624.8157132, "_runtime": 12.41898226737976, "_step": 100, "validation_loss": 0.2512061893939972, "validation_accuracy": 0.9166666865348816, "_wandb": {"runtime": 12}}