{"epoch/accuracy": 0.9791666865348816, "epoch/loss": 0.03147996962070465, "epoch/val_accuracy": 0.9583333134651184, "epoch/val_loss": 0.12222013622522354, "epoch/epoch": 49, "_timestamp": 1723106194.9065037, "_runtime": 10.720053672790527, "_step": 50, "validation_loss": 0.12222013622522354, "validation_accuracy": 0.9583333134651184, "_wandb": {"runtime": 10}}