{"epoch/accuracy": 0.4583333432674408, "epoch/loss": 1.1748077869415283, "epoch/val_accuracy": 0.4583333432674408, "epoch/val_loss": 1.229469656944275, "epoch/epoch": 149, "_timestamp": 1723082306.0054073, "_runtime": 23.4466552734375, "_step": 150, "validation_loss": 1.229469656944275, "validation_accuracy": 0.4583333432674408, "_wandb": {"runtime": 23}}