{"epoch/accuracy": 1.0, "epoch/loss": 0.0021353471092879772, "epoch/val_accuracy": 0.9583333134651184, "epoch/val_loss": 0.05997873842716217, "epoch/epoch": 49, "_timestamp": 1723100259.7499356, "_runtime": 10.296700716018677, "_step": 50, "validation_loss": 0.05997873842716217, "validation_accuracy": 0.9583333134651184, "_wandb": {"runtime": 9}}