{"epoch/accuracy": 0.9166666865348816, "epoch/loss": 0.19449275732040405, "epoch/val_accuracy": 0.9583333134651184, "epoch/val_loss": 0.19453895092010498, "epoch/epoch": 299, "_timestamp": 1723110331.0046434, "_runtime": 18.915738344192505, "_step": 300, "validation_loss": 0.19453895092010498, "validation_accuracy": 0.9583333134651184, "_wandb": {"runtime": 18}}