{"epoch/accuracy": 0.8645833134651184, "epoch/loss": 0.7349146008491516, "epoch/val_accuracy": 0.8333333134651184, "epoch/val_loss": 0.7954126000404358, "epoch/epoch": 49, "_timestamp": 1723077562.8411818, "_runtime": 12.542964696884155, "_step": 50, "validation_loss": 0.7954126000404358, "validation_accuracy": 0.8333333134651184, "_wandb": {"runtime": 12}}