{"epoch/accuracy": 0.875, "epoch/loss": 0.39399242401123047, "epoch/val_accuracy": 0.9583333134651184, "epoch/val_loss": 0.15327732264995575, "epoch/epoch": 299, "_timestamp": 1723112880.323738, "_runtime": 19.375756978988647, "_step": 300, "validation_loss": 0.15327732264995575, "validation_accuracy": 0.9583333134651184, "_wandb": {"runtime": 18}}