{"epoch/accuracy": 0.96875, "epoch/loss": 0.22000670433044434, "epoch/val_accuracy": 0.9166666865348816, "epoch/val_loss": 0.37310731410980225, "epoch/epoch": 299, "_timestamp": 1723100707.521399, "_runtime": 19.713032960891724, "_step": 300, "validation_loss": 0.37310731410980225, "validation_accuracy": 0.9166666865348816, "_wandb": {"runtime": 19}}