{"epoch/accuracy": 0.84375, "epoch/loss": 8.548182487487793, "epoch/val_accuracy": 0.75, "epoch/val_loss": 9.888092994689941, "epoch/epoch": 49, "_timestamp": 1723111240.68986, "_runtime": 11.085950136184692, "_step": 50, "validation_loss": 9.888092994689941, "validation_accuracy": 0.75, "_wandb": {"runtime": 10}}