{"epoch/accuracy": 0.9895833134651184, "epoch/loss": 0.1622592955827713, "epoch/val_accuracy": 0.9583333134651184, "epoch/val_loss": 0.06670841574668884, "epoch/epoch": 299, "_timestamp": 1723106783.1184416, "_runtime": 21.69128656387329, "_step": 300, "validation_loss": 0.06670841574668884, "validation_accuracy": 0.9583333134651184, "_wandb": {"runtime": 19}}