{"epoch/accuracy": 1.0, "epoch/loss": 0.0105551453307271, "epoch/val_accuracy": 0.9583333134651184, "epoch/val_loss": 0.08888942003250122, "epoch/epoch": 599, "_timestamp": 1723091359.9080424, "_runtime": 29.989896535873413, "_step": 600, "validation_loss": 0.08888942003250122, "validation_accuracy": 0.9583333134651184, "_wandb": {"runtime": 29}}