{"epoch/accuracy": 0.3020833432674408, "epoch/loss": 1.5353068113327026, "epoch/val_accuracy": 0.375, "epoch/val_loss": 1.2866287231445312, "epoch/epoch": 29, "_timestamp": 1723098376.2688477, "_runtime": 10.061208724975586, "_step": 30, "validation_loss": 1.2866287231445312, "validation_accuracy": 0.375, "_wandb": {"runtime": 9}}