{"epoch/accuracy": 0.4479166567325592, "epoch/loss": 1.1811944246292114, "epoch/val_accuracy": 0.2916666567325592, "epoch/val_loss": 1.392804741859436, "epoch/epoch": 29, "_timestamp": 1723111012.4418707, "_runtime": 9.245588779449463, "_step": 30, "validation_loss": 1.392804741859436, "validation_accuracy": 0.2916666567325592, "_wandb": {"runtime": 8}}