{"epoch/accuracy": 0.8229166865348816, "epoch/loss": 0.768068253993988, "epoch/val_accuracy": 0.8333333134651184, "epoch/val_loss": 0.7597277164459229, "epoch/epoch": 149, "_timestamp": 1723099612.3507662, "_runtime": 13.601647138595581, "_step": 150, "validation_loss": 0.7597277164459229, "validation_accuracy": 0.8333333134651184, "_wandb": {"runtime": 13}}