{"epoch/accuracy": 0.8020833134651184, "epoch/loss": 0.7825661301612854, "epoch/val_accuracy": 0.7916666865348816, "epoch/val_loss": 0.8157112002372742, "epoch/epoch": 299, "_timestamp": 1723113697.5348537, "_runtime": 19.592211723327637, "_step": 300, "validation_loss": 0.8157112002372742, "validation_accuracy": 0.7916666865348816, "_wandb": {"runtime": 19}}