{"epoch/accuracy": 0.3020833432674408, "epoch/loss": 1.4726085662841797, "epoch/val_accuracy": 0.7083333134651184, "epoch/val_loss": 1.183068037033081, "epoch/epoch": 29, "_timestamp": 1723088207.1417913, "_runtime": 10.285496234893799, "_step": 30, "validation_loss": 1.183068037033081, "validation_accuracy": 0.7083333134651184, "_wandb": {"runtime": 9}}