{"epoch/accuracy": 0.7604166865348816, "epoch/loss": 0.7182650566101074, "epoch/val_accuracy": 0.9166666865348816, "epoch/val_loss": 0.6762694716453552, "epoch/epoch": 599, "_timestamp": 1723096970.3250387, "_runtime": 29.406936645507812, "_step": 600, "validation_loss": 0.6762694716453552, "validation_accuracy": 0.9166666865348816, "_wandb": {"runtime": 29}}