{"epoch/accuracy": 0.5416666865348816, "epoch/loss": 1.1268926858901978, "epoch/val_accuracy": 0.4583333432674408, "epoch/val_loss": 1.2097543478012085, "epoch/epoch": 69, "_timestamp": 1723110174.9317882, "_runtime": 11.687713146209717, "_step": 70, "validation_loss": 1.209754467010498, "validation_accuracy": 0.4583333432674408, "_wandb": {"runtime": 11}}