{"epoch/accuracy": 0.9583333134651184, "epoch/loss": 0.11112332344055176, "epoch/val_accuracy": 0.9166666865348816, "epoch/val_loss": 0.12026836723089218, "epoch/epoch": 69, "_timestamp": 1723104300.8935363, "_runtime": 11.00270128250122, "_step": 70, "validation_loss": 0.12026836723089218, "validation_accuracy": 0.9166666865348816, "_wandb": {"runtime": 10}}