{"epoch/accuracy": 0.90625, "epoch/loss": 0.1898079365491867, "epoch/val_accuracy": 0.9583333134651184, "epoch/val_loss": 0.20202414691448212, "epoch/epoch": 149, "_timestamp": 1723076618.858392, "_runtime": 17.196717023849487, "_step": 150, "validation_loss": 0.20202414691448212, "validation_accuracy": 0.9583333134651184, "_wandb": {"runtime": 16}}