{"epoch/accuracy": 1.0, "epoch/loss": 0.001054474152624607, "epoch/val_accuracy": 0.9583333134651184, "epoch/val_loss": 0.08742055296897888, "epoch/epoch": 599, "_timestamp": 1723112844.755424, "_runtime": 29.955820083618164, "_step": 600, "validation_loss": 0.08742055296897888, "validation_accuracy": 0.9583333134651184, "_wandb": {"runtime": 29}}