{"epoch/accuracy": 0.9791666865348816, "epoch/loss": 0.06743428856134415, "epoch/val_accuracy": 0.9166666865348816, "epoch/val_loss": 0.1644500494003296, "epoch/epoch": 69, "_timestamp": 1723108527.5839982, "_runtime": 11.361037254333496, "_step": 70, "validation_loss": 0.1644500494003296, "validation_accuracy": 0.9166666865348816, "_wandb": {"runtime": 10}}