{"epoch/accuracy": 0.9270833134651184, "epoch/loss": 0.2929529845714569, "epoch/val_accuracy": 0.9166666865348816, "epoch/val_loss": 0.3319686949253082, "epoch/epoch": 49, "_timestamp": 1723114649.9184425, "_runtime": 11.698214530944824, "_step": 50, "validation_loss": 0.3319686949253082, "validation_accuracy": 0.9166666865348816, "_wandb": {"runtime": 11}}