{"epoch/accuracy": 1.0, "epoch/loss": 0.15061119198799133, "epoch/val_accuracy": 0.9583333134651184, "epoch/val_loss": 0.3203975260257721, "epoch/epoch": 49, "_timestamp": 1723089857.6425142, "_runtime": 9.816293239593506, "_step": 50, "validation_loss": 0.3203975260257721, "validation_accuracy": 0.9583333134651184, "_wandb": {"runtime": 9}}