{"epoch/accuracy": 0.8854166865348816, "epoch/loss": 0.9507425427436829, "epoch/val_accuracy": 0.9166666865348816, "epoch/val_loss": 1.1104991436004639, "epoch/epoch": 49, "_timestamp": 1723101197.820542, "_runtime": 10.70912218093872, "_step": 50, "validation_loss": 1.1104991436004639, "validation_accuracy": 0.9166666865348816, "_wandb": {"runtime": 10}}