{"epoch/accuracy": 0.2291666716337204, "epoch/loss": 1.3861333131790161, "epoch/val_accuracy": 0.125, "epoch/val_loss": 1.398328423500061, "epoch/epoch": 149, "_timestamp": 1723085713.582794, "_runtime": 15.343020915985107, "_step": 150, "validation_loss": 1.398328423500061, "validation_accuracy": 0.125, "_wandb": {"runtime": 14}}