{"epoch/accuracy": 0.9895833134651184, "epoch/loss": 0.010439924895763397, "epoch/val_accuracy": 0.9583333134651184, "epoch/val_loss": 0.2707463502883911, "epoch/epoch": 599, "_timestamp": 1723106033.610055, "_runtime": 28.294250011444092, "_step": 600, "validation_loss": 0.2707463502883911, "validation_accuracy": 0.9583333134651184, "_wandb": {"runtime": 27}}