{"epoch/accuracy": 0.9583333134651184, "epoch/loss": 0.631619393825531, "epoch/val_accuracy": 0.9166666865348816, "epoch/val_loss": 0.7524061799049377, "epoch/epoch": 99, "_timestamp": 1723082714.03871, "_runtime": 20.52112603187561, "_step": 100, "validation_loss": 0.7524061799049377, "validation_accuracy": 0.9166666865348816, "_wandb": {"runtime": 20}}