{"epoch/accuracy": 0.9895833134651184, "epoch/loss": 0.0659196600317955, "epoch/val_accuracy": 0.875, "epoch/val_loss": 0.9859623908996582, "epoch/epoch": 99, "_timestamp": 1723082026.6210716, "_runtime": 20.889257669448853, "_step": 100, "validation_loss": 0.9859623908996582, "validation_accuracy": 0.875, "_wandb": {"runtime": 20}}