{"epoch/accuracy": 0.4166666567325592, "epoch/loss": 3.6385622024536133, "epoch/val_accuracy": 0.5, "epoch/val_loss": 1.0394725799560547, "epoch/epoch": 99, "_timestamp": 1723093506.868402, "_runtime": 11.939364910125732, "_step": 100, "validation_loss": 1.0394725799560547, "validation_accuracy": 0.5, "_wandb": {"runtime": 11}}