{"epoch/accuracy": 0.9791666865348816, "epoch/loss": 0.20555812120437622, "epoch/val_accuracy": 0.875, "epoch/val_loss": 0.4156697988510132, "epoch/epoch": 99, "_timestamp": 1723079584.2776713, "_runtime": 19.44691038131714, "_step": 100, "validation_loss": 0.4156697988510132, "validation_accuracy": 0.875, "_wandb": {"runtime": 18}}