{"epoch/accuracy": 0.6354166865348816, "epoch/loss": 0.9297993183135986, "epoch/val_accuracy": 0.875, "epoch/val_loss": 0.7598200440406799, "epoch/epoch": 99, "_timestamp": 1723109402.8699033, "_runtime": 11.636649370193481, "_step": 100, "validation_loss": 0.7598201632499695, "validation_accuracy": 0.875, "_wandb": {"runtime": 11}}