{"epoch/accuracy": 0.96875, "epoch/loss": 0.10147979110479355, "epoch/val_accuracy": 0.9583333134651184, "epoch/val_loss": 0.2526918649673462, "epoch/epoch": 29, "_timestamp": 1723101068.5269246, "_runtime": 10.646679639816284, "_step": 30, "validation_loss": 0.2526918649673462, "validation_accuracy": 0.9583333134651184, "_wandb": {"runtime": 10}}