{"epoch/accuracy": 0.9166666865348816, "epoch/loss": 0.18973176181316376, "epoch/val_accuracy": 0.9166666865348816, "epoch/val_loss": 0.19213677942752838, "epoch/epoch": 599, "_timestamp": 1723099248.4413605, "_runtime": 30.129507541656494, "_step": 600, "validation_loss": 0.19213677942752838, "validation_accuracy": 0.9166666865348816, "_wandb": {"runtime": 29}}