{"epoch/accuracy": 0.875, "epoch/loss": 2.007370710372925, "epoch/val_accuracy": 0.875, "epoch/val_loss": 0.2555842101573944, "epoch/epoch": 599, "_timestamp": 1723090895.9515224, "_runtime": 28.30774235725403, "_step": 600, "validation_loss": 0.2555842101573944, "validation_accuracy": 0.875, "_wandb": {"runtime": 27}}