{"epoch/accuracy": 0.9791666865348816, "epoch/loss": 0.028704946860671043, "epoch/val_accuracy": 0.8333333134651184, "epoch/val_loss": 1.9155101776123047, "epoch/epoch": 29, "_timestamp": 1723083834.0172822, "_runtime": 15.587709188461304, "_step": 30, "validation_loss": 1.9155101776123047, "validation_accuracy": 0.8333333134651184, "_wandb": {"runtime": 15}}