{"epoch/accuracy": 1.0, "epoch/loss": 0.0002237075677840039, "epoch/val_accuracy": 0.9583333134651184, "epoch/val_loss": 0.22437560558319092, "epoch/epoch": 49, "_timestamp": 1723102576.7848434, "_runtime": 10.531606435775757, "_step": 50, "validation_loss": 0.22437560558319092, "validation_accuracy": 0.9583333134651184, "_wandb": {"runtime": 9}}