{"epoch/accuracy": 1.0, "epoch/loss": 0.006208113860338926, "epoch/val_accuracy": 0.9166666865348816, "epoch/val_loss": 0.4257686138153076, "epoch/epoch": 99, "_timestamp": 1723121285.748208, "_runtime": 27.577280044555664, "_step": 100, "validation_loss": 0.4257686138153076, "validation_accuracy": 0.9166666865348816, "_wandb": {"runtime": 27}}