{"epoch/accuracy": 1.0, "epoch/loss": 0.0036862418055534363, "epoch/val_accuracy": 0.9166666865348816, "epoch/val_loss": 0.10229033976793289, "epoch/epoch": 299, "_timestamp": 1723113171.9322426, "_runtime": 19.408202648162842, "_step": 300, "validation_loss": 0.10229033976793289, "validation_accuracy": 0.9166666865348816, "_wandb": {"runtime": 19}}