{"epoch/accuracy": 0.9895833134651184, "epoch/loss": 0.053215160965919495, "epoch/val_accuracy": 0.9583333134651184, "epoch/val_loss": 0.1661253720521927, "epoch/epoch": 149, "_timestamp": 1723116881.357305, "_runtime": 15.542246103286743, "_step": 150, "validation_loss": 0.1661253720521927, "validation_accuracy": 0.9583333134651184, "_wandb": {"runtime": 15}}