{"epoch/accuracy": 0.96875, "epoch/loss": 0.04853073135018349, "epoch/val_accuracy": 1.0, "epoch/val_loss": 0.029847517609596252, "epoch/epoch": 599, "_timestamp": 1723110854.9177458, "_runtime": 29.96596884727478, "_step": 600, "validation_loss": 0.029847517609596252, "validation_accuracy": 1.0, "_wandb": {"runtime": 29}}