{"epoch/accuracy": 1.0, "epoch/loss": 0.0014439811930060387, "epoch/val_accuracy": 0.9166666865348816, "epoch/val_loss": 0.1780456155538559, "epoch/epoch": 299, "_timestamp": 1723116467.8451798, "_runtime": 20.794124841690063, "_step": 300, "validation_loss": 0.1780456155538559, "validation_accuracy": 0.9166666865348816, "_wandb": {"runtime": 20}}