{"epoch/accuracy": 0.9791666865348816, "epoch/loss": 0.076358862221241, "epoch/val_accuracy": 0.9166666865348816, "epoch/val_loss": 0.19011454284191132, "epoch/epoch": 149, "_timestamp": 1723115090.9246066, "_runtime": 14.117093563079834, "_step": 150, "validation_loss": 0.19011454284191132, "validation_accuracy": 0.9166666865348816, "_wandb": {"runtime": 13}}