{"epoch/accuracy": 0.6354166865348816, "epoch/loss": 1.115519642829895, "epoch/val_accuracy": 0.6666666865348816, "epoch/val_loss": 1.1225522756576538, "epoch/epoch": 29, "_timestamp": 1723103469.2058783, "_runtime": 10.408098220825195, "_step": 30, "validation_loss": 1.1225522756576538, "validation_accuracy": 0.6666666865348816, "_wandb": {"runtime": 9}}