{"epoch/accuracy": 0.9895833134651184, "epoch/loss": 0.03597467765212059, "epoch/val_accuracy": 0.9166666865348816, "epoch/val_loss": 0.14366178214550018, "epoch/epoch": 49, "_timestamp": 1723081996.3023455, "_runtime": 16.796867609024048, "_step": 50, "validation_loss": 0.14366178214550018, "validation_accuracy": 0.9166666865348816, "_wandb": {"runtime": 16}}