{"epoch/accuracy": 1.0, "epoch/loss": 8.034840720938519e-05, "epoch/val_accuracy": 0.9166666865348816, "epoch/val_loss": 1.0307796001434326, "epoch/epoch": 149, "_timestamp": 1723115327.102664, "_runtime": 14.426135063171387, "_step": 150, "validation_loss": 1.0307796001434326, "validation_accuracy": 0.9166666865348816, "_wandb": {"runtime": 14}}