{"epoch/accuracy": 1.0, "epoch/loss": 0.005904624704271555, "epoch/val_accuracy": 0.9166666865348816, "epoch/val_loss": 0.3005124628543854, "epoch/epoch": 299, "_timestamp": 1723093131.7781715, "_runtime": 19.618249654769897, "_step": 300, "validation_loss": 0.3005124628543854, "validation_accuracy": 0.9166666865348816, "_wandb": {"runtime": 19}}