{"epoch/accuracy": 0.9479166865348816, "epoch/loss": 0.47161996364593506, "epoch/val_accuracy": 1.0, "epoch/val_loss": 0.015366695821285248, "epoch/epoch": 299, "_timestamp": 1723081506.4991093, "_runtime": 34.590532302856445, "_step": 300, "validation_loss": 0.015366695821285248, "validation_accuracy": 1.0, "_wandb": {"runtime": 34}}