{"epoch/accuracy": 0.75, "epoch/loss": 0.7844765186309814, "epoch/val_accuracy": 0.875, "epoch/val_loss": 0.310575008392334, "epoch/epoch": 29, "_timestamp": 1723119306.159492, "_runtime": 13.933661937713623, "_step": 30, "validation_loss": 0.310575008392334, "validation_accuracy": 0.875, "_wandb": {"runtime": 12}}