{"epoch/accuracy": 0.2708333432674408, "epoch/loss": 1.4847930669784546, "epoch/val_accuracy": 0.125, "epoch/val_loss": 1.3991508483886719, "epoch/epoch": 149, "_timestamp": 1723103013.3598883, "_runtime": 15.235334396362305, "_step": 150, "validation_loss": 1.3991507291793823, "validation_accuracy": 0.125, "_wandb": {"runtime": 14}}