{"epoch/accuracy": 0.71875, "epoch/loss": 0.9998615384101868, "epoch/val_accuracy": 0.75, "epoch/val_loss": 1.0670315027236938, "epoch/epoch": 29, "_timestamp": 1723111352.664079, "_runtime": 11.934803009033203, "_step": 30, "validation_loss": 1.0670315027236938, "validation_accuracy": 0.75, "_wandb": {"runtime": 9}}