{"epoch/accuracy": 0.9895833134651184, "epoch/loss": 0.00993249099701643, "epoch/val_accuracy": 0.9166666865348816, "epoch/val_loss": 0.778774082660675, "epoch/epoch": 99, "_timestamp": 1723079706.0958745, "_runtime": 18.741564512252808, "_step": 100, "validation_loss": 0.778774082660675, "validation_accuracy": 0.9166666865348816, "_wandb": {"runtime": 18}}