{"epoch/accuracy": 0.9895833134651184, "epoch/loss": 0.10763288289308548, "epoch/val_accuracy": 0.9583333134651184, "epoch/val_loss": 0.19674181938171387, "epoch/epoch": 99, "_timestamp": 1723098695.3519008, "_runtime": 12.799089908599854, "_step": 100, "validation_loss": 0.19674181938171387, "validation_accuracy": 0.9583333134651184, "_wandb": {"runtime": 12}}