{"epoch/accuracy": 0.9791666865348816, "epoch/loss": 0.44471898674964905, "epoch/val_accuracy": 0.9583333134651184, "epoch/val_loss": 16.77716827392578, "epoch/epoch": 69, "_timestamp": 1723097142.518888, "_runtime": 11.086747884750366, "_step": 70, "validation_loss": 16.77716827392578, "validation_accuracy": 0.9583333134651184, "_wandb": {"runtime": 10}}