{"epoch/accuracy": 0.9791666865348816, "epoch/loss": 0.026356438174843788, "epoch/val_accuracy": 1.0, "epoch/val_loss": 0.08042149990797043, "epoch/epoch": 599, "_timestamp": 1723097845.903581, "_runtime": 31.10136890411377, "_step": 600, "validation_loss": 0.08042149990797043, "validation_accuracy": 1.0, "_wandb": {"runtime": 30}}