{"epoch/accuracy": 1.0, "epoch/loss": 0.0001236647367477417, "epoch/val_accuracy": 0.9583333134651184, "epoch/val_loss": 0.18488575518131256, "epoch/epoch": 149, "_timestamp": 1723093528.9694316, "_runtime": 13.408397674560547, "_step": 150, "validation_loss": 0.18488578498363495, "validation_accuracy": 0.9583333134651184, "_wandb": {"runtime": 13}}