{"epoch/accuracy": 1.0, "epoch/loss": 0.001967819407582283, "epoch/val_accuracy": 0.9166666865348816, "epoch/val_loss": 0.13126151263713837, "epoch/epoch": 599, "_timestamp": 1723080815.2280614, "_runtime": 60.40136432647705, "_step": 600, "validation_loss": 0.13126151263713837, "validation_accuracy": 0.9166666865348816, "_wandb": {"runtime": 60}}