{"epoch/accuracy": 0.9583333134651184, "epoch/loss": 0.4147908389568329, "epoch/val_accuracy": 0.75, "epoch/val_loss": 1.556290626525879, "epoch/epoch": 29, "_timestamp": 1723105108.4098134, "_runtime": 9.704951286315918, "_step": 30, "validation_loss": 1.556290626525879, "validation_accuracy": 0.75, "_wandb": {"runtime": 9}}