{"epoch/accuracy": 0.2916666567325592, "epoch/loss": 1.662352204322815, "epoch/val_accuracy": 0.3333333432674408, "epoch/val_loss": 1.3120317459106445, "epoch/epoch": 69, "_timestamp": 1723109315.9834208, "_runtime": 11.506228923797607, "_step": 70, "validation_loss": 1.3120317459106445, "validation_accuracy": 0.3333333432674408, "_wandb": {"runtime": 11}}