{"epoch/accuracy": 0.9791666865348816, "epoch/loss": 0.3295615017414093, "epoch/val_accuracy": 0.8333333134651184, "epoch/val_loss": 14.845527648925781, "epoch/epoch": 69, "_timestamp": 1723119622.8629873, "_runtime": 14.734049320220947, "_step": 70, "validation_loss": 14.845527648925781, "validation_accuracy": 0.8333333134651184, "_wandb": {"runtime": 14}}