{"epoch/accuracy": 0.9895833134651184, "epoch/loss": 0.02008645050227642, "epoch/val_accuracy": 0.9583333134651184, "epoch/val_loss": 0.11988582462072372, "epoch/epoch": 29, "_timestamp": 1723075948.2713532, "_runtime": 10.471569299697876, "_step": 30, "validation_loss": 0.11988582462072372, "validation_accuracy": 0.9583333134651184, "_wandb": {"runtime": 10}}