{"epoch/accuracy": 0.7083333134651184, "epoch/loss": 0.5753081440925598, "epoch/val_accuracy": 0.4583333432674408, "epoch/val_loss": 0.9528231620788574, "epoch/epoch": 299, "_timestamp": 1723077831.7323055, "_runtime": 24.957958459854126, "_step": 300, "validation_loss": 0.9528231620788574, "validation_accuracy": 0.4583333432674408, "_wandb": {"runtime": 24}}