{"epoch/accuracy": 1.0, "epoch/loss": 0.02328038215637207, "epoch/val_accuracy": 0.9583333134651184, "epoch/val_loss": 0.1312815397977829, "epoch/epoch": 299, "_timestamp": 1723098625.0905309, "_runtime": 18.81668996810913, "_step": 300, "validation_loss": 0.1312815397977829, "validation_accuracy": 0.9583333134651184, "_wandb": {"runtime": 18}}