{"epoch/accuracy": 1.0, "epoch/loss": 0.0, "epoch/val_accuracy": 0.9583333134651184, "epoch/val_loss": 25.660842895507812, "epoch/epoch": 299, "_timestamp": 1723106664.117315, "_runtime": 19.5759220123291, "_step": 300, "validation_loss": 25.660842895507812, "validation_accuracy": 0.9583333134651184, "_wandb": {"runtime": 19}}