{"epoch/accuracy": 0.6979166865348816, "epoch/loss": 0.690829336643219, "epoch/val_accuracy": 0.9583333134651184, "epoch/val_loss": 0.3607800304889679, "epoch/epoch": 149, "_timestamp": 1723105053.2413366, "_runtime": 14.341747522354126, "_step": 150, "validation_loss": 0.3607800304889679, "validation_accuracy": 0.9583333134651184, "_wandb": {"runtime": 14}}