{"epoch/accuracy": 1.0, "epoch/loss": 0.027722686529159546, "epoch/val_accuracy": 0.9583333134651184, "epoch/val_loss": 0.23298190534114838, "epoch/epoch": 149, "_timestamp": 1723077983.9981883, "_runtime": 17.093944311141968, "_step": 150, "validation_loss": 0.23298190534114838, "validation_accuracy": 0.9583333134651184, "_wandb": {"runtime": 16}}