{"epoch/accuracy": 0.9895833134651184, "epoch/loss": 0.018948091194033623, "epoch/val_accuracy": 0.9166666865348816, "epoch/val_loss": 0.33255186676979065, "epoch/epoch": 149, "_timestamp": 1723078010.8229306, "_runtime": 17.05505657196045, "_step": 150, "validation_loss": 0.33255183696746826, "validation_accuracy": 0.9166666865348816, "_wandb": {"runtime": 16}}