{"epoch/accuracy": 0.9895833134651184, "epoch/loss": 0.04866763576865196, "epoch/val_accuracy": 0.9583333134651184, "epoch/val_loss": 0.12594975531101227, "epoch/epoch": 149, "_timestamp": 1723111033.6430104, "_runtime": 14.183982372283936, "_step": 150, "validation_loss": 0.12594975531101227, "validation_accuracy": 0.9583333134651184, "_wandb": {"runtime": 13}}