{"epoch/accuracy": 0.9166666865348816, "epoch/loss": 1.3208402395248413, "epoch/val_accuracy": 0.875, "epoch/val_loss": 1.0050407648086548, "epoch/epoch": 99, "_timestamp": 1723109130.7519102, "_runtime": 12.19087529182434, "_step": 100, "validation_loss": 1.0050407648086548, "validation_accuracy": 0.875, "_wandb": {"runtime": 11}}