{"epoch/accuracy": 1.0, "epoch/loss": 0.053833652287721634, "epoch/val_accuracy": 0.9166666865348816, "epoch/val_loss": 0.3108876347541809, "epoch/epoch": 599, "_timestamp": 1723102498.675428, "_runtime": 28.40533185005188, "_step": 600, "validation_loss": 0.3108876347541809, "validation_accuracy": 0.9166666865348816, "_wandb": {"runtime": 28}}