{"epoch/accuracy": 0.9270833134651184, "epoch/loss": 0.2524496614933014, "epoch/val_accuracy": 0.9583333134651184, "epoch/val_loss": 0.24076052010059357, "epoch/epoch": 599, "_timestamp": 1723087595.344729, "_runtime": 28.414450883865356, "_step": 600, "validation_loss": 0.24076052010059357, "validation_accuracy": 0.9583333134651184, "_wandb": {"runtime": 28}}