{"epoch/accuracy": 0.9895833134651184, "epoch/loss": 0.03597128018736839, "epoch/val_accuracy": 0.9166666865348816, "epoch/val_loss": 0.19645772874355316, "epoch/epoch": 29, "_timestamp": 1723114821.2439082, "_runtime": 10.159467220306396, "_step": 30, "validation_loss": 0.19645769894123077, "validation_accuracy": 0.9166666865348816, "_wandb": {"runtime": 9}}