{"epoch/accuracy": 1.0, "epoch/loss": 0.010713580064475536, "epoch/val_accuracy": 0.9583333134651184, "epoch/val_loss": 0.19126851856708527, "epoch/epoch": 149, "_timestamp": 1723077721.3001645, "_runtime": 17.29446244239807, "_step": 150, "validation_loss": 0.19126851856708527, "validation_accuracy": 0.9583333134651184, "_wandb": {"runtime": 16}}