{"epoch/accuracy": 0.2291666716337204, "epoch/loss": 1.3879776000976562, "epoch/val_accuracy": 0.25, "epoch/val_loss": 1.3967901468276978, "epoch/epoch": 599, "_timestamp": 1723113209.526149, "_runtime": 30.925116062164307, "_step": 600, "validation_loss": 1.3967901468276978, "validation_accuracy": 0.25, "_wandb": {"runtime": 30}}