{"epoch/accuracy": 0.9895833134651184, "epoch/loss": 0.024857735261321068, "epoch/val_accuracy": 0.9583333134651184, "epoch/val_loss": 0.10127386450767517, "epoch/epoch": 29, "_timestamp": 1723120035.8297884, "_runtime": 13.1083345413208, "_step": 30, "validation_loss": 0.10127386450767517, "validation_accuracy": 0.9583333134651184, "_wandb": {"runtime": 12}}