{"epoch/accuracy": 0.5520833134651184, "epoch/loss": 1.0912697315216064, "epoch/val_accuracy": 0.4583333432674408, "epoch/val_loss": 1.2100138664245605, "epoch/epoch": 29, "_timestamp": 1723113039.462281, "_runtime": 10.070342063903809, "_step": 30, "validation_loss": 1.2100138664245605, "validation_accuracy": 0.4583333432674408, "_wandb": {"runtime": 9}}