{"epoch/accuracy": 0.8541666865348816, "epoch/loss": 0.350049763917923, "epoch/val_accuracy": 0.9166666865348816, "epoch/val_loss": 0.22642017900943756, "epoch/epoch": 49, "_timestamp": 1723098187.7459867, "_runtime": 10.769006729125977, "_step": 50, "validation_loss": 0.22642017900943756, "validation_accuracy": 0.9166666865348816, "_wandb": {"runtime": 10}}