{"epoch/accuracy": 0.2604166567325592, "epoch/loss": 1.3878551721572876, "epoch/val_accuracy": 0.25, "epoch/val_loss": 1.3976463079452515, "epoch/epoch": 99, "_timestamp": 1723116568.7553198, "_runtime": 13.241783857345581, "_step": 100, "validation_loss": 1.3976463079452515, "validation_accuracy": 0.25, "_wandb": {"runtime": 12}}