{"epoch/accuracy": 1.0, "epoch/loss": 0.009889534674584866, "epoch/val_accuracy": 0.9583333134651184, "epoch/val_loss": 0.09424569457769394, "epoch/epoch": 69, "_timestamp": 1723108464.898806, "_runtime": 11.352626085281372, "_step": 70, "validation_loss": 0.09424569457769394, "validation_accuracy": 0.9583333134651184, "_wandb": {"runtime": 10}}