{"epoch/accuracy": 0.6666666865348816, "epoch/loss": 1.093024730682373, "epoch/val_accuracy": 0.5833333134651184, "epoch/val_loss": 1.1431409120559692, "epoch/epoch": 29, "_timestamp": 1723095128.842194, "_runtime": 9.518396139144897, "_step": 30, "validation_loss": 1.1431409120559692, "validation_accuracy": 0.5833333134651184, "_wandb": {"runtime": 9}}