{"epoch/accuracy": 1.0, "epoch/loss": 0.023364627733826637, "epoch/val_accuracy": 0.9583333134651184, "epoch/val_loss": 0.11235334724187851, "epoch/epoch": 69, "_timestamp": 1723076873.6497526, "_runtime": 12.424442529678345, "_step": 70, "validation_loss": 0.11235334724187851, "validation_accuracy": 0.9583333134651184, "_wandb": {"runtime": 11}}