{"epoch/accuracy": 0.96875, "epoch/loss": 2.8312673568725586, "epoch/val_accuracy": 0.9583333134651184, "epoch/val_loss": 0.9916042685508728, "epoch/epoch": 69, "_timestamp": 1723106346.0071564, "_runtime": 11.638152360916138, "_step": 70, "validation_loss": 0.9916042685508728, "validation_accuracy": 0.9583333134651184, "_wandb": {"runtime": 11}}