{"epoch/accuracy": 0.96875, "epoch/loss": 0.6929054260253906, "epoch/val_accuracy": 0.875, "epoch/val_loss": 4.284702777862549, "epoch/epoch": 149, "_timestamp": 1723096325.590777, "_runtime": 14.780580997467041, "_step": 150, "validation_loss": 4.284702777862549, "validation_accuracy": 0.875, "_wandb": {"runtime": 12}}