{"epoch/accuracy": 0.84375, "epoch/loss": 5.515140056610107, "epoch/val_accuracy": 0.9166666865348816, "epoch/val_loss": 0.38766106963157654, "epoch/epoch": 69, "_timestamp": 1723099695.435063, "_runtime": 11.445326805114746, "_step": 70, "validation_loss": 0.38766106963157654, "validation_accuracy": 0.9166666865348816, "_wandb": {"runtime": 11}}