{"epoch/accuracy": 0.4270833432674408, "epoch/loss": 2.0853993892669678, "epoch/val_accuracy": 0.625, "epoch/val_loss": 0.9084483981132507, "epoch/epoch": 29, "_timestamp": 1723116409.732931, "_runtime": 10.121662855148315, "_step": 30, "validation_loss": 0.9084483981132507, "validation_accuracy": 0.625, "_wandb": {"runtime": 9}}