{"epoch/accuracy": 0.96875, "epoch/loss": 0.35051479935646057, "epoch/val_accuracy": 0.9583333134651184, "epoch/val_loss": 0.4150477349758148, "epoch/epoch": 149, "_timestamp": 1723087335.7171454, "_runtime": 14.832061529159546, "_step": 150, "validation_loss": 0.4150477349758148, "validation_accuracy": 0.9583333134651184, "_wandb": {"runtime": 12}}