{"epoch/accuracy": 0.78125, "epoch/loss": 0.7051906585693359, "epoch/val_accuracy": 0.7083333134651184, "epoch/val_loss": 0.7975051403045654, "epoch/epoch": 149, "_timestamp": 1723099483.45891, "_runtime": 13.420214891433716, "_step": 150, "validation_loss": 0.7975051403045654, "validation_accuracy": 0.7083333134651184, "_wandb": {"runtime": 13}}