{"epoch/accuracy": 0.4791666567325592, "epoch/loss": 1.0753003358840942, "epoch/val_accuracy": 0.3333333432674408, "epoch/val_loss": 1.102602481842041, "epoch/epoch": 299, "_timestamp": 1723102269.7289839, "_runtime": 19.26525092124939, "_step": 300, "validation_loss": 1.1026023626327515, "validation_accuracy": 0.3333333432674408, "_wandb": {"runtime": 18}}