{"epoch/accuracy": 0.9895833134651184, "epoch/loss": 0.021939361467957497, "epoch/val_accuracy": 0.9166666865348816, "epoch/val_loss": 3.5137059688568115, "epoch/epoch": 299, "_timestamp": 1723105744.72164, "_runtime": 18.829931020736694, "_step": 300, "validation_loss": 3.5137059688568115, "validation_accuracy": 0.9166666865348816, "_wandb": {"runtime": 18}}