{"epoch/accuracy": 0.59375, "epoch/loss": 1.0470976829528809, "epoch/val_accuracy": 0.7916666865348816, "epoch/val_loss": 1.0265036821365356, "epoch/epoch": 29, "_timestamp": 1723079848.2430377, "_runtime": 16.43452262878418, "_step": 30, "validation_loss": 1.0265036821365356, "validation_accuracy": 0.7916666865348816, "_wandb": {"runtime": 15}}