{"epoch/accuracy": 0.9583333134651184, "epoch/loss": 0.2895561158657074, "epoch/val_accuracy": 0.875, "epoch/val_loss": 0.8923502564430237, "epoch/epoch": 69, "_timestamp": 1723095330.496194, "_runtime": 11.24246096611023, "_step": 70, "validation_loss": 0.8923502564430237, "validation_accuracy": 0.875, "_wandb": {"runtime": 10}}