{"epoch/accuracy": 0.875, "epoch/loss": 0.25503966212272644, "epoch/val_accuracy": 0.875, "epoch/val_loss": 0.9035480618476868, "epoch/epoch": 99, "_timestamp": 1723119329.9729412, "_runtime": 16.429042100906372, "_step": 100, "validation_loss": 0.9035480618476868, "validation_accuracy": 0.875, "_wandb": {"runtime": 16}}