{"epoch/accuracy": 1.0, "epoch/loss": 0.00033825074206106365, "epoch/val_accuracy": 0.9583333134651184, "epoch/val_loss": 0.15602296590805054, "epoch/epoch": 599, "_timestamp": 1723113567.590316, "_runtime": 28.10812497138977, "_step": 600, "validation_loss": 0.15602296590805054, "validation_accuracy": 0.9583333134651184, "_wandb": {"runtime": 27}}