{"epoch/accuracy": 1.0, "epoch/loss": 0.00045772598241455853, "epoch/val_accuracy": 0.875, "epoch/val_loss": 0.5969347953796387, "epoch/epoch": 299, "_timestamp": 1723100126.9772747, "_runtime": 19.878942728042603, "_step": 300, "validation_loss": 0.5969347953796387, "validation_accuracy": 0.875, "_wandb": {"runtime": 19}}