{"epoch/accuracy": 0.9791666865348816, "epoch/loss": 0.14242298901081085, "epoch/val_accuracy": 0.9583333134651184, "epoch/val_loss": 0.3459221124649048, "epoch/epoch": 49, "_timestamp": 1723081076.3627534, "_runtime": 16.01673150062561, "_step": 50, "validation_loss": 0.3459221124649048, "validation_accuracy": 0.9583333134651184, "_wandb": {"runtime": 15}}