{"epoch/accuracy": 0.6145833134651184, "epoch/loss": 1.0340145826339722, "epoch/val_accuracy": 0.7083333134651184, "epoch/val_loss": 1.041346788406372, "epoch/epoch": 149, "_timestamp": 1723102436.7594554, "_runtime": 13.016591548919678, "_step": 150, "validation_loss": 1.041346788406372, "validation_accuracy": 0.7083333134651184, "_wandb": {"runtime": 12}}