{"epoch/accuracy": 0.9791666865348816, "epoch/loss": 0.10355833172798157, "epoch/val_accuracy": 0.9583333134651184, "epoch/val_loss": 0.2489970475435257, "epoch/epoch": 599, "_timestamp": 1723076346.0805407, "_runtime": 38.07689166069031, "_step": 600, "validation_loss": 0.2489970475435257, "validation_accuracy": 0.9583333134651184, "_wandb": {"runtime": 37}}