{"epoch/accuracy": 0.9791666865348816, "epoch/loss": 0.6019665598869324, "epoch/val_accuracy": 0.9166666865348816, "epoch/val_loss": 2.1830198764801025, "epoch/epoch": 599, "_timestamp": 1723113358.257573, "_runtime": 31.668015003204346, "_step": 600, "validation_loss": 2.1830198764801025, "validation_accuracy": 0.9166666865348816, "_wandb": {"runtime": 31}}