{"epoch/accuracy": 0.9583333134651184, "epoch/loss": 0.14488418400287628, "epoch/val_accuracy": 0.9583333134651184, "epoch/val_loss": 0.17631550133228302, "epoch/epoch": 299, "_timestamp": 1723115020.5192819, "_runtime": 19.479573965072632, "_step": 300, "validation_loss": 0.17631550133228302, "validation_accuracy": 0.9583333134651184, "_wandb": {"runtime": 19}}