{"epoch/accuracy": 0.9270833134651184, "epoch/loss": 0.4848248064517975, "epoch/val_accuracy": 0.9583333134651184, "epoch/val_loss": 1.3315600156784058, "epoch/epoch": 69, "_timestamp": 1723083782.1689026, "_runtime": 19.514005661010742, "_step": 70, "validation_loss": 1.3315600156784058, "validation_accuracy": 0.9583333134651184, "_wandb": {"runtime": 19}}