{"epoch/accuracy": 0.9895833134651184, "epoch/loss": 0.033737052232027054, "epoch/val_accuracy": 0.9583333134651184, "epoch/val_loss": 0.45466747879981995, "epoch/epoch": 49, "_timestamp": 1723097234.4131835, "_runtime": 10.646509408950806, "_step": 50, "validation_loss": 0.45466747879981995, "validation_accuracy": 0.9583333134651184, "_wandb": {"runtime": 10}}