{"epoch/accuracy": 0.7291666865348816, "epoch/loss": 3.921250581741333, "epoch/val_accuracy": 0.875, "epoch/val_loss": 0.2651122808456421, "epoch/epoch": 599, "_timestamp": 1723085977.589147, "_runtime": 28.96653699874878, "_step": 600, "validation_loss": 0.2651122808456421, "validation_accuracy": 0.875, "_wandb": {"runtime": 28}}