{"epoch/accuracy": 0.875, "epoch/loss": 0.4104541838169098, "epoch/val_accuracy": 0.9583333134651184, "epoch/val_loss": 0.3322247266769409, "epoch/epoch": 299, "_timestamp": 1723095620.068553, "_runtime": 18.695724964141846, "_step": 300, "validation_loss": 0.3322247266769409, "validation_accuracy": 0.9583333134651184, "_wandb": {"runtime": 18}}