{"epoch/accuracy": 0.8541666865348816, "epoch/loss": 0.3849254548549652, "epoch/val_accuracy": 0.9166666865348816, "epoch/val_loss": 0.14877231419086456, "epoch/epoch": 29, "_timestamp": 1723103165.5765324, "_runtime": 18.187705278396606, "_step": 30, "validation_loss": 0.14877231419086456, "validation_accuracy": 0.9166666865348816, "_wandb": {"runtime": 17}}