{"epoch/accuracy": 0.8020833134651184, "epoch/loss": 0.5674268007278442, "epoch/val_accuracy": 0.9166666865348816, "epoch/val_loss": 0.3851386606693268, "epoch/epoch": 49, "_timestamp": 1723098887.5374377, "_runtime": 10.147876739501953, "_step": 50, "validation_loss": 0.3851386606693268, "validation_accuracy": 0.9166666865348816, "_wandb": {"runtime": 9}}