{"epoch/accuracy": 0.46875, "epoch/loss": 1.0740371942520142, "epoch/val_accuracy": 0.7083333134651184, "epoch/val_loss": 0.7356483340263367, "epoch/epoch": 69, "_timestamp": 1723094839.7634983, "_runtime": 11.323723316192627, "_step": 70, "validation_loss": 0.7356483340263367, "validation_accuracy": 0.7083333134651184, "_wandb": {"runtime": 10}}