{"epoch/accuracy": 0.9791666865348816, "epoch/loss": 0.10081720352172852, "epoch/val_accuracy": 0.9166666865348816, "epoch/val_loss": 0.17108607292175293, "epoch/epoch": 599, "_timestamp": 1723093267.9732246, "_runtime": 28.655736684799194, "_step": 600, "validation_loss": 0.17108607292175293, "validation_accuracy": 0.9166666865348816, "_wandb": {"runtime": 28}}