{"epoch/accuracy": 0.40625, "epoch/loss": 1.326052188873291, "epoch/val_accuracy": 0.5, "epoch/val_loss": 1.2009836435317993, "epoch/epoch": 29, "_timestamp": 1723107817.661569, "_runtime": 10.101954221725464, "_step": 30, "validation_loss": 1.2009836435317993, "validation_accuracy": 0.5, "_wandb": {"runtime": 9}}