{"epoch/accuracy": 0.9583333134651184, "epoch/loss": 0.6024181842803955, "epoch/val_accuracy": 1.0, "epoch/val_loss": 0.040958043187856674, "epoch/epoch": 99, "_timestamp": 1723099083.3645775, "_runtime": 12.430644512176514, "_step": 100, "validation_loss": 0.040958043187856674, "validation_accuracy": 1.0, "_wandb": {"runtime": 12}}