{"epoch/accuracy": 0.96875, "epoch/loss": 0.3799503743648529, "epoch/val_accuracy": 0.9583333134651184, "epoch/val_loss": 0.09957190603017807, "epoch/epoch": 299, "_timestamp": 1723109450.9365494, "_runtime": 18.54655432701111, "_step": 300, "validation_loss": 0.09957190603017807, "validation_accuracy": 0.9583333134651184, "_wandb": {"runtime": 18}}