{"epoch/accuracy": 1.0, "epoch/loss": 0.0, "epoch/val_accuracy": 0.9583333134651184, "epoch/val_loss": 11.007561683654785, "epoch/epoch": 599, "_timestamp": 1723083571.3571224, "_runtime": 58.34002351760864, "_step": 600, "validation_loss": 11.007561683654785, "validation_accuracy": 0.9583333134651184, "_wandb": {"runtime": 57}}