{"epoch/accuracy": 1.0, "epoch/loss": 0.010548393242061138, "epoch/val_accuracy": 0.9583333134651184, "epoch/val_loss": 0.04471040144562721, "epoch/epoch": 99, "_timestamp": 1723118697.1321642, "_runtime": 14.057009220123291, "_step": 100, "validation_loss": 0.04471040144562721, "validation_accuracy": 0.9583333134651184, "_wandb": {"runtime": 13}}