{"epoch/accuracy": 0.9583333134651184, "epoch/loss": 0.20949065685272217, "epoch/val_accuracy": 0.8333333134651184, "epoch/val_loss": 0.3719899654388428, "epoch/epoch": 69, "_timestamp": 1723083183.030152, "_runtime": 18.990133047103882, "_step": 70, "validation_loss": 0.3719899654388428, "validation_accuracy": 0.8333333134651184, "_wandb": {"runtime": 18}}