{"epoch/accuracy": 0.8229166865348816, "epoch/loss": 0.6534020304679871, "epoch/val_accuracy": 0.9166666865348816, "epoch/val_loss": 0.19955800473690033, "epoch/epoch": 69, "_timestamp": 1723119489.0020587, "_runtime": 16.721105813980103, "_step": 70, "validation_loss": 0.19955800473690033, "validation_accuracy": 0.9166666865348816, "_wandb": {"runtime": 16}}