{"epoch/accuracy": 0.9583333134651184, "epoch/loss": 0.1324874758720398, "epoch/val_accuracy": 0.9166666865348816, "epoch/val_loss": 0.7483126521110535, "epoch/epoch": 49, "_timestamp": 1723083103.6152432, "_runtime": 16.909208297729492, "_step": 50, "validation_loss": 0.7483126521110535, "validation_accuracy": 0.9166666865348816, "_wandb": {"runtime": 16}}