{"epoch/accuracy": 0.7916666865348816, "epoch/loss": 0.7332987189292908, "epoch/val_accuracy": 0.75, "epoch/val_loss": 0.8122499585151672, "epoch/epoch": 149, "_timestamp": 1723076797.5095158, "_runtime": 17.464099645614624, "_step": 150, "validation_loss": 0.8122499585151672, "validation_accuracy": 0.75, "_wandb": {"runtime": 17}}