{"epoch/accuracy": 0.8229166865348816, "epoch/loss": 0.8627341389656067, "epoch/val_accuracy": 0.8333333134651184, "epoch/val_loss": 0.9751560688018799, "epoch/epoch": 29, "_timestamp": 1723089122.2008133, "_runtime": 9.312722206115723, "_step": 30, "validation_loss": 0.9751561284065247, "validation_accuracy": 0.8333333134651184, "_wandb": {"runtime": 8}}