{"epoch/accuracy": 0.2604166567325592, "epoch/loss": 1.8455876111984253, "epoch/val_accuracy": 0.2083333283662796, "epoch/val_loss": 1.4089547395706177, "epoch/epoch": 99, "_timestamp": 1723115303.8200405, "_runtime": 11.67573857307434, "_step": 100, "validation_loss": 1.4089547395706177, "validation_accuracy": 0.2083333283662796, "_wandb": {"runtime": 11}}