{"epoch/accuracy": 1.0, "epoch/loss": 0.09706971794366837, "epoch/val_accuracy": 0.9166666865348816, "epoch/val_loss": 0.2589116096496582, "epoch/epoch": 299, "_timestamp": 1723075842.3298156, "_runtime": 22.458282709121704, "_step": 300, "validation_loss": 0.2589116096496582, "validation_accuracy": 0.9166666865348816, "_wandb": {"runtime": 21}}