{"epoch/accuracy": 0.8020833134651184, "epoch/loss": 0.9688885807991028, "epoch/val_accuracy": 0.8333333134651184, "epoch/val_loss": 1.0542789697647095, "epoch/epoch": 49, "_timestamp": 1723089160.1325932, "_runtime": 10.698524236679077, "_step": 50, "validation_loss": 1.0542789697647095, "validation_accuracy": 0.8333333134651184, "_wandb": {"runtime": 10}}