{"epoch/accuracy": 0.2708333432674408, "epoch/loss": 1.3737002611160278, "epoch/val_accuracy": 0.25, "epoch/val_loss": 1.3932290077209473, "epoch/epoch": 149, "_timestamp": 1723113125.2117126, "_runtime": 14.464582681655884, "_step": 150, "validation_loss": 1.3932291269302368, "validation_accuracy": 0.25, "_wandb": {"runtime": 13}}