{"epoch/accuracy": 0.90625, "epoch/loss": 0.3732781410217285, "epoch/val_accuracy": 0.75, "epoch/val_loss": 0.6846866011619568, "epoch/epoch": 149, "_timestamp": 1723104651.7276523, "_runtime": 13.974797248840332, "_step": 150, "validation_loss": 0.6846866011619568, "validation_accuracy": 0.75, "_wandb": {"runtime": 13}}