{"epoch/accuracy": 0.9583333134651184, "epoch/loss": 0.09071912616491318, "epoch/val_accuracy": 0.9583333134651184, "epoch/val_loss": 0.5917292833328247, "epoch/epoch": 29, "_timestamp": 1723110152.01141, "_runtime": 9.152390956878662, "_step": 30, "validation_loss": 0.5917292833328247, "validation_accuracy": 0.9583333134651184, "_wandb": {"runtime": 8}}