{"epoch/accuracy": 0.71875, "epoch/loss": 0.7472648620605469, "epoch/val_accuracy": 0.6666666865348816, "epoch/val_loss": 0.875394344329834, "epoch/epoch": 69, "_timestamp": 1723103909.8263693, "_runtime": 10.654654264450073, "_step": 70, "validation_loss": 0.875394344329834, "validation_accuracy": 0.6666666865348816, "_wandb": {"runtime": 10}}