{"epoch/accuracy": 0.3333333432674408, "epoch/loss": 1.6302051544189453, "epoch/val_accuracy": 0.2916666567325592, "epoch/val_loss": 1.4347041845321655, "epoch/epoch": 49, "_timestamp": 1723114581.9157608, "_runtime": 10.521174669265747, "_step": 50, "validation_loss": 1.4347041845321655, "validation_accuracy": 0.2916666567325592, "_wandb": {"runtime": 10}}