{"epoch/accuracy": 0.2708333432674408, "epoch/loss": 1.5165871381759644, "epoch/val_accuracy": 0.3333333432674408, "epoch/val_loss": 1.3680938482284546, "epoch/epoch": 49, "_timestamp": 1723109202.5123925, "_runtime": 10.803404569625854, "_step": 50, "validation_loss": 1.3680938482284546, "validation_accuracy": 0.3333333432674408, "_wandb": {"runtime": 10}}