{"epoch/accuracy": 0.90625, "epoch/loss": 0.26808345317840576, "epoch/val_accuracy": 0.875, "epoch/val_loss": 0.2900397479534149, "epoch/epoch": 49, "_timestamp": 1723109978.5520303, "_runtime": 10.164671421051025, "_step": 50, "validation_loss": 0.2900397479534149, "validation_accuracy": 0.875, "_wandb": {"runtime": 9}}