{"epoch/accuracy": 1.0, "epoch/loss": 0.00981245469301939, "epoch/val_accuracy": 0.9166666865348816, "epoch/val_loss": 0.6925236582756042, "epoch/epoch": 99, "_timestamp": 1723116136.27817, "_runtime": 12.45036005973816, "_step": 100, "validation_loss": 0.6925236582756042, "validation_accuracy": 0.9166666865348816, "_wandb": {"runtime": 12}}