{"epoch/accuracy": 0.875, "epoch/loss": 0.32097962498664856, "epoch/val_accuracy": 0.9166666865348816, "epoch/val_loss": 0.18302787840366364, "epoch/epoch": 149, "_timestamp": 1723101763.7613375, "_runtime": 13.891254425048828, "_step": 150, "validation_loss": 0.18302787840366364, "validation_accuracy": 0.9166666865348816, "_wandb": {"runtime": 13}}