{"epoch/accuracy": 1.0, "epoch/loss": 0.018608080223202705, "epoch/val_accuracy": 0.9583333134651184, "epoch/val_loss": 0.1972442865371704, "epoch/epoch": 99, "_timestamp": 1723113477.0184126, "_runtime": 12.740360498428345, "_step": 100, "validation_loss": 0.1972442865371704, "validation_accuracy": 0.9583333134651184, "_wandb": {"runtime": 12}}