{"epoch/accuracy": 1.0, "epoch/loss": 0.0038212111685425043, "epoch/val_accuracy": 0.9166666865348816, "epoch/val_loss": 0.6771783828735352, "epoch/epoch": 69, "_timestamp": 1723094233.208598, "_runtime": 10.935839891433716, "_step": 70, "validation_loss": 0.6771783828735352, "validation_accuracy": 0.9166666865348816, "_wandb": {"runtime": 10}}