{"epoch/accuracy": 0.9791666865348816, "epoch/loss": 0.08079853653907776, "epoch/val_accuracy": 1.0, "epoch/val_loss": 0.03548300266265869, "epoch/epoch": 149, "_timestamp": 1723114056.342425, "_runtime": 14.012362003326416, "_step": 150, "validation_loss": 0.03548300266265869, "validation_accuracy": 1.0, "_wandb": {"runtime": 13}}