{"epoch/accuracy": 1.0, "epoch/loss": 0.013499523513019085, "epoch/val_accuracy": 0.9583333134651184, "epoch/val_loss": 0.1849590539932251, "epoch/epoch": 29, "_timestamp": 1723100079.2744887, "_runtime": 15.401723623275757, "_step": 30, "validation_loss": 0.1849590539932251, "validation_accuracy": 0.9583333134651184, "_wandb": {"runtime": 9}}