{"epoch/accuracy": 0.8645833134651184, "epoch/loss": 0.8499515652656555, "epoch/val_accuracy": 0.9583333134651184, "epoch/val_loss": 0.07454066723585129, "epoch/epoch": 49, "_timestamp": 1723093577.0924134, "_runtime": 10.719998359680176, "_step": 50, "validation_loss": 0.07454066723585129, "validation_accuracy": 0.9583333134651184, "_wandb": {"runtime": 10}}