{"epoch/accuracy": 0.9583333134651184, "epoch/loss": 0.12792830169200897, "epoch/val_accuracy": 0.9166666865348816, "epoch/val_loss": 0.3499516248703003, "epoch/epoch": 69, "_timestamp": 1723098574.0698228, "_runtime": 10.74048376083374, "_step": 70, "validation_loss": 0.3499516546726227, "validation_accuracy": 0.9166666865348816, "_wandb": {"runtime": 10}}