{"epoch/accuracy": 0.96875, "epoch/loss": 0.05841139331459999, "epoch/val_accuracy": 0.9583333134651184, "epoch/val_loss": 0.24130500853061676, "epoch/epoch": 29, "_timestamp": 1723094780.2416916, "_runtime": 10.204274654388428, "_step": 30, "validation_loss": 0.24130500853061676, "validation_accuracy": 0.9583333134651184, "_wandb": {"runtime": 9}}