{"epoch/accuracy": 0.2916666567325592, "epoch/loss": 1.5033341646194458, "epoch/val_accuracy": 0.3333333432674408, "epoch/val_loss": 1.324053406715393, "epoch/epoch": 69, "_timestamp": 1723084376.8130744, "_runtime": 14.917387247085571, "_step": 70, "validation_loss": 1.324053406715393, "validation_accuracy": 0.3333333432674408, "_wandb": {"runtime": 14}}