{"epoch/accuracy": 0.96875, "epoch/loss": 0.06775923818349838, "epoch/val_accuracy": 0.9166666865348816, "epoch/val_loss": 0.3579098880290985, "epoch/epoch": 99, "_timestamp": 1723087175.1078732, "_runtime": 12.14691424369812, "_step": 100, "validation_loss": 0.3579098880290985, "validation_accuracy": 0.9166666865348816, "_wandb": {"runtime": 11}}