{"epoch/accuracy": 1.0, "epoch/loss": 0.002883080393075943, "epoch/val_accuracy": 1.0, "epoch/val_loss": 0.06789318472146988, "epoch/epoch": 599, "_timestamp": 1723088717.5296187, "_runtime": 28.81069278717041, "_step": 600, "validation_loss": 0.06789318472146988, "validation_accuracy": 1.0, "_wandb": {"runtime": 28}}