{"epoch/accuracy": 0.9791666865348816, "epoch/loss": 0.5775477886199951, "epoch/val_accuracy": 0.9583333134651184, "epoch/val_loss": 0.22512008249759674, "epoch/epoch": 299, "_timestamp": 1723087109.9870238, "_runtime": 19.18418788909912, "_step": 300, "validation_loss": 0.22512008249759674, "validation_accuracy": 0.9583333134651184, "_wandb": {"runtime": 18}}