{"epoch/accuracy": 1.0, "epoch/loss": 0.0014118393883109093, "epoch/val_accuracy": 0.9583333134651184, "epoch/val_loss": 0.1605321764945984, "epoch/epoch": 99, "_timestamp": 1723115643.7539706, "_runtime": 12.700600624084473, "_step": 100, "validation_loss": 0.1605321615934372, "validation_accuracy": 0.9583333134651184, "_wandb": {"runtime": 12}}