{"epoch/accuracy": 0.9791666865348816, "epoch/loss": 0.07523881644010544, "epoch/val_accuracy": 0.9583333134651184, "epoch/val_loss": 0.6623483300209045, "epoch/epoch": 69, "_timestamp": 1723091054.1327791, "_runtime": 10.912989139556885, "_step": 70, "validation_loss": 0.6623483300209045, "validation_accuracy": 0.9583333134651184, "_wandb": {"runtime": 10}}