{"epoch/accuracy": 0.6875, "epoch/loss": 0.876819908618927, "epoch/val_accuracy": 0.6666666865348816, "epoch/val_loss": 0.918116569519043, "epoch/epoch": 29, "_timestamp": 1723102667.7351108, "_runtime": 9.215936660766602, "_step": 30, "validation_loss": 0.918116569519043, "validation_accuracy": 0.6666666865348816, "_wandb": {"runtime": 8}}