{"epoch/accuracy": 0.8854166865348816, "epoch/loss": 0.3062899112701416, "epoch/val_accuracy": 0.9166666865348816, "epoch/val_loss": 0.2768625319004059, "epoch/epoch": 69, "_timestamp": 1723120900.731848, "_runtime": 26.4674870967865, "_step": 70, "validation_loss": 0.2768625319004059, "validation_accuracy": 0.9166666865348816, "_wandb": {"runtime": 26}}