{"epoch/accuracy": 0.7083333134651184, "epoch/loss": 0.9384713172912598, "epoch/val_accuracy": 0.75, "epoch/val_loss": 0.9137575626373291, "epoch/epoch": 99, "_timestamp": 1723084477.0841968, "_runtime": 18.08719491958618, "_step": 100, "validation_loss": 0.9137575626373291, "validation_accuracy": 0.75, "_wandb": {"runtime": 17}}