{"epoch/accuracy": 0.375, "epoch/loss": 1.3945746421813965, "epoch/val_accuracy": 0.75, "epoch/val_loss": 1.1488243341445923, "epoch/epoch": 99, "_timestamp": 1723101445.2093704, "_runtime": 12.701677322387695, "_step": 100, "validation_loss": 1.1488243341445923, "validation_accuracy": 0.75, "_wandb": {"runtime": 12}}