{"epoch/accuracy": 0.28125, "epoch/loss": 1.3442710638046265, "epoch/val_accuracy": 0.25, "epoch/val_loss": 1.4006279706954956, "epoch/epoch": 299, "_timestamp": 1723115887.917779, "_runtime": 19.590139865875244, "_step": 300, "validation_loss": 1.4006279706954956, "validation_accuracy": 0.25, "_wandb": {"runtime": 19}}