{"epoch/accuracy": 0.8645833134651184, "epoch/loss": 0.7016355395317078, "epoch/val_accuracy": 0.7916666865348816, "epoch/val_loss": 0.8285520672798157, "epoch/epoch": 149, "_timestamp": 1723092466.3121023, "_runtime": 13.753461360931396, "_step": 150, "validation_loss": 0.8285520672798157, "validation_accuracy": 0.7916666865348816, "_wandb": {"runtime": 13}}