{"epoch/accuracy": 1.0, "epoch/loss": 0.00201765657402575, "epoch/val_accuracy": 0.9583333134651184, "epoch/val_loss": 0.15245966613292694, "epoch/epoch": 69, "_timestamp": 1723093152.7832963, "_runtime": 10.79218339920044, "_step": 70, "validation_loss": 0.15245966613292694, "validation_accuracy": 0.9583333134651184, "_wandb": {"runtime": 10}}