{"epoch/accuracy": 0.2708333432674408, "epoch/loss": 1.3994680643081665, "epoch/val_accuracy": 0.5, "epoch/val_loss": 1.2925605773925781, "epoch/epoch": 69, "_timestamp": 1723119436.0252793, "_runtime": 15.410574197769165, "_step": 70, "validation_loss": 1.2925605773925781, "validation_accuracy": 0.5, "_wandb": {"runtime": 15}}