{"epoch/accuracy": 0.3333333432674408, "epoch/loss": 1.9880644083023071, "epoch/val_accuracy": 0.25, "epoch/val_loss": 1.4747594594955444, "epoch/epoch": 29, "_timestamp": 1723082738.5522404, "_runtime": 14.996641397476196, "_step": 30, "validation_loss": 1.4747594594955444, "validation_accuracy": 0.25, "_wandb": {"runtime": 14}}