{"epoch/accuracy": 0.9166666865348816, "epoch/loss": 0.36545705795288086, "epoch/val_accuracy": 0.875, "epoch/val_loss": 0.6241756081581116, "epoch/epoch": 599, "_timestamp": 1723122164.7869263, "_runtime": 82.31231021881104, "_step": 600, "validation_loss": 0.6241756081581116, "validation_accuracy": 0.875, "_wandb": {"runtime": 81}}