{"epoch/accuracy": 0.9583333134651184, "epoch/loss": 0.2995705306529999, "epoch/val_accuracy": 0.8333333134651184, "epoch/val_loss": 0.4816991090774536, "epoch/epoch": 29, "_timestamp": 1723086380.9324756, "_runtime": 9.362047672271729, "_step": 30, "validation_loss": 0.4816991090774536, "validation_accuracy": 0.8333333134651184, "_wandb": {"runtime": 8}}