{"epoch/accuracy": 0.9895833134651184, "epoch/loss": 0.030567331239581108, "epoch/val_accuracy": 0.9166666865348816, "epoch/val_loss": 0.16088765859603882, "epoch/epoch": 299, "_timestamp": 1723112202.0422037, "_runtime": 18.300590753555298, "_step": 300, "validation_loss": 0.16088765859603882, "validation_accuracy": 0.9166666865348816, "_wandb": {"runtime": 17}}