{"epoch/accuracy": 0.9270833134651184, "epoch/loss": 0.6321516633033752, "epoch/val_accuracy": 0.875, "epoch/val_loss": 0.40166258811950684, "epoch/epoch": 49, "_timestamp": 1723101028.2177522, "_runtime": 11.23718523979187, "_step": 50, "validation_loss": 0.40166258811950684, "validation_accuracy": 0.875, "_wandb": {"runtime": 10}}