{"epoch/accuracy": 1.0, "epoch/loss": 0.00027634736034087837, "epoch/val_accuracy": 0.9166666865348816, "epoch/val_loss": 0.2557271718978882, "epoch/epoch": 299, "_timestamp": 1723106812.5699914, "_runtime": 19.98044729232788, "_step": 300, "validation_loss": 0.2557271718978882, "validation_accuracy": 0.9166666865348816, "_wandb": {"runtime": 19}}