{"epoch/accuracy": 0.9791666865348816, "epoch/loss": 0.10526259988546371, "epoch/val_accuracy": 0.9583333134651184, "epoch/val_loss": 0.24598990380764008, "epoch/epoch": 49, "_timestamp": 1723112334.2841358, "_runtime": 10.90155291557312, "_step": 50, "validation_loss": 0.24598990380764008, "validation_accuracy": 0.9583333134651184, "_wandb": {"runtime": 10}}