{"epoch/accuracy": 1.0, "epoch/loss": 0.005791706498712301, "epoch/val_accuracy": 1.0, "epoch/val_loss": 0.052040789276361465, "epoch/epoch": 299, "_timestamp": 1723080107.0422294, "_runtime": 30.860840320587158, "_step": 300, "validation_loss": 0.052040789276361465, "validation_accuracy": 1.0, "_wandb": {"runtime": 30}}