{"epoch/accuracy": 0.65625, "epoch/loss": 1.051982045173645, "epoch/val_accuracy": 0.875, "epoch/val_loss": 0.23785912990570068, "epoch/epoch": 599, "_timestamp": 1723094294.5202785, "_runtime": 30.077009439468384, "_step": 600, "validation_loss": 0.2378590852022171, "validation_accuracy": 0.875, "_wandb": {"runtime": 29}}