{"epoch/accuracy": 0.4895833432674408, "epoch/loss": 1.1580538749694824, "epoch/val_accuracy": 0.4583333432674408, "epoch/val_loss": 1.2007800340652466, "epoch/epoch": 149, "_timestamp": 1723098471.9304736, "_runtime": 14.40310549736023, "_step": 150, "validation_loss": 1.2007800340652466, "validation_accuracy": 0.4583333432674408, "_wandb": {"runtime": 13}}