{"epoch/accuracy": 0.90625, "epoch/loss": 0.2865417003631592, "epoch/val_accuracy": 0.9583333134651184, "epoch/val_loss": 0.13288503885269165, "epoch/epoch": 299, "_timestamp": 1723102526.4199624, "_runtime": 19.414076328277588, "_step": 300, "validation_loss": 0.13288503885269165, "validation_accuracy": 0.9583333134651184, "_wandb": {"runtime": 19}}