{"epoch/accuracy": 0.40625, "epoch/loss": 1.2612887620925903, "epoch/val_accuracy": 0.4166666567325592, "epoch/val_loss": 1.2943813800811768, "epoch/epoch": 49, "_timestamp": 1723113995.446428, "_runtime": 10.318190097808838, "_step": 50, "validation_loss": 1.2943813800811768, "validation_accuracy": 0.4166666567325592, "_wandb": {"runtime": 9}}