{"epoch/accuracy": 0.9895833134651184, "epoch/loss": 0.07048066705465317, "epoch/val_accuracy": 0.9583333134651184, "epoch/val_loss": 0.25405505299568176, "epoch/epoch": 149, "_timestamp": 1723088845.6206946, "_runtime": 13.069030523300171, "_step": 150, "validation_loss": 0.25405505299568176, "validation_accuracy": 0.9583333134651184, "_wandb": {"runtime": 12}}