{"epoch/accuracy": 0.96875, "epoch/loss": 0.05976155772805214, "epoch/val_accuracy": 0.8333333134651184, "epoch/val_loss": 0.5959460139274597, "epoch/epoch": 29, "_timestamp": 1723111453.346435, "_runtime": 9.530124187469482, "_step": 30, "validation_loss": 0.5959460139274597, "validation_accuracy": 0.8333333134651184, "_wandb": {"runtime": 9}}