{"epoch/accuracy": 0.6458333134651184, "epoch/loss": 0.9985912442207336, "epoch/val_accuracy": 0.7083333134651184, "epoch/val_loss": 1.0371623039245605, "epoch/epoch": 69, "_timestamp": 1723113379.0806615, "_runtime": 11.69982361793518, "_step": 70, "validation_loss": 1.0371623039245605, "validation_accuracy": 0.7083333134651184, "_wandb": {"runtime": 11}}