{"epoch/accuracy": 0.3229166567325592, "epoch/loss": 1.5794477462768555, "epoch/val_accuracy": 0.4583333432674408, "epoch/val_loss": 1.3623803853988647, "epoch/epoch": 69, "_timestamp": 1723093643.2251124, "_runtime": 10.708626508712769, "_step": 70, "validation_loss": 1.3623803853988647, "validation_accuracy": 0.4583333432674408, "_wandb": {"runtime": 10}}