{"epoch/accuracy": 0.34375, "epoch/loss": 1.4995704889297485, "epoch/val_accuracy": 0.5833333134651184, "epoch/val_loss": 1.205583930015564, "epoch/epoch": 69, "_timestamp": 1723104478.9780166, "_runtime": 10.787810564041138, "_step": 70, "validation_loss": 1.205583930015564, "validation_accuracy": 0.5833333134651184, "_wandb": {"runtime": 10}}