{"epoch/accuracy": 0.9791666865348816, "epoch/loss": 0.02453504502773285, "epoch/val_accuracy": 0.9583333134651184, "epoch/val_loss": 0.279776006937027, "epoch/epoch": 49, "_timestamp": 1723082525.631459, "_runtime": 16.752243995666504, "_step": 50, "validation_loss": 0.279776006937027, "validation_accuracy": 0.9583333134651184, "_wandb": {"runtime": 16}}