{"epoch/accuracy": 0.9895833134651184, "epoch/loss": 0.10918935388326645, "epoch/val_accuracy": 0.9583333134651184, "epoch/val_loss": 0.1903434544801712, "epoch/epoch": 599, "_timestamp": 1723099435.8872466, "_runtime": 28.8071186542511, "_step": 600, "validation_loss": 0.1903434544801712, "validation_accuracy": 0.9583333134651184, "_wandb": {"runtime": 28}}