{"epoch/accuracy": 0.8125, "epoch/loss": 0.8680265545845032, "epoch/val_accuracy": 0.875, "epoch/val_loss": 0.2804582417011261, "epoch/epoch": 29, "_timestamp": 1723105236.690048, "_runtime": 10.176816940307617, "_step": 30, "validation_loss": 0.2804582417011261, "validation_accuracy": 0.875, "_wandb": {"runtime": 9}}