{"epoch/accuracy": 0.59375, "epoch/loss": 0.8703740239143372, "epoch/val_accuracy": 0.7083333134651184, "epoch/val_loss": 0.7535950541496277, "epoch/epoch": 299, "_timestamp": 1723109562.6452043, "_runtime": 18.194652318954468, "_step": 300, "validation_loss": 0.7535950541496277, "validation_accuracy": 0.7083333134651184, "_wandb": {"runtime": 17}}