{"epoch/accuracy": 0.625, "epoch/loss": 0.9744755625724792, "epoch/val_accuracy": 0.7083333134651184, "epoch/val_loss": 1.0875130891799927, "epoch/epoch": 99, "_timestamp": 1723113298.6744356, "_runtime": 12.486313581466675, "_step": 100, "validation_loss": 1.0875130891799927, "validation_accuracy": 0.7083333134651184, "_wandb": {"runtime": 12}}