{"epoch/accuracy": 0.4791666567325592, "epoch/loss": 1.2890788316726685, "epoch/val_accuracy": 0.375, "epoch/val_loss": 1.214971899986267, "epoch/epoch": 149, "_timestamp": 1723117662.7764902, "_runtime": 15.644707202911377, "_step": 150, "validation_loss": 1.214971899986267, "validation_accuracy": 0.375, "_wandb": {"runtime": 15}}