{"epoch/accuracy": 0.9791666865348816, "epoch/loss": 0.055611755698919296, "epoch/val_accuracy": 0.9166666865348816, "epoch/val_loss": 0.2151782363653183, "epoch/epoch": 599, "_timestamp": 1723119035.3010442, "_runtime": 43.91488814353943, "_step": 600, "validation_loss": 0.2151782363653183, "validation_accuracy": 0.9166666865348816, "_wandb": {"runtime": 43}}