{"epoch/accuracy": 0.8541666865348816, "epoch/loss": 0.5558868050575256, "epoch/val_accuracy": 0.7083333134651184, "epoch/val_loss": 0.689401388168335, "epoch/epoch": 49, "_timestamp": 1723119394.4179504, "_runtime": 14.703054428100586, "_step": 50, "validation_loss": 0.689401388168335, "validation_accuracy": 0.7083333134651184, "_wandb": {"runtime": 14}}