{"epoch/accuracy": 0.9583333134651184, "epoch/loss": 0.1086241826415062, "epoch/val_accuracy": 0.9583333134651184, "epoch/val_loss": 0.10506320744752884, "epoch/epoch": 99, "_timestamp": 1723100489.813953, "_runtime": 13.004077911376953, "_step": 100, "validation_loss": 0.10506319999694824, "validation_accuracy": 0.9583333134651184, "_wandb": {"runtime": 12}}