{"epoch/accuracy": 0.6354166865348816, "epoch/loss": 0.9259831309318542, "epoch/val_accuracy": 0.75, "epoch/val_loss": 0.938703715801239, "epoch/epoch": 149, "_timestamp": 1723108750.06847, "_runtime": 14.620060920715332, "_step": 150, "validation_loss": 0.938703715801239, "validation_accuracy": 0.75, "_wandb": {"runtime": 14}}