{"epoch/accuracy": 0.8229166865348816, "epoch/loss": 0.5918189287185669, "epoch/val_accuracy": 0.8333333134651184, "epoch/val_loss": 0.550543487071991, "epoch/epoch": 149, "_timestamp": 1723086784.9821827, "_runtime": 13.764104843139648, "_step": 150, "validation_loss": 0.550543487071991, "validation_accuracy": 0.8333333134651184, "_wandb": {"runtime": 13}}