{"epoch/accuracy": 0.8125, "epoch/loss": 0.6457677483558655, "epoch/val_accuracy": 0.9166666865348816, "epoch/val_loss": 0.647750735282898, "epoch/epoch": 29, "_timestamp": 1723101729.3771336, "_runtime": 10.271372556686401, "_step": 30, "validation_loss": 0.647750735282898, "validation_accuracy": 0.9166666865348816, "_wandb": {"runtime": 9}}