{"epoch/accuracy": 0.3541666567325592, "epoch/loss": 1.6478734016418457, "epoch/val_accuracy": 0.2916666567325592, "epoch/val_loss": 1.3750386238098145, "epoch/epoch": 99, "_timestamp": 1723075974.109322, "_runtime": 14.152193069458008, "_step": 100, "validation_loss": 1.3750386238098145, "validation_accuracy": 0.2916666567325592, "_wandb": {"runtime": 13}}