{"epoch/accuracy": 0.90625, "epoch/loss": 1.1260201930999756, "epoch/val_accuracy": 0.9166666865348816, "epoch/val_loss": 0.6726820468902588, "epoch/epoch": 29, "_timestamp": 1723086857.1101584, "_runtime": 9.187008380889893, "_step": 30, "validation_loss": 0.6726820468902588, "validation_accuracy": 0.9166666865348816, "_wandb": {"runtime": 8}}