{"epoch/accuracy": 1.0, "epoch/loss": 0.0, "epoch/val_accuracy": 0.9583333134651184, "epoch/val_loss": 0.4010830819606781, "epoch/epoch": 599, "_timestamp": 1723081145.5574102, "_runtime": 59.348005294799805, "_step": 600, "validation_loss": 0.4010830819606781, "validation_accuracy": 0.9583333134651184, "_wandb": {"runtime": 58}}