{"epoch/accuracy": 0.9375, "epoch/loss": 0.1089264526963234, "epoch/val_accuracy": 0.9583333134651184, "epoch/val_loss": 0.1785743087530136, "epoch/epoch": 99, "_timestamp": 1723107857.1038089, "_runtime": 12.918606996536255, "_step": 100, "validation_loss": 0.1785743087530136, "validation_accuracy": 0.9583333134651184, "_wandb": {"runtime": 12}}