{"epoch/accuracy": 1.0, "epoch/loss": 0.00722358888015151, "epoch/val_accuracy": 0.9166666865348816, "epoch/val_loss": 0.227018341422081, "epoch/epoch": 299, "_timestamp": 1723116000.5493004, "_runtime": 19.4942364692688, "_step": 300, "validation_loss": 0.227018341422081, "validation_accuracy": 0.9166666865348816, "_wandb": {"runtime": 19}}