{"epoch/accuracy": 0.8645833134651184, "epoch/loss": 0.3747604787349701, "epoch/val_accuracy": 0.9166666865348816, "epoch/val_loss": 0.30316224694252014, "epoch/epoch": 69, "_timestamp": 1723110873.6747968, "_runtime": 11.874984741210938, "_step": 70, "validation_loss": 0.30316224694252014, "validation_accuracy": 0.9166666865348816, "_wandb": {"runtime": 11}}