{"epoch/accuracy": 0.75, "epoch/loss": 0.9441971778869629, "epoch/val_accuracy": 0.7083333134651184, "epoch/val_loss": 0.9865463376045227, "epoch/epoch": 149, "_timestamp": 1723081892.7187574, "_runtime": 26.970405340194702, "_step": 150, "validation_loss": 0.9865463376045227, "validation_accuracy": 0.7083333134651184, "_wandb": {"runtime": 26}}