{"epoch/accuracy": 1.0, "epoch/loss": 8.255415741587058e-05, "epoch/val_accuracy": 0.9583333134651184, "epoch/val_loss": 0.07722274214029312, "epoch/epoch": 599, "_timestamp": 1723105287.3777452, "_runtime": 30.710912227630615, "_step": 600, "validation_loss": 0.07722274214029312, "validation_accuracy": 0.9583333134651184, "_wandb": {"runtime": 30}}