{"epoch/accuracy": 1.0, "epoch/loss": 0.013645733706653118, "epoch/val_accuracy": 0.9583333134651184, "epoch/val_loss": 0.1637192964553833, "epoch/epoch": 69, "_timestamp": 1723107419.7751946, "_runtime": 10.820131540298462, "_step": 70, "validation_loss": 0.1637192964553833, "validation_accuracy": 0.9583333134651184, "_wandb": {"runtime": 10}}