{"epoch/accuracy": 1.0, "epoch/loss": 0.0, "epoch/val_accuracy": 0.9583333134651184, "epoch/val_loss": 2.027972459793091, "epoch/epoch": 599, "_timestamp": 1723087047.9003043, "_runtime": 29.835002422332764, "_step": 600, "validation_loss": 2.027972459793091, "validation_accuracy": 0.9583333134651184, "_wandb": {"runtime": 29}}