{"epoch/accuracy": 0.9895833134651184, "epoch/loss": 0.017250094562768936, "epoch/val_accuracy": 0.9166666865348816, "epoch/val_loss": 0.38251903653144836, "epoch/epoch": 49, "_timestamp": 1723091583.594278, "_runtime": 10.3872971534729, "_step": 50, "validation_loss": 0.382519006729126, "validation_accuracy": 0.9166666865348816, "_wandb": {"runtime": 9}}