{"epoch/accuracy": 1.0, "epoch/loss": 0.00799102708697319, "epoch/val_accuracy": 0.9583333134651184, "epoch/val_loss": 0.11405762284994125, "epoch/epoch": 149, "_timestamp": 1723087007.33224, "_runtime": 13.902144193649292, "_step": 150, "validation_loss": 0.11405762284994125, "validation_accuracy": 0.9583333134651184, "_wandb": {"runtime": 13}}