{"epoch/accuracy": 0.9375, "epoch/loss": 0.14374111592769623, "epoch/val_accuracy": 0.9166666865348816, "epoch/val_loss": 0.17444561421871185, "epoch/epoch": 299, "_timestamp": 1723113974.4094615, "_runtime": 19.048328399658203, "_step": 300, "validation_loss": 0.17444558441638947, "validation_accuracy": 0.9166666865348816, "_wandb": {"runtime": 18}}