{"epoch/accuracy": 0.9479166865348816, "epoch/loss": 0.1838291436433792, "epoch/val_accuracy": 0.9166666865348816, "epoch/val_loss": 0.21004606783390045, "epoch/epoch": 29, "_timestamp": 1723078060.883368, "_runtime": 12.055366039276123, "_step": 30, "validation_loss": 0.21004606783390045, "validation_accuracy": 0.9166666865348816, "_wandb": {"runtime": 11}}