{"epoch/accuracy": 0.9895833134651184, "epoch/loss": 0.08821777254343033, "epoch/val_accuracy": 0.9583333134651184, "epoch/val_loss": 0.22116629779338837, "epoch/epoch": 149, "_timestamp": 1723100279.59959, "_runtime": 13.327723979949951, "_step": 150, "validation_loss": 0.22116629779338837, "validation_accuracy": 0.9583333134651184, "_wandb": {"runtime": 12}}