{"epoch/accuracy": 0.9375, "epoch/loss": 0.280825674533844, "epoch/val_accuracy": 0.9166666865348816, "epoch/val_loss": 0.34991228580474854, "epoch/epoch": 29, "_timestamp": 1723107209.887007, "_runtime": 10.240521907806396, "_step": 30, "validation_loss": 0.34991228580474854, "validation_accuracy": 0.9166666865348816, "_wandb": {"runtime": 9}}