{"epoch/accuracy": 0.8541666865348816, "epoch/loss": 0.6240201592445374, "epoch/val_accuracy": 0.875, "epoch/val_loss": 0.6301099061965942, "epoch/epoch": 99, "_timestamp": 1723111687.6356199, "_runtime": 12.508007764816284, "_step": 100, "validation_loss": 0.6301099061965942, "validation_accuracy": 0.875, "_wandb": {"runtime": 12}}