{"epoch/accuracy": 0.5104166865348816, "epoch/loss": 1.1499093770980835, "epoch/val_accuracy": 0.5416666865348816, "epoch/val_loss": 1.2342337369918823, "epoch/epoch": 99, "_timestamp": 1723086179.7841003, "_runtime": 11.855798244476318, "_step": 100, "validation_loss": 1.2342337369918823, "validation_accuracy": 0.5416666865348816, "_wandb": {"runtime": 11}}