{"epoch/accuracy": 0.2291666716337204, "epoch/loss": 1.38623046875, "epoch/val_accuracy": 0.25, "epoch/val_loss": 1.397637963294983, "epoch/epoch": 299, "_timestamp": 1723090609.9200912, "_runtime": 18.125028133392334, "_step": 300, "validation_loss": 1.397637963294983, "validation_accuracy": 0.25, "_wandb": {"runtime": 17}}