{"epoch/accuracy": 0.9375, "epoch/loss": 1.0299324989318848, "epoch/val_accuracy": 0.875, "epoch/val_loss": 2.479924440383911, "epoch/epoch": 69, "_timestamp": 1723109846.6421297, "_runtime": 10.783800601959229, "_step": 70, "validation_loss": 2.479924440383911, "validation_accuracy": 0.875, "_wandb": {"runtime": 10}}