{"epoch/accuracy": 1.0, "epoch/loss": 0.0016143099637702107, "epoch/val_accuracy": 0.9583333134651184, "epoch/val_loss": 0.21970002353191376, "epoch/epoch": 29, "_timestamp": 1723099392.4493496, "_runtime": 9.233958721160889, "_step": 30, "validation_loss": 0.21970002353191376, "validation_accuracy": 0.9583333134651184, "_wandb": {"runtime": 8}}