{"epoch/accuracy": 1.0, "epoch/loss": 0.0, "epoch/val_accuracy": 0.875, "epoch/val_loss": 4.6411967277526855, "epoch/epoch": 599, "_timestamp": 1723090645.2539642, "_runtime": 27.736685276031494, "_step": 600, "validation_loss": 4.6411967277526855, "validation_accuracy": 0.875, "_wandb": {"runtime": 27}}