{"epoch/accuracy": 0.9479166865348816, "epoch/loss": 0.45222604274749756, "epoch/val_accuracy": 0.9166666865348816, "epoch/val_loss": 0.5580801963806152, "epoch/epoch": 69, "_timestamp": 1723105566.7799134, "_runtime": 11.49130654335022, "_step": 70, "validation_loss": 0.5580801963806152, "validation_accuracy": 0.9166666865348816, "_wandb": {"runtime": 11}}