{"epoch/accuracy": 0.9791666865348816, "epoch/loss": 0.1915384978055954, "epoch/val_accuracy": 0.9583333134651184, "epoch/val_loss": 0.3405352830886841, "epoch/epoch": 299, "_timestamp": 1723095544.464695, "_runtime": 18.73393487930298, "_step": 300, "validation_loss": 0.3405352830886841, "validation_accuracy": 0.9583333134651184, "_wandb": {"runtime": 18}}