{"epoch/accuracy": 0.6979166865348816, "epoch/loss": 0.9642999768257141, "epoch/val_accuracy": 0.6666666865348816, "epoch/val_loss": 1.0486716032028198, "epoch/epoch": 149, "_timestamp": 1723088620.9079804, "_runtime": 13.436387538909912, "_step": 150, "validation_loss": 1.0486716032028198, "validation_accuracy": 0.6666666865348816, "_wandb": {"runtime": 13}}