{"epoch/accuracy": 0.6145833134651184, "epoch/loss": 0.8961115479469299, "epoch/val_accuracy": 0.75, "epoch/val_loss": 0.8192110061645508, "epoch/epoch": 99, "_timestamp": 1723095438.426211, "_runtime": 11.865885019302368, "_step": 100, "validation_loss": 0.8192110061645508, "validation_accuracy": 0.75, "_wandb": {"runtime": 11}}