{"epoch/accuracy": 0.4791666567325592, "epoch/loss": 1.237825870513916, "epoch/val_accuracy": 0.4166666567325592, "epoch/val_loss": 1.3101993799209595, "epoch/epoch": 69, "_timestamp": 1723098169.0812497, "_runtime": 11.368619680404663, "_step": 70, "validation_loss": 1.3101993799209595, "validation_accuracy": 0.4166666567325592, "_wandb": {"runtime": 10}}