{"epoch/accuracy": 0.2708333432674408, "epoch/loss": 1.3739205598831177, "epoch/val_accuracy": 0.25, "epoch/val_loss": 1.3990713357925415, "epoch/epoch": 29, "_timestamp": 1723093797.0681548, "_runtime": 10.18455171585083, "_step": 30, "validation_loss": 1.3990713357925415, "validation_accuracy": 0.25, "_wandb": {"runtime": 9}}