{"epoch/accuracy": 1.0, "epoch/loss": 0.0001320733572356403, "epoch/val_accuracy": 0.9583333134651184, "epoch/val_loss": 0.748773992061615, "epoch/epoch": 599, "_timestamp": 1723095966.807254, "_runtime": 28.852702140808105, "_step": 600, "validation_loss": 0.748773992061615, "validation_accuracy": 0.9583333134651184, "_wandb": {"runtime": 28}}