{"epoch/accuracy": 0.8958333134651184, "epoch/loss": 0.20116500556468964, "epoch/val_accuracy": 0.9166666865348816, "epoch/val_loss": 0.45984598994255066, "epoch/epoch": 299, "_timestamp": 1723093717.4765332, "_runtime": 18.583203077316284, "_step": 300, "validation_loss": 0.45984598994255066, "validation_accuracy": 0.9166666865348816, "_wandb": {"runtime": 18}}