{"epoch/accuracy": 1.0, "epoch/loss": 0.020823659375309944, "epoch/val_accuracy": 0.9583333134651184, "epoch/val_loss": 0.2480141520500183, "epoch/epoch": 99, "_timestamp": 1723075500.6789362, "_runtime": 13.174416303634644, "_step": 100, "validation_loss": 0.2480141520500183, "validation_accuracy": 0.9583333134651184, "_wandb": {"runtime": 12}}