{"epoch/accuracy": 0.3229166567325592, "epoch/loss": 1.4473410844802856, "epoch/val_accuracy": 0.5416666865348816, "epoch/val_loss": 1.135797142982483, "epoch/epoch": 29, "_timestamp": 1723085937.3558385, "_runtime": 9.832790613174438, "_step": 30, "validation_loss": 1.1357972621917725, "validation_accuracy": 0.5416666865348816, "_wandb": {"runtime": 9}}