{"epoch/accuracy": 0.9270833134651184, "epoch/loss": 0.4023304879665375, "epoch/val_accuracy": 0.9583333134651184, "epoch/val_loss": 0.04590596258640289, "epoch/epoch": 69, "_timestamp": 1723090962.0553653, "_runtime": 11.21237325668335, "_step": 70, "validation_loss": 0.04590596258640289, "validation_accuracy": 0.9583333134651184, "_wandb": {"runtime": 10}}