{"epoch/accuracy": 0.6666666865348816, "epoch/loss": 1.7565919160842896, "epoch/val_accuracy": 0.75, "epoch/val_loss": 0.7395212054252625, "epoch/epoch": 49, "_timestamp": 1723115383.2603729, "_runtime": 10.142982959747314, "_step": 50, "validation_loss": 0.7395212054252625, "validation_accuracy": 0.75, "_wandb": {"runtime": 9}}