{"epoch/accuracy": 1.0, "epoch/loss": 0.007213556673377752, "epoch/val_accuracy": 1.0, "epoch/val_loss": 0.04035339131951332, "epoch/epoch": 149, "_timestamp": 1723088601.2545962, "_runtime": 13.809813261032104, "_step": 150, "validation_loss": 0.04035339131951332, "validation_accuracy": 1.0, "_wandb": {"runtime": 13}}