{"epoch/accuracy": 0.7604166865348816, "epoch/loss": 0.685753583908081, "epoch/val_accuracy": 0.75, "epoch/val_loss": 0.7667362093925476, "epoch/epoch": 69, "_timestamp": 1723077392.936044, "_runtime": 12.86336898803711, "_step": 70, "validation_loss": 0.7667362093925476, "validation_accuracy": 0.75, "_wandb": {"runtime": 12}}