{"epoch/accuracy": 0.5416666865348816, "epoch/loss": 0.9815340042114258, "epoch/val_accuracy": 0.5, "epoch/val_loss": 0.856681764125824, "epoch/epoch": 299, "_timestamp": 1723117051.7393064, "_runtime": 21.93594741821289, "_step": 300, "validation_loss": 0.856681764125824, "validation_accuracy": 0.5, "_wandb": {"runtime": 21}}