{"epoch/accuracy": 1.0, "epoch/loss": 3.439647855429939e-07, "epoch/val_accuracy": 0.9583333134651184, "epoch/val_loss": 0.2709561586380005, "epoch/epoch": 149, "_timestamp": 1723096171.917753, "_runtime": 14.17934799194336, "_step": 150, "validation_loss": 0.2709561586380005, "validation_accuracy": 0.9583333134651184, "_wandb": {"runtime": 13}}