{"epoch/accuracy": 0.90625, "epoch/loss": 0.4059063196182251, "epoch/val_accuracy": 0.875, "epoch/val_loss": 0.4850456714630127, "epoch/epoch": 29, "_timestamp": 1723090723.4432247, "_runtime": 9.785586595535278, "_step": 30, "validation_loss": 0.4850456714630127, "validation_accuracy": 0.875, "_wandb": {"runtime": 9}}