{"epoch/accuracy": 0.9270833134651184, "epoch/loss": 0.3308761417865753, "epoch/val_accuracy": 0.9583333134651184, "epoch/val_loss": 0.34874120354652405, "epoch/epoch": 99, "_timestamp": 1723081234.2271347, "_runtime": 21.883155822753906, "_step": 100, "validation_loss": 0.34874120354652405, "validation_accuracy": 0.9583333134651184, "_wandb": {"runtime": 21}}