{"epoch/accuracy": 0.96875, "epoch/loss": 0.3487261235713959, "epoch/val_accuracy": 0.8333333134651184, "epoch/val_loss": 0.5350404977798462, "epoch/epoch": 69, "_timestamp": 1723082957.3865824, "_runtime": 18.597394466400146, "_step": 70, "validation_loss": 0.5350404977798462, "validation_accuracy": 0.8333333134651184, "_wandb": {"runtime": 17}}