{"epoch/accuracy": 0.9583333134651184, "epoch/loss": 0.1576172262430191, "epoch/val_accuracy": 0.9166666865348816, "epoch/val_loss": 0.22287797927856445, "epoch/epoch": 49, "_timestamp": 1723080939.3112426, "_runtime": 17.165525674819946, "_step": 50, "validation_loss": 0.22287797927856445, "validation_accuracy": 0.9166666865348816, "_wandb": {"runtime": 16}}