{"epoch/accuracy": 1.0, "epoch/loss": 0.06011269614100456, "epoch/val_accuracy": 0.9166666865348816, "epoch/val_loss": 0.1979188472032547, "epoch/epoch": 599, "_timestamp": 1723111218.2198036, "_runtime": 29.33468246459961, "_step": 600, "validation_loss": 0.1979188472032547, "validation_accuracy": 0.9166666865348816, "_wandb": {"runtime": 28}}