{"epoch/accuracy": 0.28125, "epoch/loss": 1.3627281188964844, "epoch/val_accuracy": 0.25, "epoch/val_loss": 1.3958390951156616, "epoch/epoch": 599, "_timestamp": 1723106137.387914, "_runtime": 30.112063884735107, "_step": 600, "validation_loss": 1.3958390951156616, "validation_accuracy": 0.25, "_wandb": {"runtime": 29}}