{"epoch/accuracy": 0.3854166567325592, "epoch/loss": 1.4005783796310425, "epoch/val_accuracy": 0.4166666567325592, "epoch/val_loss": 1.3435348272323608, "epoch/epoch": 49, "_timestamp": 1723111180.2884116, "_runtime": 11.204105615615845, "_step": 50, "validation_loss": 1.3435348272323608, "validation_accuracy": 0.4166666567325592, "_wandb": {"runtime": 10}}