{"epoch/accuracy": 0.9375, "epoch/loss": 0.6067896485328674, "epoch/val_accuracy": 0.875, "epoch/val_loss": 2.8127870559692383, "epoch/epoch": 149, "_timestamp": 1723110439.190199, "_runtime": 13.764708995819092, "_step": 150, "validation_loss": 2.8127870559692383, "validation_accuracy": 0.875, "_wandb": {"runtime": 13}}