{"epoch/accuracy": 0.8333333134651184, "epoch/loss": 0.44730982184410095, "epoch/val_accuracy": 0.9583333134651184, "epoch/val_loss": 0.263495534658432, "epoch/epoch": 99, "_timestamp": 1723108445.1268623, "_runtime": 12.395100355148315, "_step": 100, "validation_loss": 0.263495534658432, "validation_accuracy": 0.9583333134651184, "_wandb": {"runtime": 12}}