{"epoch/accuracy": 0.7916666865348816, "epoch/loss": 0.8844237923622131, "epoch/val_accuracy": 0.875, "epoch/val_loss": 0.9195003509521484, "epoch/epoch": 149, "_timestamp": 1723106858.6250186, "_runtime": 14.531717538833618, "_step": 150, "validation_loss": 0.9195003509521484, "validation_accuracy": 0.875, "_wandb": {"runtime": 14}}