{"epoch/accuracy": 1.0, "epoch/loss": 0.009845868684351444, "epoch/val_accuracy": 0.9583333134651184, "epoch/val_loss": 0.0725836306810379, "epoch/epoch": 149, "_timestamp": 1723108885.3583317, "_runtime": 13.928135633468628, "_step": 150, "validation_loss": 0.0725836306810379, "validation_accuracy": 0.9583333134651184, "_wandb": {"runtime": 13}}