{"epoch/accuracy": 0.9375, "epoch/loss": 0.26693984866142273, "epoch/val_accuracy": 0.9583333134651184, "epoch/val_loss": 0.35049232840538025, "epoch/epoch": 69, "_timestamp": 1723083131.8835018, "_runtime": 18.544119834899902, "_step": 70, "validation_loss": 0.35049232840538025, "validation_accuracy": 0.9583333134651184, "_wandb": {"runtime": 18}}