{"epoch/accuracy": 0.6979166865348816, "epoch/loss": 49.75400924682617, "epoch/val_accuracy": 0.9166666865348816, "epoch/val_loss": 3.6837711334228516, "epoch/epoch": 29, "_timestamp": 1723077955.741831, "_runtime": 13.998677968978882, "_step": 30, "validation_loss": 3.6837711334228516, "validation_accuracy": 0.9166666865348816, "_wandb": {"runtime": 13}}