{"epoch/accuracy": 0.9479166865348816, "epoch/loss": 0.14711320400238037, "epoch/val_accuracy": 0.9166666865348816, "epoch/val_loss": 0.27453696727752686, "epoch/epoch": 69, "_timestamp": 1723091564.250923, "_runtime": 10.829620838165283, "_step": 70, "validation_loss": 0.27453696727752686, "validation_accuracy": 0.9166666865348816, "_wandb": {"runtime": 10}}