{"epoch/accuracy": 1.0, "epoch/loss": 0.052793532609939575, "epoch/val_accuracy": 0.9583333134651184, "epoch/val_loss": 0.16563774645328522, "epoch/epoch": 599, "_timestamp": 1723076227.791142, "_runtime": 37.90211796760559, "_step": 600, "validation_loss": 0.1656377613544464, "validation_accuracy": 0.9583333134651184, "_wandb": {"runtime": 37}}