{"epoch/accuracy": 0.90625, "epoch/loss": 0.4455071985721588, "epoch/val_accuracy": 0.875, "epoch/val_loss": 0.5584121346473694, "epoch/epoch": 99, "_timestamp": 1723116175.4516432, "_runtime": 11.490328311920166, "_step": 100, "validation_loss": 0.5584121346473694, "validation_accuracy": 0.875, "_wandb": {"runtime": 11}}