{"epoch/accuracy": 0.5416666865348816, "epoch/loss": 1.1674425601959229, "epoch/val_accuracy": 0.4583333432674408, "epoch/val_loss": 1.2245820760726929, "epoch/epoch": 99, "_timestamp": 1723105546.101186, "_runtime": 11.799377918243408, "_step": 100, "validation_loss": 1.2245820760726929, "validation_accuracy": 0.4583333432674408, "_wandb": {"runtime": 11}}