{"epoch/accuracy": 0.5104166865348816, "epoch/loss": 1.1517831087112427, "epoch/val_accuracy": 0.625, "epoch/val_loss": 1.0737704038619995, "epoch/epoch": 49, "_timestamp": 1723089651.8641057, "_runtime": 9.832868814468384, "_step": 50, "validation_loss": 1.0737704038619995, "validation_accuracy": 0.625, "_wandb": {"runtime": 9}}