{"epoch/accuracy": 0.2395833283662796, "epoch/loss": 2.484118700027466, "epoch/val_accuracy": 0.25, "epoch/val_loss": 1.3981990814208984, "epoch/epoch": 29, "_timestamp": 1723099167.1534138, "_runtime": 10.482975721359253, "_step": 30, "validation_loss": 1.3981990814208984, "validation_accuracy": 0.25, "_wandb": {"runtime": 10}}