{"epoch/accuracy": 0.2708333432674408, "epoch/loss": 1.904362678527832, "epoch/val_accuracy": 0.25, "epoch/val_loss": 1.3938860893249512, "epoch/epoch": 29, "_timestamp": 1723114194.438833, "_runtime": 9.517816066741943, "_step": 30, "validation_loss": 1.3938860893249512, "validation_accuracy": 0.25, "_wandb": {"runtime": 9}}