{"epoch/accuracy": 0.9166666865348816, "epoch/loss": 0.27243149280548096, "epoch/val_accuracy": 0.9583333134651184, "epoch/val_loss": 0.27431729435920715, "epoch/epoch": 49, "_timestamp": 1723117103.015739, "_runtime": 11.07966685295105, "_step": 50, "validation_loss": 0.27431729435920715, "validation_accuracy": 0.9583333134651184, "_wandb": {"runtime": 10}}