{"epoch/accuracy": 1.0, "epoch/loss": 0.000122327939607203, "epoch/val_accuracy": 0.9583333134651184, "epoch/val_loss": 0.29325151443481445, "epoch/epoch": 599, "_timestamp": 1723111857.6603177, "_runtime": 30.220491647720337, "_step": 600, "validation_loss": 0.29325154423713684, "validation_accuracy": 0.9583333134651184, "_wandb": {"runtime": 29}}