{"epoch/accuracy": 0.9479166865348816, "epoch/loss": 0.19675855338573456, "epoch/val_accuracy": 0.9166666865348816, "epoch/val_loss": 0.12082120031118393, "epoch/epoch": 29, "_timestamp": 1723091246.2644017, "_runtime": 9.643722772598267, "_step": 30, "validation_loss": 0.12082120031118393, "validation_accuracy": 0.9166666865348816, "_wandb": {"runtime": 9}}