{"epoch/accuracy": 1.0, "epoch/loss": 0.012178410775959492, "epoch/val_accuracy": 0.9583333134651184, "epoch/val_loss": 0.06611711531877518, "epoch/epoch": 599, "_timestamp": 1723077775.7864163, "_runtime": 39.81759023666382, "_step": 600, "validation_loss": 0.06611711531877518, "validation_accuracy": 0.9583333134651184, "_wandb": {"runtime": 39}}