{"epoch/accuracy": 0.7916666865348816, "epoch/loss": 61.94975280761719, "epoch/val_accuracy": 1.0, "epoch/val_loss": 2.9205250484665157e-06, "epoch/epoch": 29, "_timestamp": 1723091194.3518178, "_runtime": 13.357950925827026, "_step": 30, "validation_loss": 2.9205250484665157e-06, "validation_accuracy": 1.0, "_wandb": {"runtime": 12}}