{"epoch/accuracy": 0.875, "epoch/loss": 0.6719031929969788, "epoch/val_accuracy": 0.8333333134651184, "epoch/val_loss": 0.7557389736175537, "epoch/epoch": 99, "_timestamp": 1723115115.3896842, "_runtime": 12.761534214019775, "_step": 100, "validation_loss": 0.7557389736175537, "validation_accuracy": 0.8333333134651184, "_wandb": {"runtime": 12}}