{"epoch/accuracy": 0.9270833134651184, "epoch/loss": 3.4616763591766357, "epoch/val_accuracy": 0.9583333134651184, "epoch/val_loss": 2.2182209491729736, "epoch/epoch": 49, "_timestamp": 1723103638.6655807, "_runtime": 10.90927767753601, "_step": 50, "validation_loss": 2.2182209491729736, "validation_accuracy": 0.9583333134651184, "_wandb": {"runtime": 10}}