{"epoch/accuracy": 1.0, "epoch/loss": 0.0055428617633879185, "epoch/val_accuracy": 0.9166666865348816, "epoch/val_loss": 0.4421704113483429, "epoch/epoch": 69, "_timestamp": 1723080664.1159365, "_runtime": 16.959877490997314, "_step": 70, "validation_loss": 0.4421704113483429, "validation_accuracy": 0.9166666865348816, "_wandb": {"runtime": 16}}