{"epoch/accuracy": 0.3333333432674408, "epoch/loss": 1.3117257356643677, "epoch/val_accuracy": 0.5833333134651184, "epoch/val_loss": 1.161670207977295, "epoch/epoch": 49, "_timestamp": 1723107229.5771682, "_runtime": 10.26294231414795, "_step": 50, "validation_loss": 1.161670207977295, "validation_accuracy": 0.5833333134651184, "_wandb": {"runtime": 9}}