{"epoch/accuracy": 0.3645833432674408, "epoch/loss": 1.2350913286209106, "epoch/val_accuracy": 0.25, "epoch/val_loss": 1.2290741205215454, "epoch/epoch": 299, "_timestamp": 1723091129.9832659, "_runtime": 19.509918928146362, "_step": 300, "validation_loss": 1.2290741205215454, "validation_accuracy": 0.25, "_wandb": {"runtime": 19}}