{"epoch/accuracy": 0.3958333432674408, "epoch/loss": 1.2868918180465698, "epoch/val_accuracy": 0.4583333432674408, "epoch/val_loss": 1.1736927032470703, "epoch/epoch": 69, "_timestamp": 1723093905.4914541, "_runtime": 11.46990418434143, "_step": 70, "validation_loss": 1.1736927032470703, "validation_accuracy": 0.4583333432674408, "_wandb": {"runtime": 11}}