{"epoch/accuracy": 1.0, "epoch/loss": 0.0029697890859097242, "epoch/val_accuracy": 0.9583333134651184, "epoch/val_loss": 0.12132186442613602, "epoch/epoch": 69, "_timestamp": 1723113060.1839461, "_runtime": 10.804368019104004, "_step": 70, "validation_loss": 0.12132186442613602, "validation_accuracy": 0.9583333134651184, "_wandb": {"runtime": 10}}