{"epoch/accuracy": 0.9270833134651184, "epoch/loss": 0.17003504931926727, "epoch/val_accuracy": 0.9583333134651184, "epoch/val_loss": 0.20452880859375, "epoch/epoch": 99, "_timestamp": 1723107084.1342897, "_runtime": 12.532834768295288, "_step": 100, "validation_loss": 0.20452880859375, "validation_accuracy": 0.9583333134651184, "_wandb": {"runtime": 12}}