{"epoch/accuracy": 0.9895833134651184, "epoch/loss": 0.03398960083723068, "epoch/val_accuracy": 0.9583333134651184, "epoch/val_loss": 0.1288854330778122, "epoch/epoch": 99, "_timestamp": 1723120217.0623574, "_runtime": 20.28135848045349, "_step": 100, "validation_loss": 0.1288854330778122, "validation_accuracy": 0.9583333134651184, "_wandb": {"runtime": 19}}