{"epoch/accuracy": 0.25, "epoch/loss": 1.8196529150009155, "epoch/val_accuracy": 0.3333333432674408, "epoch/val_loss": 1.2784754037857056, "epoch/epoch": 29, "_timestamp": 1723091034.2258906, "_runtime": 9.966717720031738, "_step": 30, "validation_loss": 1.2784754037857056, "validation_accuracy": 0.3333333432674408, "_wandb": {"runtime": 9}}