{"epoch/accuracy": 0.8333333134651184, "epoch/loss": 0.4147261083126068, "epoch/val_accuracy": 0.9583333134651184, "epoch/val_loss": 0.2895668148994446, "epoch/epoch": 149, "_timestamp": 1723096853.772139, "_runtime": 14.017214059829712, "_step": 150, "validation_loss": 0.2895668148994446, "validation_accuracy": 0.9583333134651184, "_wandb": {"runtime": 13}}