{"epoch/accuracy": 1.0, "epoch/loss": 0.01819794811308384, "epoch/val_accuracy": 0.9583333134651184, "epoch/val_loss": 0.06427621841430664, "epoch/epoch": 149, "_timestamp": 1723111395.8088617, "_runtime": 13.500149726867676, "_step": 150, "validation_loss": 0.06427621841430664, "validation_accuracy": 0.9583333134651184, "_wandb": {"runtime": 13}}