{"epoch/accuracy": 0.3125, "epoch/loss": 1.8645591735839844, "epoch/val_accuracy": 0.375, "epoch/val_loss": 1.2933014631271362, "epoch/epoch": 29, "_timestamp": 1723091441.8683176, "_runtime": 10.650280714035034, "_step": 30, "validation_loss": 1.2933014631271362, "validation_accuracy": 0.375, "_wandb": {"runtime": 10}}