{"epoch/accuracy": 0.8645833134651184, "epoch/loss": 0.2573193311691284, "epoch/val_accuracy": 1.0, "epoch/val_loss": 0.07600739598274231, "epoch/epoch": 299, "_timestamp": 1723106596.5112185, "_runtime": 19.355923652648926, "_step": 300, "validation_loss": 0.07600739598274231, "validation_accuracy": 1.0, "_wandb": {"runtime": 18}}