{"epoch/accuracy": 0.4895833432674408, "epoch/loss": 1.052514910697937, "epoch/val_accuracy": 0.7083333134651184, "epoch/val_loss": 0.808321475982666, "epoch/epoch": 49, "_timestamp": 1723094797.839, "_runtime": 10.206292867660522, "_step": 50, "validation_loss": 0.808321475982666, "validation_accuracy": 0.7083333134651184, "_wandb": {"runtime": 9}}