{"epoch/accuracy": 1.0, "epoch/loss": 0.002217512344941497, "epoch/val_accuracy": 0.9166666865348816, "epoch/val_loss": 0.317773699760437, "epoch/epoch": 69, "_timestamp": 1723111972.699918, "_runtime": 12.06724214553833, "_step": 70, "validation_loss": 0.317773699760437, "validation_accuracy": 0.9166666865348816, "_wandb": {"runtime": 11}}