{"epoch/accuracy": 0.9791666865348816, "epoch/loss": 0.04497577250003815, "epoch/val_accuracy": 0.9583333134651184, "epoch/val_loss": 0.14601753652095795, "epoch/epoch": 69, "_timestamp": 1723075408.0187387, "_runtime": 13.857985734939575, "_step": 70, "validation_loss": 0.14601753652095795, "validation_accuracy": 0.9583333134651184, "_wandb": {"runtime": 13}}