{"epoch/accuracy": 1.0, "epoch/loss": 1.1175867342672063e-08, "epoch/val_accuracy": 0.9583333134651184, "epoch/val_loss": 2.0648066997528076, "epoch/epoch": 149, "_timestamp": 1723116747.349514, "_runtime": 13.658788919448853, "_step": 150, "validation_loss": 2.0648066997528076, "validation_accuracy": 0.9583333134651184, "_wandb": {"runtime": 13}}