{"epoch/accuracy": 1.0, "epoch/loss": 0.030365245416760445, "epoch/val_accuracy": 0.9583333134651184, "epoch/val_loss": 0.2191205471754074, "epoch/epoch": 149, "_timestamp": 1723090489.396111, "_runtime": 14.503813982009888, "_step": 150, "validation_loss": 0.21912051737308502, "validation_accuracy": 0.9583333134651184, "_wandb": {"runtime": 14}}