{"epoch/accuracy": 0.96875, "epoch/loss": 0.1334693878889084, "epoch/val_accuracy": 0.9583333134651184, "epoch/val_loss": 0.23568671941757202, "epoch/epoch": 299, "_timestamp": 1723122030.2806904, "_runtime": 49.85184335708618, "_step": 300, "validation_loss": 0.23568671941757202, "validation_accuracy": 0.9583333134651184, "_wandb": {"runtime": 49}}