{"epoch/accuracy": 1.0, "epoch/loss": 0.07455862313508987, "epoch/val_accuracy": 0.9583333134651184, "epoch/val_loss": 0.1565408855676651, "epoch/epoch": 29, "_timestamp": 1723097931.9599707, "_runtime": 9.265830755233765, "_step": 30, "validation_loss": 0.1565408855676651, "validation_accuracy": 0.9583333134651184, "_wandb": {"runtime": 8}}