{"epoch/accuracy": 0.9375, "epoch/loss": 0.4617234170436859, "epoch/val_accuracy": 0.9166666865348816, "epoch/val_loss": 0.5849146246910095, "epoch/epoch": 299, "_timestamp": 1723103365.769952, "_runtime": 19.363759994506836, "_step": 300, "validation_loss": 0.5849146246910095, "validation_accuracy": 0.9166666865348816, "_wandb": {"runtime": 18}}