{"epoch/accuracy": 0.90625, "epoch/loss": 0.22872741520404816, "epoch/val_accuracy": 0.9583333134651184, "epoch/val_loss": 0.0843866690993309, "epoch/epoch": 69, "_timestamp": 1723085735.2923875, "_runtime": 12.050072431564331, "_step": 70, "validation_loss": 0.0843866690993309, "validation_accuracy": 0.9583333134651184, "_wandb": {"runtime": 11}}