{"epoch/accuracy": 0.9791666865348816, "epoch/loss": 0.5598305463790894, "epoch/val_accuracy": 0.9166666865348816, "epoch/val_loss": 3.0062530040740967, "epoch/epoch": 99, "_timestamp": 1723092026.5307386, "_runtime": 12.59668254852295, "_step": 100, "validation_loss": 3.0062530040740967, "validation_accuracy": 0.9166666865348816, "_wandb": {"runtime": 12}}