{"epoch/accuracy": 0.4791666567325592, "epoch/loss": 1.0545026063919067, "epoch/val_accuracy": 0.7083333134651184, "epoch/val_loss": 0.9988039135932922, "epoch/epoch": 149, "_timestamp": 1723114154.4936678, "_runtime": 14.32015585899353, "_step": 150, "validation_loss": 0.9988039135932922, "validation_accuracy": 0.7083333134651184, "_wandb": {"runtime": 13}}