{"epoch/accuracy": 1.0, "epoch/loss": 0.0, "epoch/val_accuracy": 0.9583333134651184, "epoch/val_loss": 1.3787593841552734, "epoch/epoch": 599, "_timestamp": 1723097433.3583703, "_runtime": 36.32198524475098, "_step": 600, "validation_loss": 1.3787593841552734, "validation_accuracy": 0.9583333134651184, "_wandb": {"runtime": 29}}