{"epoch/accuracy": 1.0, "epoch/loss": 0.0005397565546445549, "epoch/val_accuracy": 0.9583333134651184, "epoch/val_loss": 0.15256839990615845, "epoch/epoch": 99, "_timestamp": 1723078038.5678723, "_runtime": 19.555650234222412, "_step": 100, "validation_loss": 0.15256839990615845, "validation_accuracy": 0.9583333134651184, "_wandb": {"runtime": 18}}