{"epoch/accuracy": 0.96875, "epoch/loss": 0.08662083745002747, "epoch/val_accuracy": 0.9166666865348816, "epoch/val_loss": 0.26895448565483093, "epoch/epoch": 99, "_timestamp": 1723109018.7291882, "_runtime": 12.130804300308228, "_step": 100, "validation_loss": 0.2689545154571533, "validation_accuracy": 0.9166666865348816, "_wandb": {"runtime": 11}}