{"epoch/accuracy": 0.71875, "epoch/loss": 0.8206682801246643, "epoch/val_accuracy": 0.8333333134651184, "epoch/val_loss": 0.32341742515563965, "epoch/epoch": 29, "_timestamp": 1723094613.0581338, "_runtime": 10.196095943450928, "_step": 30, "validation_loss": 0.32341742515563965, "validation_accuracy": 0.8333333134651184, "_wandb": {"runtime": 9}}