{"epoch/accuracy": 0.90625, "epoch/loss": 0.3462674617767334, "epoch/val_accuracy": 0.875, "epoch/val_loss": 0.5957927107810974, "epoch/epoch": 29, "_timestamp": 1723115706.8387976, "_runtime": 9.561142683029175, "_step": 30, "validation_loss": 0.5957927107810974, "validation_accuracy": 0.875, "_wandb": {"runtime": 9}}