{"epoch/accuracy": 0.3854166567325592, "epoch/loss": 1.31598961353302, "epoch/val_accuracy": 0.25, "epoch/val_loss": 1.3536796569824219, "epoch/epoch": 49, "_timestamp": 1723077126.6082282, "_runtime": 11.519054174423218, "_step": 50, "validation_loss": 1.3536796569824219, "validation_accuracy": 0.25, "_wandb": {"runtime": 11}}