{"epoch/accuracy": 0.9375, "epoch/loss": 0.24951790273189545, "epoch/val_accuracy": 0.875, "epoch/val_loss": 0.5057365894317627, "epoch/epoch": 49, "_timestamp": 1723108391.6506443, "_runtime": 10.12877631187439, "_step": 50, "validation_loss": 0.5057365894317627, "validation_accuracy": 0.875, "_wandb": {"runtime": 9}}