{"epoch/accuracy": 0.8854166865348816, "epoch/loss": 0.3352859318256378, "epoch/val_accuracy": 0.9583333134651184, "epoch/val_loss": 0.28583797812461853, "epoch/epoch": 29, "_timestamp": 1723079169.5340447, "_runtime": 17.89447283744812, "_step": 30, "validation_loss": 0.28583797812461853, "validation_accuracy": 0.9583333134651184, "_wandb": {"runtime": 17}}