{"epoch/accuracy": 0.6354166865348816, "epoch/loss": 0.8789987564086914, "epoch/val_accuracy": 0.8333333134651184, "epoch/val_loss": 0.7428233623504639, "epoch/epoch": 49, "_timestamp": 1723102352.693635, "_runtime": 10.590965986251831, "_step": 50, "validation_loss": 0.7428234219551086, "validation_accuracy": 0.8333333134651184, "_wandb": {"runtime": 10}}