{"epoch/accuracy": 0.4375, "epoch/loss": 1.1573108434677124, "epoch/val_accuracy": 0.7083333134651184, "epoch/val_loss": 1.0957785844802856, "epoch/epoch": 69, "_timestamp": 1723085010.4772022, "_runtime": 12.101542234420776, "_step": 70, "validation_loss": 1.0957785844802856, "validation_accuracy": 0.7083333134651184, "_wandb": {"runtime": 11}}