{"epoch/accuracy": 1.0, "epoch/loss": 0.012817051261663437, "epoch/val_accuracy": 0.9583333134651184, "epoch/val_loss": 0.2049248218536377, "epoch/epoch": 99, "_timestamp": 1723093671.008624, "_runtime": 11.745910167694092, "_step": 100, "validation_loss": 0.2049248218536377, "validation_accuracy": 0.9583333134651184, "_wandb": {"runtime": 11}}