{"epoch/accuracy": 0.2291666716337204, "epoch/loss": 1.3879166841506958, "epoch/val_accuracy": 0.25, "epoch/val_loss": 1.397304892539978, "epoch/epoch": 299, "_timestamp": 1723098115.5908477, "_runtime": 19.412412643432617, "_step": 300, "validation_loss": 1.397304654121399, "validation_accuracy": 0.25, "_wandb": {"runtime": 19}}