{"epoch/accuracy": 0.6770833134651184, "epoch/loss": 0.8378617167472839, "epoch/val_accuracy": 0.5833333134651184, "epoch/val_loss": 0.9544619917869568, "epoch/epoch": 69, "_timestamp": 1723118015.1525185, "_runtime": 13.43172550201416, "_step": 70, "validation_loss": 0.9544619917869568, "validation_accuracy": 0.5833333134651184, "_wandb": {"runtime": 12}}