{"epoch/accuracy": 0.9270833134651184, "epoch/loss": 0.541212260723114, "epoch/val_accuracy": 0.9583333134651184, "epoch/val_loss": 0.15715573728084564, "epoch/epoch": 69, "_timestamp": 1723100345.6469421, "_runtime": 11.44318413734436, "_step": 70, "validation_loss": 0.15715573728084564, "validation_accuracy": 0.9583333134651184, "_wandb": {"runtime": 10}}