{"epoch/accuracy": 0.9583333134651184, "epoch/loss": 0.1379120945930481, "epoch/val_accuracy": 0.9583333134651184, "epoch/val_loss": 0.19003264605998993, "epoch/epoch": 69, "_timestamp": 1723105394.6979165, "_runtime": 14.015886545181274, "_step": 70, "validation_loss": 0.19003264605998993, "validation_accuracy": 0.9583333134651184, "_wandb": {"runtime": 11}}