{"epoch/accuracy": 0.53125, "epoch/loss": 1.1102663278579712, "epoch/val_accuracy": 0.5, "epoch/val_loss": 1.1384228467941284, "epoch/epoch": 69, "_timestamp": 1723097296.9061828, "_runtime": 11.808105707168579, "_step": 70, "validation_loss": 1.1384228467941284, "validation_accuracy": 0.5, "_wandb": {"runtime": 11}}