{"epoch/accuracy": 0.9166666865348816, "epoch/loss": 0.47552332282066345, "epoch/val_accuracy": 0.875, "epoch/val_loss": 0.5401118993759155, "epoch/epoch": 29, "_timestamp": 1723122192.9696784, "_runtime": 19.374817371368408, "_step": 30, "validation_loss": 0.5401118993759155, "validation_accuracy": 0.875, "_wandb": {"runtime": 18}}