{"epoch/accuracy": 0.2395833283662796, "epoch/loss": 1.3606071472167969, "epoch/val_accuracy": 0.125, "epoch/val_loss": 1.3978849649429321, "epoch/epoch": 99, "_timestamp": 1723105163.19295, "_runtime": 12.793989896774292, "_step": 100, "validation_loss": 1.3978849649429321, "validation_accuracy": 0.125, "_wandb": {"runtime": 12}}