{"epoch/accuracy": 0.9895833134651184, "epoch/loss": 0.03902633860707283, "epoch/val_accuracy": 0.9583333134651184, "epoch/val_loss": 0.5834116339683533, "epoch/epoch": 49, "_timestamp": 1723095656.8392453, "_runtime": 10.118012428283691, "_step": 50, "validation_loss": 0.5834116339683533, "validation_accuracy": 0.9583333134651184, "_wandb": {"runtime": 9}}