{"epoch/accuracy": 0.96875, "epoch/loss": 0.17918772995471954, "epoch/val_accuracy": 0.9583333134651184, "epoch/val_loss": 0.10479096323251724, "epoch/epoch": 99, "_timestamp": 1723103872.039651, "_runtime": 12.303491830825806, "_step": 100, "validation_loss": 0.10479096323251724, "validation_accuracy": 0.9583333134651184, "_wandb": {"runtime": 11}}