{"epoch/accuracy": 0.6875, "epoch/loss": 0.8778443336486816, "epoch/val_accuracy": 0.5416666865348816, "epoch/val_loss": 1.0121521949768066, "epoch/epoch": 599, "_timestamp": 1723086236.5296233, "_runtime": 27.62173819541931, "_step": 600, "validation_loss": 1.0121521949768066, "validation_accuracy": 0.5416666865348816, "_wandb": {"runtime": 27}}