{"epoch/accuracy": 0.96875, "epoch/loss": 0.06788948178291321, "epoch/val_accuracy": 0.9166666865348816, "epoch/val_loss": 0.31520554423332214, "epoch/epoch": 299, "_timestamp": 1723090386.0391424, "_runtime": 19.133524417877197, "_step": 300, "validation_loss": 0.31520554423332214, "validation_accuracy": 0.9166666865348816, "_wandb": {"runtime": 18}}