{"epoch/accuracy": 0.9895833134651184, "epoch/loss": 0.032977230846881866, "epoch/val_accuracy": 0.9583333134651184, "epoch/val_loss": 0.35028281807899475, "epoch/epoch": 149, "_timestamp": 1723089257.0917108, "_runtime": 14.510968923568726, "_step": 150, "validation_loss": 0.35028281807899475, "validation_accuracy": 0.9583333134651184, "_wandb": {"runtime": 14}}