{"epoch/accuracy": 0.6875, "epoch/loss": 1.4733691215515137, "epoch/val_accuracy": 0.7083333134651184, "epoch/val_loss": 0.6331207752227783, "epoch/epoch": 69, "_timestamp": 1723098000.623374, "_runtime": 11.443599939346313, "_step": 70, "validation_loss": 0.6331207156181335, "validation_accuracy": 0.7083333134651184, "_wandb": {"runtime": 11}}