{"epoch/accuracy": 1.0, "epoch/loss": 0.023369217291474342, "epoch/val_accuracy": 0.9583333134651184, "epoch/val_loss": 0.16363118588924408, "epoch/epoch": 29, "_timestamp": 1723110215.1596036, "_runtime": 10.188390493392944, "_step": 30, "validation_loss": 0.16363118588924408, "validation_accuracy": 0.9583333134651184, "_wandb": {"runtime": 9}}