{"epoch/accuracy": 0.96875, "epoch/loss": 0.058378610759973526, "epoch/val_accuracy": 0.9583333134651184, "epoch/val_loss": 0.23788005113601685, "epoch/epoch": 29, "_timestamp": 1723101217.2126596, "_runtime": 10.234108686447144, "_step": 30, "validation_loss": 0.23788005113601685, "validation_accuracy": 0.9583333134651184, "_wandb": {"runtime": 10}}