{"epoch/accuracy": 1.0, "epoch/loss": 0.016653260216116905, "epoch/val_accuracy": 0.9583333134651184, "epoch/val_loss": 0.12417107820510864, "epoch/epoch": 99, "_timestamp": 1723103618.8611767, "_runtime": 12.506170749664307, "_step": 100, "validation_loss": 0.12417107820510864, "validation_accuracy": 0.9583333134651184, "_wandb": {"runtime": 12}}