{"epoch/accuracy": 0.4895833432674408, "epoch/loss": 1.1565415859222412, "epoch/val_accuracy": 0.5, "epoch/val_loss": 1.1618446111679077, "epoch/epoch": 149, "_timestamp": 1723077928.9781096, "_runtime": 18.009195566177368, "_step": 150, "validation_loss": 1.1618446111679077, "validation_accuracy": 0.5, "_wandb": {"runtime": 17}}