{"epoch/accuracy": 0.8958333134651184, "epoch/loss": 0.3128722012042999, "epoch/val_accuracy": 0.875, "epoch/val_loss": 0.27443763613700867, "epoch/epoch": 99, "_timestamp": 1723106099.2805572, "_runtime": 12.76042914390564, "_step": 100, "validation_loss": 0.27443766593933105, "validation_accuracy": 0.875, "_wandb": {"runtime": 12}}