{"epoch/accuracy": 0.2916666567325592, "epoch/loss": 1.5592389106750488, "epoch/val_accuracy": 0.4583333432674408, "epoch/val_loss": 1.372826099395752, "epoch/epoch": 29, "_timestamp": 1723120159.1191845, "_runtime": 14.067299604415894, "_step": 30, "validation_loss": 1.372826099395752, "validation_accuracy": 0.4583333432674408, "_wandb": {"runtime": 13}}