{"epoch/accuracy": 0.78125, "epoch/loss": 0.5867874622344971, "epoch/val_accuracy": 0.9166666865348816, "epoch/val_loss": 0.6235751509666443, "epoch/epoch": 599, "_timestamp": 1723085919.6527007, "_runtime": 27.77563977241516, "_step": 600, "validation_loss": 0.6235751509666443, "validation_accuracy": 0.9166666865348816, "_wandb": {"runtime": 27}}