{"epoch/accuracy": 0.8541666865348816, "epoch/loss": 0.9619231224060059, "epoch/val_accuracy": 0.875, "epoch/val_loss": 0.21523384749889374, "epoch/epoch": 149, "_timestamp": 1723100887.2007208, "_runtime": 14.082888841629028, "_step": 150, "validation_loss": 0.21523384749889374, "validation_accuracy": 0.875, "_wandb": {"runtime": 13}}