{"epoch/accuracy": 0.65625, "epoch/loss": 1.0213607549667358, "epoch/val_accuracy": 0.5833333134651184, "epoch/val_loss": 1.04180908203125, "epoch/epoch": 29, "_timestamp": 1723079194.9203682, "_runtime": 18.082759141921997, "_step": 30, "validation_loss": 1.0418089628219604, "validation_accuracy": 0.5833333134651184, "_wandb": {"runtime": 17}}