{"epoch/accuracy": 0.6875, "epoch/loss": 0.7496841549873352, "epoch/val_accuracy": 0.9166666865348816, "epoch/val_loss": 0.21074990928173065, "epoch/epoch": 99, "_timestamp": 1723096831.5240293, "_runtime": 12.303842306137085, "_step": 100, "validation_loss": 0.21074990928173065, "validation_accuracy": 0.9166666865348816, "_wandb": {"runtime": 11}}