{"epoch/accuracy": 1.0, "epoch/loss": 0.0015769264427945018, "epoch/val_accuracy": 0.9583333134651184, "epoch/val_loss": 0.13809294998645782, "epoch/epoch": 69, "_timestamp": 1723088526.1711547, "_runtime": 11.25405764579773, "_step": 70, "validation_loss": 0.13809294998645782, "validation_accuracy": 0.9583333134651184, "_wandb": {"runtime": 10}}