{"epoch/accuracy": 1.0, "epoch/loss": 0.024533892050385475, "epoch/val_accuracy": 0.9583333134651184, "epoch/val_loss": 0.10572703927755356, "epoch/epoch": 599, "_timestamp": 1723088826.1276712, "_runtime": 28.651573181152344, "_step": 600, "validation_loss": 0.10572703927755356, "validation_accuracy": 0.9583333134651184, "_wandb": {"runtime": 28}}