{"epoch/accuracy": 0.5416666865348816, "epoch/loss": 0.8761253952980042, "epoch/val_accuracy": 0.7083333134651184, "epoch/val_loss": 0.8141017556190491, "epoch/epoch": 299, "_timestamp": 1723098048.2084448, "_runtime": 18.950742721557617, "_step": 300, "validation_loss": 0.8141017556190491, "validation_accuracy": 0.7083333134651184, "_wandb": {"runtime": 18}}