{"epoch/accuracy": 0.375, "epoch/loss": 1.2206021547317505, "epoch/val_accuracy": 0.2916666567325592, "epoch/val_loss": 2.6617398262023926, "epoch/epoch": 99, "_timestamp": 1723101402.9303577, "_runtime": 12.192692756652832, "_step": 100, "validation_loss": 2.6617400646209717, "validation_accuracy": 0.2916666567325592, "_wandb": {"runtime": 11}}