{"epoch/accuracy": 0.9895833134651184, "epoch/loss": 0.10657021403312683, "epoch/val_accuracy": 0.9583333134651184, "epoch/val_loss": 0.2180233746767044, "epoch/epoch": 49, "_timestamp": 1723086840.3282657, "_runtime": 12.034287691116333, "_step": 50, "validation_loss": 0.2180233746767044, "validation_accuracy": 0.9583333134651184, "_wandb": {"runtime": 11}}