{"epoch/accuracy": 0.8645833134651184, "epoch/loss": 0.4765869379043579, "epoch/val_accuracy": 0.9583333134651184, "epoch/val_loss": 0.29046788811683655, "epoch/epoch": 299, "_timestamp": 1723095385.9093256, "_runtime": 19.812427520751953, "_step": 300, "validation_loss": 0.29046788811683655, "validation_accuracy": 0.9583333134651184, "_wandb": {"runtime": 19}}