{"epoch/accuracy": 0.375, "epoch/loss": 5.281881809234619, "epoch/val_accuracy": 0.125, "epoch/val_loss": 1.4242238998413086, "epoch/epoch": 69, "_timestamp": 1723118380.3420916, "_runtime": 12.042271614074707, "_step": 70, "validation_loss": 1.4242238998413086, "validation_accuracy": 0.125, "_wandb": {"runtime": 11}}