{"epoch/accuracy": 1.0, "epoch/loss": 3.007012674061116e-05, "epoch/val_accuracy": 0.9583333134651184, "epoch/val_loss": 0.19394437968730927, "epoch/epoch": 599, "_timestamp": 1723092960.1699364, "_runtime": 28.420173406600952, "_step": 600, "validation_loss": 0.19394437968730927, "validation_accuracy": 0.9583333134651184, "_wandb": {"runtime": 28}}