{"epoch/accuracy": 0.8229166865348816, "epoch/loss": 0.41097572445869446, "epoch/val_accuracy": 0.7916666865348816, "epoch/val_loss": 0.5781877636909485, "epoch/epoch": 29, "_timestamp": 1723088182.116662, "_runtime": 10.1198570728302, "_step": 30, "validation_loss": 0.5781877636909485, "validation_accuracy": 0.7916666865348816, "_wandb": {"runtime": 9}}