{"epoch/accuracy": 0.9270833134651184, "epoch/loss": 0.2908066511154175, "epoch/val_accuracy": 0.9166666865348816, "epoch/val_loss": 0.3644893169403076, "epoch/epoch": 299, "_timestamp": 1723075553.9401205, "_runtime": 23.138461351394653, "_step": 300, "validation_loss": 0.3644893169403076, "validation_accuracy": 0.9166666865348816, "_wandb": {"runtime": 22}}