{"epoch/accuracy": 0.6770833134651184, "epoch/loss": 0.7472335696220398, "epoch/val_accuracy": 0.9583333134651184, "epoch/val_loss": 0.5325992703437805, "epoch/epoch": 599, "_timestamp": 1723110931.8703008, "_runtime": 29.76460576057434, "_step": 600, "validation_loss": 0.5325992703437805, "validation_accuracy": 0.9583333134651184, "_wandb": {"runtime": 29}}