{"epoch/accuracy": 0.9479166865348816, "epoch/loss": 0.1390429437160492, "epoch/val_accuracy": 0.9166666865348816, "epoch/val_loss": 0.2666378915309906, "epoch/epoch": 49, "_timestamp": 1723115283.3169403, "_runtime": 11.58367919921875, "_step": 50, "validation_loss": 0.2666378915309906, "validation_accuracy": 0.9166666865348816, "_wandb": {"runtime": 11}}