{"epoch/accuracy": 0.96875, "epoch/loss": 1.2315531969070435, "epoch/val_accuracy": 0.9166666865348816, "epoch/val_loss": 8.550602912902832, "epoch/epoch": 99, "_timestamp": 1723092510.7111967, "_runtime": 11.616852760314941, "_step": 100, "validation_loss": 8.550602912902832, "validation_accuracy": 0.9166666865348816, "_wandb": {"runtime": 11}}