{"epoch/accuracy": 0.9270833134651184, "epoch/loss": 0.2703995704650879, "epoch/val_accuracy": 0.8333333134651184, "epoch/val_loss": 0.6126158833503723, "epoch/epoch": 99, "_timestamp": 1723094020.6219888, "_runtime": 11.959957838058472, "_step": 100, "validation_loss": 0.6126158833503723, "validation_accuracy": 0.8333333134651184, "_wandb": {"runtime": 11}}