{"epoch/accuracy": 0.71875, "epoch/loss": 1.0091122388839722, "epoch/val_accuracy": 0.7083333134651184, "epoch/val_loss": 1.0247827768325806, "epoch/epoch": 29, "_timestamp": 1723078442.0590396, "_runtime": 15.583181619644165, "_step": 30, "validation_loss": 1.0247827768325806, "validation_accuracy": 0.7083333134651184, "_wandb": {"runtime": 15}}