{"epoch/accuracy": 0.7395833134651184, "epoch/loss": 2.8965327739715576, "epoch/val_accuracy": 0.75, "epoch/val_loss": 3.0843818187713623, "epoch/epoch": 599, "_timestamp": 1723096148.0312688, "_runtime": 29.615031719207764, "_step": 600, "validation_loss": 3.0843818187713623, "validation_accuracy": 0.75, "_wandb": {"runtime": 29}}