{"epoch/accuracy": 0.6145833134651184, "epoch/loss": 1.0260710716247559, "epoch/val_accuracy": 0.5416666865348816, "epoch/val_loss": 1.0274399518966675, "epoch/epoch": 299, "_timestamp": 1723089965.7815123, "_runtime": 18.783725261688232, "_step": 300, "validation_loss": 1.0274399518966675, "validation_accuracy": 0.5416666865348816, "_wandb": {"runtime": 18}}