{"epoch/accuracy": 0.8125, "epoch/loss": 1.0370835065841675, "epoch/val_accuracy": 0.875, "epoch/val_loss": 0.3270508944988251, "epoch/epoch": 69, "_timestamp": 1723089797.4605694, "_runtime": 10.560863494873047, "_step": 70, "validation_loss": 0.3270508944988251, "validation_accuracy": 0.875, "_wandb": {"runtime": 10}}