{"epoch/accuracy": 0.4583333432674408, "epoch/loss": 1.1893996000289917, "epoch/val_accuracy": 0.625, "epoch/val_loss": 1.121944785118103, "epoch/epoch": 29, "_timestamp": 1723104755.8200908, "_runtime": 9.918584823608398, "_step": 30, "validation_loss": 1.121944785118103, "validation_accuracy": 0.625, "_wandb": {"runtime": 9}}