{"epoch/accuracy": 0.7083333134651184, "epoch/loss": 0.7734585404396057, "epoch/val_accuracy": 0.9166666865348816, "epoch/val_loss": 0.5256665349006653, "epoch/epoch": 599, "_timestamp": 1723087852.6122506, "_runtime": 28.812796592712402, "_step": 600, "validation_loss": 0.5256665349006653, "validation_accuracy": 0.9166666865348816, "_wandb": {"runtime": 28}}