{"epoch/accuracy": 0.9895833134651184, "epoch/loss": 0.02618550695478916, "epoch/val_accuracy": 1.0, "epoch/val_loss": 0.0023140842095017433, "epoch/epoch": 49, "_timestamp": 1723076183.6747265, "_runtime": 12.002888441085815, "_step": 50, "validation_loss": 0.002314084442332387, "validation_accuracy": 1.0, "_wandb": {"runtime": 11}}