{"epoch/accuracy": 0.2291666716337204, "epoch/loss": 1.3878837823867798, "epoch/val_accuracy": 0.25, "epoch/val_loss": 1.397434115409851, "epoch/epoch": 299, "_timestamp": 1723086130.0535693, "_runtime": 18.783634424209595, "_step": 300, "validation_loss": 1.397434115409851, "validation_accuracy": 0.25, "_wandb": {"runtime": 18}}