{"epoch/accuracy": 0.8125, "epoch/loss": 0.6547686457633972, "epoch/val_accuracy": 0.7083333134651184, "epoch/val_loss": 0.8132364749908447, "epoch/epoch": 69, "_timestamp": 1723113398.7615848, "_runtime": 11.515215873718262, "_step": 70, "validation_loss": 0.8132364749908447, "validation_accuracy": 0.7083333134651184, "_wandb": {"runtime": 11}}