{"epoch/accuracy": 0.7291666865348816, "epoch/loss": 0.7869589924812317, "epoch/val_accuracy": 0.9166666865348816, "epoch/val_loss": 0.25530487298965454, "epoch/epoch": 299, "_timestamp": 1723076032.6806343, "_runtime": 22.227651357650757, "_step": 300, "validation_loss": 0.25530487298965454, "validation_accuracy": 0.9166666865348816, "_wandb": {"runtime": 21}}