{"epoch/accuracy": 0.8645833134651184, "epoch/loss": 0.4701329171657562, "epoch/val_accuracy": 0.9583333134651184, "epoch/val_loss": 0.4581819474697113, "epoch/epoch": 29, "_timestamp": 1723112438.8391066, "_runtime": 10.116994619369507, "_step": 30, "validation_loss": 0.4581819772720337, "validation_accuracy": 0.9583333134651184, "_wandb": {"runtime": 9}}