{"epoch/accuracy": 0.34375, "epoch/loss": 1.459659218788147, "epoch/val_accuracy": 0.4166666567325592, "epoch/val_loss": 1.2320443391799927, "epoch/epoch": 69, "_timestamp": 1723113102.2531197, "_runtime": 10.659794807434082, "_step": 70, "validation_loss": 1.2320443391799927, "validation_accuracy": 0.4166666567325592, "_wandb": {"runtime": 10}}