{"epoch/accuracy": 0.71875, "epoch/loss": 14.039607048034668, "epoch/val_accuracy": 0.8333333134651184, "epoch/val_loss": 2.311009645462036, "epoch/epoch": 149, "_timestamp": 1723085409.255553, "_runtime": 15.640161037445068, "_step": 150, "validation_loss": 2.311009407043457, "validation_accuracy": 0.8333333134651184, "_wandb": {"runtime": 15}}