{"epoch/accuracy": 1.0, "epoch/loss": 0.003959692548960447, "epoch/val_accuracy": 0.9166666865348816, "epoch/val_loss": 0.3155617415904999, "epoch/epoch": 99, "_timestamp": 1723115952.1028624, "_runtime": 12.53091025352478, "_step": 100, "validation_loss": 0.3155617415904999, "validation_accuracy": 0.9166666865348816, "_wandb": {"runtime": 12}}