{"epoch/accuracy": 0.90625, "epoch/loss": 0.3577708899974823, "epoch/val_accuracy": 0.875, "epoch/val_loss": 0.4476323127746582, "epoch/epoch": 29, "_timestamp": 1723108131.159625, "_runtime": 10.207827091217041, "_step": 30, "validation_loss": 0.4476323127746582, "validation_accuracy": 0.875, "_wandb": {"runtime": 9}}