{"epoch/accuracy": 0.625, "epoch/loss": 0.9092621207237244, "epoch/val_accuracy": 0.7916666865348816, "epoch/val_loss": 0.8923415541648865, "epoch/epoch": 149, "_timestamp": 1723078503.4585245, "_runtime": 25.712465524673462, "_step": 150, "validation_loss": 0.8923415541648865, "validation_accuracy": 0.7916666865348816, "_wandb": {"runtime": 25}}