{"epoch/accuracy": 1.0, "epoch/loss": 0.008608502335846424, "epoch/val_accuracy": 0.9166666865348816, "epoch/val_loss": 0.2506996691226959, "epoch/epoch": 599, "_timestamp": 1723116282.5410542, "_runtime": 30.68563413619995, "_step": 600, "validation_loss": 0.2506996691226959, "validation_accuracy": 0.9166666865348816, "_wandb": {"runtime": 30}}