{"epoch/accuracy": 0.9895833134651184, "epoch/loss": 0.1340624839067459, "epoch/val_accuracy": 0.9166666865348816, "epoch/val_loss": 0.22294044494628906, "epoch/epoch": 599, "_timestamp": 1723112689.5542026, "_runtime": 29.564131498336792, "_step": 600, "validation_loss": 0.22294044494628906, "validation_accuracy": 0.9166666865348816, "_wandb": {"runtime": 29}}