{"epoch/accuracy": 0.875, "epoch/loss": 0.29142269492149353, "epoch/val_accuracy": 0.9166666865348816, "epoch/val_loss": 0.21708591282367706, "epoch/epoch": 29, "_timestamp": 1723119413.7730415, "_runtime": 12.341463565826416, "_step": 30, "validation_loss": 0.21708591282367706, "validation_accuracy": 0.9166666865348816, "_wandb": {"runtime": 11}}