{"epoch/accuracy": 1.0, "epoch/loss": 0.02694336324930191, "epoch/val_accuracy": 0.9583333134651184, "epoch/val_loss": 0.13032548129558563, "epoch/epoch": 99, "_timestamp": 1723111297.3864956, "_runtime": 12.10911250114441, "_step": 100, "validation_loss": 0.13032548129558563, "validation_accuracy": 0.9583333134651184, "_wandb": {"runtime": 11}}