{"epoch/accuracy": 0.6145833134651184, "epoch/loss": 0.8411837220191956, "epoch/val_accuracy": 0.875, "epoch/val_loss": 0.7527849078178406, "epoch/epoch": 29, "_timestamp": 1723114093.282765, "_runtime": 10.496328830718994, "_step": 30, "validation_loss": 0.7527849078178406, "validation_accuracy": 0.875, "_wandb": {"runtime": 9}}