{"epoch/accuracy": 0.9895833134651184, "epoch/loss": 0.06106649339199066, "epoch/val_accuracy": 0.9583333134651184, "epoch/val_loss": 0.138799786567688, "epoch/epoch": 299, "_timestamp": 1723100969.4387405, "_runtime": 19.0464985370636, "_step": 300, "validation_loss": 0.138799786567688, "validation_accuracy": 0.9583333134651184, "_wandb": {"runtime": 18}}