{"epoch/accuracy": 1.0, "epoch/loss": 0.009191160090267658, "epoch/val_accuracy": 0.9583333134651184, "epoch/val_loss": 0.21973825991153717, "epoch/epoch": 49, "_timestamp": 1723113855.2744253, "_runtime": 11.989437341690063, "_step": 50, "validation_loss": 0.21973828971385956, "validation_accuracy": 0.9583333134651184, "_wandb": {"runtime": 10}}