{"epoch/accuracy": 0.9895833134651184, "epoch/loss": 0.0925154909491539, "epoch/val_accuracy": 0.9583333134651184, "epoch/val_loss": 1.5269893407821655, "epoch/epoch": 49, "_timestamp": 1723089611.7095504, "_runtime": 10.689245462417603, "_step": 50, "validation_loss": 1.5269893407821655, "validation_accuracy": 0.9583333134651184, "_wandb": {"runtime": 10}}