{"epoch/accuracy": 1.0, "epoch/loss": 0.002085453364998102, "epoch/val_accuracy": 0.9166666865348816, "epoch/val_loss": 0.1769554615020752, "epoch/epoch": 299, "_timestamp": 1723090027.119138, "_runtime": 19.0626859664917, "_step": 300, "validation_loss": 0.1769554615020752, "validation_accuracy": 0.9166666865348816, "_wandb": {"runtime": 18}}