{"epoch/accuracy": 0.6770833134651184, "epoch/loss": 0.8688018918037415, "epoch/val_accuracy": 0.875, "epoch/val_loss": 0.29882487654685974, "epoch/epoch": 149, "_timestamp": 1723110588.2668817, "_runtime": 14.178729772567749, "_step": 150, "validation_loss": 0.29882487654685974, "validation_accuracy": 0.875, "_wandb": {"runtime": 13}}