{"epoch/accuracy": 0.8958333134651184, "epoch/loss": 0.32384446263313293, "epoch/val_accuracy": 0.9583333134651184, "epoch/val_loss": 0.2088388204574585, "epoch/epoch": 599, "_timestamp": 1723109911.0849664, "_runtime": 30.37237548828125, "_step": 600, "validation_loss": 0.2088388204574585, "validation_accuracy": 0.9583333134651184, "_wandb": {"runtime": 29}}