{"epoch/accuracy": 0.6145833134651184, "epoch/loss": 1.0445548295974731, "epoch/val_accuracy": 0.8333333134651184, "epoch/val_loss": 0.9949772953987122, "epoch/epoch": 69, "_timestamp": 1723098490.1149905, "_runtime": 11.831973552703857, "_step": 70, "validation_loss": 0.9949772953987122, "validation_accuracy": 0.8333333134651184, "_wandb": {"runtime": 11}}