{"epoch/accuracy": 0.9270833134651184, "epoch/loss": 0.1954808235168457, "epoch/val_accuracy": 1.0, "epoch/val_loss": 0.03226246312260628, "epoch/epoch": 69, "_timestamp": 1723118423.4609745, "_runtime": 11.959364414215088, "_step": 70, "validation_loss": 0.03226246312260628, "validation_accuracy": 1.0, "_wandb": {"runtime": 11}}