{"epoch/accuracy": 0.9270833134651184, "epoch/loss": 0.2841756045818329, "epoch/val_accuracy": 0.9583333134651184, "epoch/val_loss": 0.2416020780801773, "epoch/epoch": 69, "_timestamp": 1723103987.819105, "_runtime": 11.740198850631714, "_step": 70, "validation_loss": 0.2416020780801773, "validation_accuracy": 0.9583333134651184, "_wandb": {"runtime": 11}}