{"epoch/accuracy": 0.9895833134651184, "epoch/loss": 0.052892763167619705, "epoch/val_accuracy": 0.9166666865348816, "epoch/val_loss": 0.08093690127134323, "epoch/epoch": 99, "_timestamp": 1723105791.8585935, "_runtime": 12.347291469573975, "_step": 100, "validation_loss": 0.08093690127134323, "validation_accuracy": 0.9166666865348816, "_wandb": {"runtime": 11}}