{"epoch/accuracy": 1.0, "epoch/loss": 0.0006051777745597064, "epoch/val_accuracy": 0.9583333134651184, "epoch/val_loss": 0.13798615336418152, "epoch/epoch": 69, "_timestamp": 1723096603.3043652, "_runtime": 10.613040208816528, "_step": 70, "validation_loss": 0.13798615336418152, "validation_accuracy": 0.9583333134651184, "_wandb": {"runtime": 10}}