{"epoch/accuracy": 0.9791666865348816, "epoch/loss": 0.11322396248579025, "epoch/val_accuracy": 0.9583333134651184, "epoch/val_loss": 0.21999622881412506, "epoch/epoch": 49, "_timestamp": 1723075429.4947739, "_runtime": 12.561664819717407, "_step": 50, "validation_loss": 0.21999622881412506, "validation_accuracy": 0.9583333134651184, "_wandb": {"runtime": 12}}