{"epoch/accuracy": 0.2083333283662796, "epoch/loss": 1.3878620862960815, "epoch/val_accuracy": 0.25, "epoch/val_loss": 1.3974404335021973, "epoch/epoch": 299, "_timestamp": 1723112393.3688538, "_runtime": 19.933167695999146, "_step": 300, "validation_loss": 1.3974404335021973, "validation_accuracy": 0.25, "_wandb": {"runtime": 18}}