{"epoch/accuracy": 0.3541666567325592, "epoch/loss": 1.5755435228347778, "epoch/val_accuracy": 0.2083333283662796, "epoch/val_loss": 1.5279163122177124, "epoch/epoch": 149, "_timestamp": 1723090917.9462867, "_runtime": 13.193946599960327, "_step": 150, "validation_loss": 1.5279163122177124, "validation_accuracy": 0.2083333283662796, "_wandb": {"runtime": 12}}