{"epoch/accuracy": 0.6145833134651184, "epoch/loss": 0.7803468704223633, "epoch/val_accuracy": 0.5833333134651184, "epoch/val_loss": 0.8033213019371033, "epoch/epoch": 299, "_timestamp": 1723083886.672484, "_runtime": 37.53114080429077, "_step": 300, "validation_loss": 0.8033213019371033, "validation_accuracy": 0.5833333134651184, "_wandb": {"runtime": 37}}