{"epoch/accuracy": 0.5729166865348816, "epoch/loss": 1.03727388381958, "epoch/val_accuracy": 0.6666666865348816, "epoch/val_loss": 0.9204918742179871, "epoch/epoch": 149, "_timestamp": 1723102795.8422523, "_runtime": 14.349883317947388, "_step": 150, "validation_loss": 0.9204918742179871, "validation_accuracy": 0.6666666865348816, "_wandb": {"runtime": 13}}