{"epoch/accuracy": 0.65625, "epoch/loss": 0.6813680529594421, "epoch/val_accuracy": 0.6666666865348816, "epoch/val_loss": 0.47145652770996094, "epoch/epoch": 599, "_timestamp": 1723113786.1782315, "_runtime": 30.674970388412476, "_step": 600, "validation_loss": 0.47145652770996094, "validation_accuracy": 0.6666666865348816, "_wandb": {"runtime": 30}}