{"epoch/accuracy": 0.71875, "epoch/loss": 0.9533464312553406, "epoch/val_accuracy": 0.75, "epoch/val_loss": 0.9771323204040527, "epoch/epoch": 69, "_timestamp": 1723110462.0976455, "_runtime": 11.066824436187744, "_step": 70, "validation_loss": 0.9771323204040527, "validation_accuracy": 0.75, "_wandb": {"runtime": 10}}