{"epoch/accuracy": 0.9895833134651184, "epoch/loss": 0.026806920766830444, "epoch/val_accuracy": 0.9166666865348816, "epoch/val_loss": 1.66010320186615, "epoch/epoch": 69, "_timestamp": 1723097886.2150931, "_runtime": 10.87910509109497, "_step": 70, "validation_loss": 1.66010320186615, "validation_accuracy": 0.9166666865348816, "_wandb": {"runtime": 10}}