{"epoch/accuracy": 0.2708333432674408, "epoch/loss": 1.893088936805725, "epoch/val_accuracy": 0.4166666567325592, "epoch/val_loss": 1.2448185682296753, "epoch/epoch": 49, "_timestamp": 1723112021.2006068, "_runtime": 10.336951732635498, "_step": 50, "validation_loss": 1.2448185682296753, "validation_accuracy": 0.4166666567325592, "_wandb": {"runtime": 9}}