{"epoch/accuracy": 0.9583333134651184, "epoch/loss": 0.1429705023765564, "epoch/val_accuracy": 0.9166666865348816, "epoch/val_loss": 0.1687309294939041, "epoch/epoch": 299, "_timestamp": 1723089399.643141, "_runtime": 19.421672105789185, "_step": 300, "validation_loss": 0.1687309294939041, "validation_accuracy": 0.9166666865348816, "_wandb": {"runtime": 19}}