{"epoch/accuracy": 0.9895833134651184, "epoch/loss": 0.20175586640834808, "epoch/val_accuracy": 0.9166666865348816, "epoch/val_loss": 1.883315086364746, "epoch/epoch": 29, "_timestamp": 1723091072.9400172, "_runtime": 10.130513191223145, "_step": 30, "validation_loss": 1.883315086364746, "validation_accuracy": 0.9166666865348816, "_wandb": {"runtime": 9}}