{"epoch/accuracy": 1.0, "epoch/loss": 0.04587680101394653, "epoch/val_accuracy": 0.9583333134651184, "epoch/val_loss": 0.18957848846912384, "epoch/epoch": 149, "_timestamp": 1723107258.5046017, "_runtime": 13.582461833953857, "_step": 150, "validation_loss": 0.18957848846912384, "validation_accuracy": 0.9583333134651184, "_wandb": {"runtime": 13}}