{"epoch/accuracy": 0.90625, "epoch/loss": 0.2140926867723465, "epoch/val_accuracy": 0.7916666865348816, "epoch/val_loss": 0.7798293232917786, "epoch/epoch": 49, "_timestamp": 1723075889.618895, "_runtime": 12.305598020553589, "_step": 50, "validation_loss": 0.7798293232917786, "validation_accuracy": 0.7916666865348816, "_wandb": {"runtime": 11}}