{"epoch/accuracy": 1.0, "epoch/loss": 3.7252894102834944e-09, "epoch/val_accuracy": 0.9166666865348816, "epoch/val_loss": 0.7230849862098694, "epoch/epoch": 149, "_timestamp": 1723100026.9024282, "_runtime": 16.008912086486816, "_step": 150, "validation_loss": 0.7230849862098694, "validation_accuracy": 0.9166666865348816, "_wandb": {"runtime": 14}}