{"epoch/accuracy": 0.21875, "epoch/loss": 1.5313533544540405, "epoch/val_accuracy": 0.25, "epoch/val_loss": 1.4792519807815552, "epoch/epoch": 29, "_timestamp": 1723096464.9335027, "_runtime": 9.416587591171265, "_step": 30, "validation_loss": 1.4792519807815552, "validation_accuracy": 0.25, "_wandb": {"runtime": 9}}