{"epoch/accuracy": 1.0, "epoch/loss": 0.031243404373526573, "epoch/val_accuracy": 0.9583333134651184, "epoch/val_loss": 0.18857073783874512, "epoch/epoch": 299, "_timestamp": 1723077058.7530081, "_runtime": 25.84359312057495, "_step": 300, "validation_loss": 0.18857073783874512, "validation_accuracy": 0.9583333134651184, "_wandb": {"runtime": 24}}