{"epoch/accuracy": 0.3125, "epoch/loss": 1.4299386739730835, "epoch/val_accuracy": 0.2083333283662796, "epoch/val_loss": 1.4328030347824097, "epoch/epoch": 29, "_timestamp": 1723087817.7267392, "_runtime": 10.049782276153564, "_step": 30, "validation_loss": 1.4328030347824097, "validation_accuracy": 0.2083333283662796, "_wandb": {"runtime": 9}}