{"epoch/accuracy": 0.9270833134651184, "epoch/loss": 0.2546437084674835, "epoch/val_accuracy": 0.875, "epoch/val_loss": 0.3191819489002228, "epoch/epoch": 49, "_timestamp": 1723090699.7069519, "_runtime": 9.945156812667847, "_step": 50, "validation_loss": 0.3191819489002228, "validation_accuracy": 0.875, "_wandb": {"runtime": 9}}