{"epoch/accuracy": 0.9583333134651184, "epoch/loss": 0.11767109483480453, "epoch/val_accuracy": 0.9166666865348816, "epoch/val_loss": 0.22168807685375214, "epoch/epoch": 599, "_timestamp": 1723080425.6617112, "_runtime": 63.1246542930603, "_step": 600, "validation_loss": 0.22168807685375214, "validation_accuracy": 0.9166666865348816, "_wandb": {"runtime": 62}}