{"epoch/accuracy": 1.0, "epoch/loss": 0.08561237901449203, "epoch/val_accuracy": 0.9583333134651184, "epoch/val_loss": 0.22781319916248322, "epoch/epoch": 49, "_timestamp": 1723099673.3640854, "_runtime": 9.99945855140686, "_step": 50, "validation_loss": 0.22781319916248322, "validation_accuracy": 0.9583333134651184, "_wandb": {"runtime": 9}}