{"epoch/accuracy": 0.4791666567325592, "epoch/loss": 1.182879090309143, "epoch/val_accuracy": 0.4166666567325592, "epoch/val_loss": 1.2287495136260986, "epoch/epoch": 49, "_timestamp": 1723079556.492831, "_runtime": 16.851152896881104, "_step": 50, "validation_loss": 1.2287495136260986, "validation_accuracy": 0.4166666567325592, "_wandb": {"runtime": 16}}