{"epoch/accuracy": 0.9583333134651184, "epoch/loss": 0.0741817057132721, "epoch/val_accuracy": 1.0, "epoch/val_loss": 0.035817842930555344, "epoch/epoch": 69, "_timestamp": 1723096343.8954914, "_runtime": 11.758684396743774, "_step": 70, "validation_loss": 0.03581784665584564, "validation_accuracy": 1.0, "_wandb": {"runtime": 11}}