{"epoch/accuracy": 1.0, "epoch/loss": 0.014380845241248608, "epoch/val_accuracy": 0.9583333134651184, "epoch/val_loss": 0.11825835704803467, "epoch/epoch": 299, "_timestamp": 1723097956.9709315, "_runtime": 18.872472524642944, "_step": 300, "validation_loss": 0.11825835704803467, "validation_accuracy": 0.9583333134651184, "_wandb": {"runtime": 18}}