{"epoch/accuracy": 1.0, "epoch/loss": 0.0, "epoch/val_accuracy": 0.9166666865348816, "epoch/val_loss": 1.0347756147384644, "epoch/epoch": 299, "_timestamp": 1723098355.3309023, "_runtime": 20.024203300476074, "_step": 300, "validation_loss": 1.0347756147384644, "validation_accuracy": 0.9166666865348816, "_wandb": {"runtime": 19}}