{"epoch/accuracy": 1.0, "epoch/loss": 0.008315058425068855, "epoch/val_accuracy": 0.9583333134651184, "epoch/val_loss": 0.1088162437081337, "epoch/epoch": 299, "_timestamp": 1723112082.2354176, "_runtime": 19.447330713272095, "_step": 300, "validation_loss": 0.1088162437081337, "validation_accuracy": 0.9583333134651184, "_wandb": {"runtime": 19}}