{"epoch/accuracy": 0.375, "epoch/loss": 1.407650351524353, "epoch/val_accuracy": 0.4583333432674408, "epoch/val_loss": 1.2605890035629272, "epoch/epoch": 29, "_timestamp": 1723086161.478375, "_runtime": 9.816954851150513, "_step": 30, "validation_loss": 1.2605890035629272, "validation_accuracy": 0.4583333432674408, "_wandb": {"runtime": 9}}