{"epoch/accuracy": 0.5104166865348816, "epoch/loss": 1.1013435125350952, "epoch/val_accuracy": 0.625, "epoch/val_loss": 1.0920263528823853, "epoch/epoch": 149, "_timestamp": 1723088103.928671, "_runtime": 14.011292934417725, "_step": 150, "validation_loss": 1.0920263528823853, "validation_accuracy": 0.625, "_wandb": {"runtime": 13}}