{"epoch/accuracy": 1.0, "epoch/loss": 0.009033065289258957, "epoch/val_accuracy": 0.9583333134651184, "epoch/val_loss": 0.16183653473854065, "epoch/epoch": 299, "_timestamp": 1723095111.8335407, "_runtime": 18.555890560150146, "_step": 300, "validation_loss": 0.16183653473854065, "validation_accuracy": 0.9583333134651184, "_wandb": {"runtime": 18}}