{"epoch/accuracy": 0.3125, "epoch/loss": 1.558313012123108, "epoch/val_accuracy": 0.2916666567325592, "epoch/val_loss": 1.4217277765274048, "epoch/epoch": 49, "_timestamp": 1723079729.9285758, "_runtime": 16.573230743408203, "_step": 50, "validation_loss": 1.4217277765274048, "validation_accuracy": 0.2916666567325592, "_wandb": {"runtime": 16}}