{"epoch/accuracy": 0.6979166865348816, "epoch/loss": 0.9391704201698303, "epoch/val_accuracy": 0.75, "epoch/val_loss": 0.9464475512504578, "epoch/epoch": 149, "_timestamp": 1723085382.4406853, "_runtime": 14.535084247589111, "_step": 150, "validation_loss": 0.9464475512504578, "validation_accuracy": 0.75, "_wandb": {"runtime": 14}}