{"epoch/accuracy": 0.9895833134651184, "epoch/loss": 0.015163739211857319, "epoch/val_accuracy": 0.9583333134651184, "epoch/val_loss": 0.05960312485694885, "epoch/epoch": 69, "_timestamp": 1723106568.364471, "_runtime": 20.138778924942017, "_step": 70, "validation_loss": 0.05960312485694885, "validation_accuracy": 0.9583333134651184, "_wandb": {"runtime": 19}}