{"epoch/accuracy": 0.9895833134651184, "epoch/loss": 0.051529210060834885, "epoch/val_accuracy": 1.0, "epoch/val_loss": 0.007669940125197172, "epoch/epoch": 149, "_timestamp": 1723078812.8017895, "_runtime": 23.186195611953735, "_step": 150, "validation_loss": 0.007669940125197172, "validation_accuracy": 1.0, "_wandb": {"runtime": 22}}