{"epoch/accuracy": 0.6875, "epoch/loss": 0.860482394695282, "epoch/val_accuracy": 0.7083333134651184, "epoch/val_loss": 0.9347873330116272, "epoch/epoch": 149, "_timestamp": 1723092552.1107821, "_runtime": 13.435949087142944, "_step": 150, "validation_loss": 0.9347873330116272, "validation_accuracy": 0.7083333134651184, "_wandb": {"runtime": 12}}