{"epoch/accuracy": 0.65625, "epoch/loss": 0.8129482865333557, "epoch/val_accuracy": 0.8333333134651184, "epoch/val_loss": 0.6992709636688232, "epoch/epoch": 599, "_timestamp": 1723095164.191345, "_runtime": 29.39664387702942, "_step": 600, "validation_loss": 0.6992709636688232, "validation_accuracy": 0.8333333134651184, "_wandb": {"runtime": 29}}