{"epoch/accuracy": 1.0, "epoch/loss": 0.11121207475662231, "epoch/val_accuracy": 0.9583333134651184, "epoch/val_loss": 0.23851566016674042, "epoch/epoch": 299, "_timestamp": 1723094684.1715882, "_runtime": 19.22330617904663, "_step": 300, "validation_loss": 0.23851566016674042, "validation_accuracy": 0.9583333134651184, "_wandb": {"runtime": 18}}