{"epoch/accuracy": 0.78125, "epoch/loss": 0.6190486550331116, "epoch/val_accuracy": 0.9166666865348816, "epoch/val_loss": 0.545324981212616, "epoch/epoch": 49, "_timestamp": 1723091421.9980073, "_runtime": 11.496974229812622, "_step": 50, "validation_loss": 0.545324981212616, "validation_accuracy": 0.9166666865348816, "_wandb": {"runtime": 11}}