{"epoch/accuracy": 1.0, "epoch/loss": 0.012160890735685825, "epoch/val_accuracy": 0.9583333134651184, "epoch/val_loss": 0.10853546857833862, "epoch/epoch": 299, "_timestamp": 1723107770.185951, "_runtime": 19.172544956207275, "_step": 300, "validation_loss": 0.10853546857833862, "validation_accuracy": 0.9583333134651184, "_wandb": {"runtime": 18}}