{"epoch/accuracy": 0.9583333134651184, "epoch/loss": 0.36945804953575134, "epoch/val_accuracy": 1.0, "epoch/val_loss": 1.1040528079320211e-05, "epoch/epoch": 99, "_timestamp": 1723075681.067026, "_runtime": 13.931875944137573, "_step": 100, "validation_loss": 1.1040528079320211e-05, "validation_accuracy": 1.0, "_wandb": {"runtime": 13}}