{"epoch/accuracy": 0.2604166567325592, "epoch/loss": 1.3876490592956543, "epoch/val_accuracy": 0.25, "epoch/val_loss": 1.3966270685195923, "epoch/epoch": 69, "_timestamp": 1723120412.6981492, "_runtime": 27.3713161945343, "_step": 70, "validation_loss": 1.3966270685195923, "validation_accuracy": 0.25, "_wandb": {"runtime": 26}}