{"epoch/accuracy": 0.5729166865348816, "epoch/loss": 1.094978928565979, "epoch/val_accuracy": 0.6666666865348816, "epoch/val_loss": 1.0269665718078613, "epoch/epoch": 49, "_timestamp": 1723115754.5992315, "_runtime": 11.306192398071289, "_step": 50, "validation_loss": 1.0269665718078613, "validation_accuracy": 0.6666666865348816, "_wandb": {"runtime": 10}}