{"epoch/accuracy": 1.0, "epoch/loss": 0.05610881373286247, "epoch/val_accuracy": 0.9583333134651184, "epoch/val_loss": 0.1661510467529297, "epoch/epoch": 69, "_timestamp": 1723090934.632177, "_runtime": 10.561666011810303, "_step": 70, "validation_loss": 0.1661510467529297, "validation_accuracy": 0.9583333134651184, "_wandb": {"runtime": 10}}