{"epoch/accuracy": 0.8958333134651184, "epoch/loss": 0.1939908117055893, "epoch/val_accuracy": 1.0, "epoch/val_loss": 0.03785994276404381, "epoch/epoch": 29, "_timestamp": 1723116242.671415, "_runtime": 10.95059609413147, "_step": 30, "validation_loss": 0.03785994276404381, "validation_accuracy": 1.0, "_wandb": {"runtime": 9}}