{"epoch/accuracy": 1.0, "epoch/loss": 0.06063668057322502, "epoch/val_accuracy": 0.9583333134651184, "epoch/val_loss": 0.12555642426013947, "epoch/epoch": 49, "_timestamp": 1723099306.0806527, "_runtime": 10.293822765350342, "_step": 50, "validation_loss": 0.12555642426013947, "validation_accuracy": 0.9583333134651184, "_wandb": {"runtime": 9}}