{"epoch/accuracy": 1.0, "epoch/loss": 0.000830857374239713, "epoch/val_accuracy": 0.9583333134651184, "epoch/val_loss": 0.25333651900291443, "epoch/epoch": 149, "_timestamp": 1723099589.8437614, "_runtime": 13.475928544998169, "_step": 150, "validation_loss": 0.25333651900291443, "validation_accuracy": 0.9583333134651184, "_wandb": {"runtime": 13}}