{"epoch/accuracy": 0.8645833134651184, "epoch/loss": 0.3827691078186035, "epoch/val_accuracy": 0.9166666865348816, "epoch/val_loss": 0.32514432072639465, "epoch/epoch": 99, "_timestamp": 1723082877.0585203, "_runtime": 20.21647620201111, "_step": 100, "validation_loss": 0.32514432072639465, "validation_accuracy": 0.9166666865348816, "_wandb": {"runtime": 19}}