{"epoch/accuracy": 1.0, "epoch/loss": 0.0006770565523765981, "epoch/val_accuracy": 0.9583333134651184, "epoch/val_loss": 0.1297079473733902, "epoch/epoch": 149, "_timestamp": 1723086041.7093005, "_runtime": 12.850571632385254, "_step": 150, "validation_loss": 0.1297079473733902, "validation_accuracy": 0.9583333134651184, "_wandb": {"runtime": 12}}