{"epoch/accuracy": 0.9895833134651184, "epoch/loss": 0.06273156404495239, "epoch/val_accuracy": 0.9583333134651184, "epoch/val_loss": 0.18876732885837555, "epoch/epoch": 99, "_timestamp": 1723083247.0400102, "_runtime": 20.57114028930664, "_step": 100, "validation_loss": 0.18876732885837555, "validation_accuracy": 0.9583333134651184, "_wandb": {"runtime": 20}}