{"epoch/accuracy": 1.0, "epoch/loss": 0.0005376075860112906, "epoch/val_accuracy": 0.9583333134651184, "epoch/val_loss": 0.19989733397960663, "epoch/epoch": 149, "_timestamp": 1723110713.4626045, "_runtime": 15.3484365940094, "_step": 150, "validation_loss": 0.19989736378192902, "validation_accuracy": 0.9583333134651184, "_wandb": {"runtime": 14}}