{"epoch/accuracy": 0.7708333134651184, "epoch/loss": 0.5917648673057556, "epoch/val_accuracy": 0.9583333134651184, "epoch/val_loss": 0.3238776922225952, "epoch/epoch": 69, "_timestamp": 1723116995.2998457, "_runtime": 12.253885746002197, "_step": 70, "validation_loss": 0.3238776922225952, "validation_accuracy": 0.9583333134651184, "_wandb": {"runtime": 11}}