{"epoch/accuracy": 0.53125, "epoch/loss": 1.0412787199020386, "epoch/val_accuracy": 0.75, "epoch/val_loss": 0.9251840710639954, "epoch/epoch": 299, "_timestamp": 1723121611.3193069, "_runtime": 49.90584588050842, "_step": 300, "validation_loss": 0.9251840710639954, "validation_accuracy": 0.75, "_wandb": {"runtime": 49}}