{"epoch/accuracy": 0.7916666865348816, "epoch/loss": 0.8855101466178894, "epoch/val_accuracy": 0.9166666865348816, "epoch/val_loss": 0.9302435517311096, "epoch/epoch": 99, "_timestamp": 1723081016.8707492, "_runtime": 21.540515184402466, "_step": 100, "validation_loss": 0.9302435517311096, "validation_accuracy": 0.9166666865348816, "_wandb": {"runtime": 21}}