{"epoch/accuracy": 1.0, "epoch/loss": 0.005547768902033567, "epoch/val_accuracy": 0.9583333134651184, "epoch/val_loss": 0.1352418065071106, "epoch/epoch": 149, "_timestamp": 1723088487.8519588, "_runtime": 13.632773637771606, "_step": 150, "validation_loss": 0.1352417916059494, "validation_accuracy": 0.9583333134651184, "_wandb": {"runtime": 13}}