{"epoch/accuracy": 1.0, "epoch/loss": 0.005147396586835384, "epoch/val_accuracy": 0.9583333134651184, "epoch/val_loss": 0.1578281968832016, "epoch/epoch": 599, "_timestamp": 1723088399.446011, "_runtime": 28.213855028152466, "_step": 600, "validation_loss": 0.1578281968832016, "validation_accuracy": 0.9583333134651184, "_wandb": {"runtime": 27}}