{"epoch/accuracy": 0.8229166865348816, "epoch/loss": 0.7924254536628723, "epoch/val_accuracy": 0.875, "epoch/val_loss": 0.8453605771064758, "epoch/epoch": 69, "_timestamp": 1723091227.8364644, "_runtime": 11.181080341339111, "_step": 70, "validation_loss": 0.8453605771064758, "validation_accuracy": 0.875, "_wandb": {"runtime": 10}}