{"epoch/accuracy": 0.46875, "epoch/loss": 1.2389594316482544, "epoch/val_accuracy": 0.5, "epoch/val_loss": 1.178586721420288, "epoch/epoch": 69, "_timestamp": 1723114843.6687312, "_runtime": 11.127764225006104, "_step": 70, "validation_loss": 1.178586721420288, "validation_accuracy": 0.5, "_wandb": {"runtime": 10}}