{"epoch/accuracy": 1.0, "epoch/loss": 0.006530910264700651, "epoch/val_accuracy": 0.9583333134651184, "epoch/val_loss": 0.18791735172271729, "epoch/epoch": 599, "_timestamp": 1723110975.1745439, "_runtime": 28.63594079017639, "_step": 600, "validation_loss": 0.18791735172271729, "validation_accuracy": 0.9583333134651184, "_wandb": {"runtime": 28}}