{"epoch/accuracy": 0.90625, "epoch/loss": 0.533301830291748, "epoch/val_accuracy": 0.7916666865348816, "epoch/val_loss": 0.6221252083778381, "epoch/epoch": 99, "_timestamp": 1723103597.9376943, "_runtime": 11.94096040725708, "_step": 100, "validation_loss": 0.6221252083778381, "validation_accuracy": 0.7916666865348816, "_wandb": {"runtime": 11}}