{"epoch/accuracy": 0.8541666865348816, "epoch/loss": 0.3637232780456543, "epoch/val_accuracy": 0.9166666865348816, "epoch/val_loss": 0.20104874670505524, "epoch/epoch": 69, "_timestamp": 1723094311.21385, "_runtime": 10.905699014663696, "_step": 70, "validation_loss": 0.20104873180389404, "validation_accuracy": 0.9166666865348816, "_wandb": {"runtime": 10}}