{"epoch/accuracy": 0.6354166865348816, "epoch/loss": 0.9293261170387268, "epoch/val_accuracy": 0.8333333134651184, "epoch/val_loss": 0.7947394251823425, "epoch/epoch": 149, "_timestamp": 1723106688.2825994, "_runtime": 14.046778440475464, "_step": 150, "validation_loss": 0.7947394847869873, "validation_accuracy": 0.8333333134651184, "_wandb": {"runtime": 13}}