{"epoch/accuracy": 0.8125, "epoch/loss": 0.9141610264778137, "epoch/val_accuracy": 0.7916666865348816, "epoch/val_loss": 0.42523935437202454, "epoch/epoch": 69, "_timestamp": 1723107988.8131049, "_runtime": 11.841391801834106, "_step": 70, "validation_loss": 0.42523935437202454, "validation_accuracy": 0.7916666865348816, "_wandb": {"runtime": 11}}