{"epoch/accuracy": 1.0, "epoch/loss": 0.007016371935606003, "epoch/val_accuracy": 0.9583333134651184, "epoch/val_loss": 0.12358730286359787, "epoch/epoch": 149, "_timestamp": 1723094170.6534536, "_runtime": 14.033527612686157, "_step": 150, "validation_loss": 0.12358730286359787, "validation_accuracy": 0.9583333134651184, "_wandb": {"runtime": 13}}