{"epoch/accuracy": 0.2916666567325592, "epoch/loss": 1.5179096460342407, "epoch/val_accuracy": 0.375, "epoch/val_loss": 1.2921348810195923, "epoch/epoch": 49, "_timestamp": 1723107496.0754004, "_runtime": 10.562853336334229, "_step": 50, "validation_loss": 1.2921348810195923, "validation_accuracy": 0.375, "_wandb": {"runtime": 10}}