{"epoch/accuracy": 0.9375, "epoch/loss": 0.17247585952281952, "epoch/val_accuracy": 0.9166666865348816, "epoch/val_loss": 0.531903088092804, "epoch/epoch": 149, "_timestamp": 1723100469.864992, "_runtime": 13.519547939300537, "_step": 150, "validation_loss": 0.531903088092804, "validation_accuracy": 0.9166666865348816, "_wandb": {"runtime": 13}}