{"epoch/accuracy": 1.0, "epoch/loss": 0.059955891221761703, "epoch/val_accuracy": 0.9583333134651184, "epoch/val_loss": 0.2379174679517746, "epoch/epoch": 149, "_timestamp": 1723077540.2425654, "_runtime": 16.95664930343628, "_step": 150, "validation_loss": 0.2379174679517746, "validation_accuracy": 0.9583333134651184, "_wandb": {"runtime": 16}}