{"epoch/accuracy": 0.6041666865348816, "epoch/loss": 0.8544142842292786, "epoch/val_accuracy": 0.5833333134651184, "epoch/val_loss": 0.6662967205047607, "epoch/epoch": 69, "_timestamp": 1723102148.9909816, "_runtime": 10.81599760055542, "_step": 70, "validation_loss": 0.6662967205047607, "validation_accuracy": 0.5833333134651184, "_wandb": {"runtime": 10}}