{"epoch/accuracy": 1.0, "epoch/loss": 0.0, "epoch/val_accuracy": 0.9166666865348816, "epoch/val_loss": 81.50330352783203, "epoch/epoch": 599, "_timestamp": 1723121240.7670472, "_runtime": 85.03797817230225, "_step": 600, "validation_loss": 81.50330352783203, "validation_accuracy": 0.9166666865348816, "_wandb": {"runtime": 84}}