{"epoch/accuracy": 0.4791666567325592, "epoch/loss": 2.66706919670105, "epoch/val_accuracy": 0.5416666865348816, "epoch/val_loss": 0.8243026733398438, "epoch/epoch": 49, "_timestamp": 1723109243.943333, "_runtime": 11.102581977844238, "_step": 50, "validation_loss": 0.8243026733398438, "validation_accuracy": 0.5416666865348816, "_wandb": {"runtime": 10}}