{"epoch/accuracy": 1.0, "epoch/loss": 0.03089713118970394, "epoch/val_accuracy": 0.9583333134651184, "epoch/val_loss": 0.12204059213399887, "epoch/epoch": 49, "_timestamp": 1723117165.1742775, "_runtime": 10.914608478546143, "_step": 50, "validation_loss": 0.12204059213399887, "validation_accuracy": 0.9583333134651184, "_wandb": {"runtime": 10}}