{"epoch/accuracy": 0.9791666865348816, "epoch/loss": 0.12356799095869064, "epoch/val_accuracy": 0.9583333134651184, "epoch/val_loss": 0.18005383014678955, "epoch/epoch": 299, "_timestamp": 1723122327.8175862, "_runtime": 49.2530472278595, "_step": 300, "validation_loss": 0.18005383014678955, "validation_accuracy": 0.9583333134651184, "_wandb": {"runtime": 48}}