{"epoch/accuracy": 0.4375, "epoch/loss": 1.144600749015808, "epoch/val_accuracy": 0.3333333432674408, "epoch/val_loss": 1.1251908540725708, "epoch/epoch": 299, "_timestamp": 1723082571.5498488, "_runtime": 36.844661712646484, "_step": 300, "validation_loss": 1.1251908540725708, "validation_accuracy": 0.3333333432674408, "_wandb": {"runtime": 36}}