{"epoch/accuracy": 0.9375, "epoch/loss": 2.145716428756714, "epoch/val_accuracy": 1.0, "epoch/val_loss": 0.006458438467234373, "epoch/epoch": 149, "_timestamp": 1723114542.0915706, "_runtime": 14.13421368598938, "_step": 150, "validation_loss": 0.006458438467234373, "validation_accuracy": 1.0, "_wandb": {"runtime": 13}}