{"epoch/accuracy": 0.9895833134651184, "epoch/loss": 0.030174894258379936, "epoch/val_accuracy": 0.9166666865348816, "epoch/val_loss": 0.14756400883197784, "epoch/epoch": 99, "_timestamp": 1723110304.8416502, "_runtime": 12.286701202392578, "_step": 100, "validation_loss": 0.14756400883197784, "validation_accuracy": 0.9166666865348816, "_wandb": {"runtime": 11}}