{"epoch/accuracy": 0.9479166865348816, "epoch/loss": 0.3139033019542694, "epoch/val_accuracy": 0.9166666865348816, "epoch/val_loss": 0.3856007158756256, "epoch/epoch": 299, "_timestamp": 1723083962.4100645, "_runtime": 35.620386362075806, "_step": 300, "validation_loss": 0.3856007158756256, "validation_accuracy": 0.9166666865348816, "_wandb": {"runtime": 34}}