{"epoch/accuracy": 0.8958333134651184, "epoch/loss": 0.3071323335170746, "epoch/val_accuracy": 0.9583333134651184, "epoch/val_loss": 0.35163867473602295, "epoch/epoch": 69, "_timestamp": 1723088445.9319596, "_runtime": 11.40335464477539, "_step": 70, "validation_loss": 0.35163867473602295, "validation_accuracy": 0.9583333134651184, "_wandb": {"runtime": 10}}