{"epoch/accuracy": 1.0, "epoch/loss": 0.0, "epoch/val_accuracy": 0.9166666865348816, "epoch/val_loss": 1.7117719650268555, "epoch/epoch": 599, "_timestamp": 1723103204.564687, "_runtime": 29.55189299583435, "_step": 600, "validation_loss": 1.7117719650268555, "validation_accuracy": 0.9166666865348816, "_wandb": {"runtime": 29}}