{"epoch/accuracy": 0.9791666865348816, "epoch/loss": 0.08064869791269302, "epoch/val_accuracy": 0.9583333134651184, "epoch/val_loss": 0.2242802381515503, "epoch/epoch": 29, "_timestamp": 1723101261.838649, "_runtime": 9.140605926513672, "_step": 30, "validation_loss": 0.2242802381515503, "validation_accuracy": 0.9583333134651184, "_wandb": {"runtime": 8}}