{"epoch/accuracy": 0.90625, "epoch/loss": 0.2400539368391037, "epoch/val_accuracy": 0.9583333134651184, "epoch/val_loss": 0.11252212524414062, "epoch/epoch": 69, "_timestamp": 1723096020.7080348, "_runtime": 10.569788694381714, "_step": 70, "validation_loss": 0.11252212524414062, "validation_accuracy": 0.9583333134651184, "_wandb": {"runtime": 10}}