{"epoch/accuracy": 1.0, "epoch/loss": 0.0, "epoch/val_accuracy": 0.9166666865348816, "epoch/val_loss": 62.58774948120117, "epoch/epoch": 599, "_timestamp": 1723092343.6933374, "_runtime": 30.125884532928467, "_step": 600, "validation_loss": 62.58774948120117, "validation_accuracy": 0.9166666865348816, "_wandb": {"runtime": 29}}