{"epoch/accuracy": 1.0, "epoch/loss": 0.027628431096673012, "epoch/val_accuracy": 0.9583333134651184, "epoch/val_loss": 0.1475648581981659, "epoch/epoch": 69, "_timestamp": 1723105771.957629, "_runtime": 11.395318984985352, "_step": 70, "validation_loss": 0.1475648581981659, "validation_accuracy": 0.9583333134651184, "_wandb": {"runtime": 10}}