{"epoch/accuracy": 0.9895833134651184, "epoch/loss": 0.01741803251206875, "epoch/val_accuracy": 1.0, "epoch/val_loss": 0.03165941312909126, "epoch/epoch": 69, "_timestamp": 1723117274.250535, "_runtime": 11.607736110687256, "_step": 70, "validation_loss": 0.03165941312909126, "validation_accuracy": 1.0, "_wandb": {"runtime": 11}}