{"epoch/accuracy": 0.3229166567325592, "epoch/loss": 1.5402189493179321, "epoch/val_accuracy": 0.2083333283662796, "epoch/val_loss": 1.3864816427230835, "epoch/epoch": 29, "_timestamp": 1723082902.452527, "_runtime": 15.53507113456726, "_step": 30, "validation_loss": 1.3864816427230835, "validation_accuracy": 0.2083333283662796, "_wandb": {"runtime": 15}}