{"epoch/accuracy": 1.0, "epoch/loss": 0.046591345220804214, "epoch/val_accuracy": 0.9583333134651184, "epoch/val_loss": 0.15096993744373322, "epoch/epoch": 149, "_timestamp": 1723084690.7038186, "_runtime": 15.0027015209198, "_step": 150, "validation_loss": 0.15096993744373322, "validation_accuracy": 0.9583333134651184, "_wandb": {"runtime": 14}}