{"epoch/accuracy": 0.9583333134651184, "epoch/loss": 0.11866936832666397, "epoch/val_accuracy": 0.875, "epoch/val_loss": 1.185530185699463, "epoch/epoch": 599, "_timestamp": 1723093344.9735005, "_runtime": 28.831719398498535, "_step": 600, "validation_loss": 1.185530185699463, "validation_accuracy": 0.875, "_wandb": {"runtime": 28}}