{"epoch/accuracy": 0.3020833432674408, "epoch/loss": 1.5660128593444824, "epoch/val_accuracy": 0.4166666567325592, "epoch/val_loss": 1.2858179807662964, "epoch/epoch": 29, "_timestamp": 1723077171.8084586, "_runtime": 10.74989366531372, "_step": 30, "validation_loss": 1.2858179807662964, "validation_accuracy": 0.4166666567325592, "_wandb": {"runtime": 10}}