{"epoch/accuracy": 0.84375, "epoch/loss": 0.6440708041191101, "epoch/val_accuracy": 0.8333333134651184, "epoch/val_loss": 0.7545933723449707, "epoch/epoch": 149, "_timestamp": 1723086671.960161, "_runtime": 13.190371036529541, "_step": 150, "validation_loss": 0.7545933723449707, "validation_accuracy": 0.8333333134651184, "_wandb": {"runtime": 12}}