{"epoch/accuracy": 0.90625, "epoch/loss": 0.5279191136360168, "epoch/val_accuracy": 0.7916666865348816, "epoch/val_loss": 0.6416561007499695, "epoch/epoch": 149, "_timestamp": 1723119706.552772, "_runtime": 21.854429960250854, "_step": 150, "validation_loss": 0.6416561007499695, "validation_accuracy": 0.7916666865348816, "_wandb": {"runtime": 21}}