{"epoch/accuracy": 0.5, "epoch/loss": 1.1967955827713013, "epoch/val_accuracy": 0.5833333134651184, "epoch/val_loss": 1.1762480735778809, "epoch/epoch": 29, "_timestamp": 1723090241.7046883, "_runtime": 10.413613319396973, "_step": 30, "validation_loss": 1.1762480735778809, "validation_accuracy": 0.5833333134651184, "_wandb": {"runtime": 10}}