{"epoch/accuracy": 1.0, "epoch/loss": 0.01942075416445732, "epoch/val_accuracy": 0.9583333134651184, "epoch/val_loss": 0.17444150149822235, "epoch/epoch": 99, "_timestamp": 1723121322.370288, "_runtime": 29.06499195098877, "_step": 100, "validation_loss": 0.17444150149822235, "validation_accuracy": 0.9583333134651184, "_wandb": {"runtime": 28}}