{"epoch/accuracy": 0.9895833134651184, "epoch/loss": 0.021592453122138977, "epoch/val_accuracy": 0.9583333134651184, "epoch/val_loss": 0.13860024511814117, "epoch/epoch": 49, "_timestamp": 1723104739.627421, "_runtime": 10.4081289768219, "_step": 50, "validation_loss": 0.13860024511814117, "validation_accuracy": 0.9583333134651184, "_wandb": {"runtime": 10}}