{"epoch/accuracy": 1.0, "epoch/loss": 0.012945330701768398, "epoch/val_accuracy": 0.9583333134651184, "epoch/val_loss": 0.1282886415719986, "epoch/epoch": 99, "_timestamp": 1723086630.1928363, "_runtime": 12.06352424621582, "_step": 100, "validation_loss": 0.1282886415719986, "validation_accuracy": 0.9583333134651184, "_wandb": {"runtime": 11}}