{"epoch/accuracy": 0.96875, "epoch/loss": 0.08458149433135986, "epoch/val_accuracy": 0.9166666865348816, "epoch/val_loss": 0.3024376928806305, "epoch/epoch": 69, "_timestamp": 1723100728.8286445, "_runtime": 11.370514631271362, "_step": 70, "validation_loss": 0.3024376928806305, "validation_accuracy": 0.9166666865348816, "_wandb": {"runtime": 10}}