{"epoch/accuracy": 0.8125, "epoch/loss": 0.4322859048843384, "epoch/val_accuracy": 0.9583333134651184, "epoch/val_loss": 0.2089872807264328, "epoch/epoch": 49, "_timestamp": 1723092682.3001187, "_runtime": 10.678285598754883, "_step": 50, "validation_loss": 0.2089872807264328, "validation_accuracy": 0.9583333134651184, "_wandb": {"runtime": 10}}