{"epoch/accuracy": 1.0, "epoch/loss": 0.006102160084992647, "epoch/val_accuracy": 0.9583333134651184, "epoch/val_loss": 0.21144931018352509, "epoch/epoch": 29, "_timestamp": 1723118737.1693685, "_runtime": 12.203575611114502, "_step": 30, "validation_loss": 0.21144931018352509, "validation_accuracy": 0.9583333134651184, "_wandb": {"runtime": 11}}