{"epoch/accuracy": 0.8645833134651184, "epoch/loss": 0.7743737697601318, "epoch/val_accuracy": 0.7083333134651184, "epoch/val_loss": 0.9145509600639343, "epoch/epoch": 149, "_timestamp": 1723121963.2380486, "_runtime": 39.10715460777283, "_step": 150, "validation_loss": 0.9145509600639343, "validation_accuracy": 0.7083333134651184, "_wandb": {"runtime": 38}}