{"epoch/accuracy": 0.3854166567325592, "epoch/loss": 1.4744895696640015, "epoch/val_accuracy": 0.2916666567325592, "epoch/val_loss": 1.3476840257644653, "epoch/epoch": 149, "_timestamp": 1723114717.7407196, "_runtime": 23.837223529815674, "_step": 150, "validation_loss": 1.3476840257644653, "validation_accuracy": 0.2916666567325592, "_wandb": {"runtime": 23}}