{"epoch/accuracy": 1.0, "epoch/loss": 0.0008449442684650421, "epoch/val_accuracy": 0.9583333134651184, "epoch/val_loss": 0.11456066370010376, "epoch/epoch": 49, "_timestamp": 1723077854.6983757, "_runtime": 12.591559648513794, "_step": 50, "validation_loss": 0.11456067115068436, "validation_accuracy": 0.9583333134651184, "_wandb": {"runtime": 12}}