{"epoch/accuracy": 1.0, "epoch/loss": 0.006179154384881258, "epoch/val_accuracy": 0.9166666865348816, "epoch/val_loss": 0.27353715896606445, "epoch/epoch": 29, "_timestamp": 1723119973.9750638, "_runtime": 12.998446702957153, "_step": 30, "validation_loss": 0.27353715896606445, "validation_accuracy": 0.9166666865348816, "_wandb": {"runtime": 12}}