{"epoch/accuracy": 0.8854166865348816, "epoch/loss": 0.4262528419494629, "epoch/val_accuracy": 0.9166666865348816, "epoch/val_loss": 0.19908368587493896, "epoch/epoch": 29, "_timestamp": 1723108652.7911198, "_runtime": 10.295092821121216, "_step": 30, "validation_loss": 0.19908368587493896, "validation_accuracy": 0.9166666865348816, "_wandb": {"runtime": 9}}