{"epoch/accuracy": 0.6770833134651184, "epoch/loss": 0.9447903633117676, "epoch/val_accuracy": 0.625, "epoch/val_loss": 1.0288180112838745, "epoch/epoch": 99, "_timestamp": 1723082651.7142954, "_runtime": 20.190545320510864, "_step": 100, "validation_loss": 1.0288180112838745, "validation_accuracy": 0.625, "_wandb": {"runtime": 19}}