{"epoch/accuracy": 0.6458333134651184, "epoch/loss": 0.7957623600959778, "epoch/val_accuracy": 0.5833333134651184, "epoch/val_loss": 0.7777872681617737, "epoch/epoch": 299, "_timestamp": 1723094339.8237753, "_runtime": 18.841355323791504, "_step": 300, "validation_loss": 0.7777872681617737, "validation_accuracy": 0.5833333134651184, "_wandb": {"runtime": 18}}