{"epoch/accuracy": 1.0, "epoch/loss": 0.007503556087613106, "epoch/val_accuracy": 0.9583333134651184, "epoch/val_loss": 0.1441086381673813, "epoch/epoch": 599, "_timestamp": 1723099146.0510452, "_runtime": 30.40103006362915, "_step": 600, "validation_loss": 0.1441086381673813, "validation_accuracy": 0.9583333134651184, "_wandb": {"runtime": 30}}