{"epoch/accuracy": 0.9895833134651184, "epoch/loss": 0.019483549520373344, "epoch/val_accuracy": 0.9583333134651184, "epoch/val_loss": 0.1579265594482422, "epoch/epoch": 149, "_timestamp": 1723092812.9486659, "_runtime": 13.620466947555542, "_step": 150, "validation_loss": 0.1579265594482422, "validation_accuracy": 0.9583333134651184, "_wandb": {"runtime": 13}}