{"epoch/accuracy": 0.9791666865348816, "epoch/loss": 0.07582711428403854, "epoch/val_accuracy": 0.9583333134651184, "epoch/val_loss": 0.21326130628585815, "epoch/epoch": 49, "_timestamp": 1723097979.4061947, "_runtime": 10.950041770935059, "_step": 50, "validation_loss": 0.21326129138469696, "validation_accuracy": 0.9583333134651184, "_wandb": {"runtime": 10}}