{"epoch/accuracy": 0.9479166865348816, "epoch/loss": 0.19364695250988007, "epoch/val_accuracy": 0.9166666865348816, "epoch/val_loss": 0.19500292837619781, "epoch/epoch": 149, "_timestamp": 1723093738.2795496, "_runtime": 13.568191528320312, "_step": 150, "validation_loss": 0.19500292837619781, "validation_accuracy": 0.9166666865348816, "_wandb": {"runtime": 13}}