{"epoch/accuracy": 0.9791666865348816, "epoch/loss": 0.04117661714553833, "epoch/val_accuracy": 0.9583333134651184, "epoch/val_loss": 0.42367586493492126, "epoch/epoch": 29, "_timestamp": 1723086764.8005335, "_runtime": 8.987707614898682, "_step": 30, "validation_loss": 0.42367586493492126, "validation_accuracy": 0.9583333134651184, "_wandb": {"runtime": 8}}