{"epoch/accuracy": 0.53125, "epoch/loss": 1.0714675188064575, "epoch/val_accuracy": 0.5416666865348816, "epoch/val_loss": 1.1727663278579712, "epoch/epoch": 69, "_timestamp": 1723095842.3815348, "_runtime": 10.675542831420898, "_step": 70, "validation_loss": 1.1727663278579712, "validation_accuracy": 0.5416666865348816, "_wandb": {"runtime": 10}}