{"epoch/accuracy": 0.9166666865348816, "epoch/loss": 0.36227425932884216, "epoch/val_accuracy": 0.8333333134651184, "epoch/val_loss": 0.4397449493408203, "epoch/epoch": 99, "_timestamp": 1723093175.5802917, "_runtime": 12.692875862121582, "_step": 100, "validation_loss": 0.4397449493408203, "validation_accuracy": 0.8333333134651184, "_wandb": {"runtime": 12}}