{"epoch/accuracy": 0.1354166716337204, "epoch/loss": 1.7680301666259766, "epoch/val_accuracy": 0.2083333283662796, "epoch/val_loss": 2.0183703899383545, "epoch/epoch": 29, "_timestamp": 1723120240.5990348, "_runtime": 13.37183690071106, "_step": 30, "validation_loss": 2.0183703899383545, "validation_accuracy": 0.2083333283662796, "_wandb": {"runtime": 12}}