{"epoch/accuracy": 0.9895833134651184, "epoch/loss": 0.014809172600507736, "epoch/val_accuracy": 0.9166666865348816, "epoch/val_loss": 0.3253619372844696, "epoch/epoch": 599, "_timestamp": 1723092383.452104, "_runtime": 30.082622051239014, "_step": 600, "validation_loss": 0.3253619372844696, "validation_accuracy": 0.9166666865348816, "_wandb": {"runtime": 29}}