{"epoch/accuracy": 1.0, "epoch/loss": 0.0, "epoch/val_accuracy": 0.9583333134651184, "epoch/val_loss": 0.2612304389476776, "epoch/epoch": 599, "_timestamp": 1723121858.4548547, "_runtime": 83.68141484260559, "_step": 600, "validation_loss": 0.2612304389476776, "validation_accuracy": 0.9583333134651184, "_wandb": {"runtime": 83}}