{"epoch/accuracy": 0.6875, "epoch/loss": 0.8218318819999695, "epoch/val_accuracy": 0.9166666865348816, "epoch/val_loss": 0.7238760590553284, "epoch/epoch": 29, "_timestamp": 1723106051.1587818, "_runtime": 10.23393988609314, "_step": 30, "validation_loss": 0.7238760590553284, "validation_accuracy": 0.9166666865348816, "_wandb": {"runtime": 9}}