{"epoch/accuracy": 0.40625, "epoch/loss": 1.2545901536941528, "epoch/val_accuracy": 0.4166666567325592, "epoch/val_loss": 1.2445017099380493, "epoch/epoch": 49, "_timestamp": 1723112523.092554, "_runtime": 10.545831203460693, "_step": 50, "validation_loss": 1.2445017099380493, "validation_accuracy": 0.4166666567325592, "_wandb": {"runtime": 10}}