{"epoch/accuracy": 0.84375, "epoch/loss": 0.3916100561618805, "epoch/val_accuracy": 0.9166666865348816, "epoch/val_loss": 0.24193723499774933, "epoch/epoch": 29, "_timestamp": 1723091210.7622414, "_runtime": 9.878316402435303, "_step": 30, "validation_loss": 0.24193723499774933, "validation_accuracy": 0.9166666865348816, "_wandb": {"runtime": 9}}