{"epoch/accuracy": 0.9895833134651184, "epoch/loss": 0.039722125977277756, "epoch/val_accuracy": 0.9583333134651184, "epoch/val_loss": 0.3104088306427002, "epoch/epoch": 49, "_timestamp": 1723099453.1392214, "_runtime": 10.034392356872559, "_step": 50, "validation_loss": 0.3104088306427002, "validation_accuracy": 0.9583333134651184, "_wandb": {"runtime": 9}}