{"epoch/accuracy": 0.9583333134651184, "epoch/loss": 1.6659845113754272, "epoch/val_accuracy": 0.9583333134651184, "epoch/val_loss": 1.9943032264709473, "epoch/epoch": 149, "_timestamp": 1723103492.5645287, "_runtime": 13.792658805847168, "_step": 150, "validation_loss": 1.9943032264709473, "validation_accuracy": 0.9583333134651184, "_wandb": {"runtime": 13}}