{"epoch/accuracy": 0.6666666865348816, "epoch/loss": 0.9503335356712341, "epoch/val_accuracy": 0.5833333134651184, "epoch/val_loss": 1.008036494255066, "epoch/epoch": 99, "_timestamp": 1723094254.425786, "_runtime": 11.451662063598633, "_step": 100, "validation_loss": 1.008036494255066, "validation_accuracy": 0.5833333134651184, "_wandb": {"runtime": 11}}