{"epoch/accuracy": 0.4479166567325592, "epoch/loss": 1.0667623281478882, "epoch/val_accuracy": 0.5833333134651184, "epoch/val_loss": 0.939771831035614, "epoch/epoch": 599, "_timestamp": 1723082184.7739727, "_runtime": 66.82339668273926, "_step": 600, "validation_loss": 0.939771831035614, "validation_accuracy": 0.5833333134651184, "_wandb": {"runtime": 66}}