{"epoch/accuracy": 0.9270833134651184, "epoch/loss": 0.45408758521080017, "epoch/val_accuracy": 0.875, "epoch/val_loss": 0.5753430724143982, "epoch/epoch": 149, "_timestamp": 1723089840.7803037, "_runtime": 13.248920679092407, "_step": 150, "validation_loss": 0.5753430724143982, "validation_accuracy": 0.875, "_wandb": {"runtime": 12}}