{"epoch/accuracy": 1.0, "epoch/loss": 6.985788058955222e-05, "epoch/val_accuracy": 0.9583333134651184, "epoch/val_loss": 0.16856049001216888, "epoch/epoch": 599, "_timestamp": 1723091828.8039682, "_runtime": 28.598726272583008, "_step": 600, "validation_loss": 0.16856049001216888, "validation_accuracy": 0.9583333134651184, "_wandb": {"runtime": 28}}