{"epoch/accuracy": 0.9166666865348816, "epoch/loss": 0.22349505126476288, "epoch/val_accuracy": 0.9166666865348816, "epoch/val_loss": 0.12107507139444351, "epoch/epoch": 29, "_timestamp": 1723089358.3326342, "_runtime": 9.450231313705444, "_step": 30, "validation_loss": 0.12107507139444351, "validation_accuracy": 0.9166666865348816, "_wandb": {"runtime": 9}}