{"epoch/accuracy": 0.5625, "epoch/loss": 1.0307306051254272, "epoch/val_accuracy": 0.7083333134651184, "epoch/val_loss": 1.0261411666870117, "epoch/epoch": 49, "_timestamp": 1723085112.3194783, "_runtime": 11.048548221588135, "_step": 50, "validation_loss": 1.0261411666870117, "validation_accuracy": 0.7083333134651184, "_wandb": {"runtime": 10}}