{"epoch/accuracy": 0.4270833432674408, "epoch/loss": 1.153194785118103, "epoch/val_accuracy": 0.4583333432674408, "epoch/val_loss": 0.9382147789001465, "epoch/epoch": 69, "_timestamp": 1723094633.695332, "_runtime": 11.0725679397583, "_step": 70, "validation_loss": 0.9382147789001465, "validation_accuracy": 0.4583333432674408, "_wandb": {"runtime": 10}}