{"epoch/accuracy": 0.4375, "epoch/loss": 1.2698878049850464, "epoch/val_accuracy": 0.6666666865348816, "epoch/val_loss": 1.2098932266235352, "epoch/epoch": 69, "_timestamp": 1723119191.6487982, "_runtime": 16.055999279022217, "_step": 70, "validation_loss": 1.2098932266235352, "validation_accuracy": 0.6666666865348816, "_wandb": {"runtime": 15}}