{"epoch/accuracy": 0.8645833134651184, "epoch/loss": 4.406741619110107, "epoch/val_accuracy": 0.9166666865348816, "epoch/val_loss": 0.12563125789165497, "epoch/epoch": 29, "_timestamp": 1723101781.6876218, "_runtime": 11.477819919586182, "_step": 30, "validation_loss": 0.12563125789165497, "validation_accuracy": 0.9166666865348816, "_wandb": {"runtime": 9}}