{"epoch/accuracy": 0.9375, "epoch/loss": 0.3143669664859772, "epoch/val_accuracy": 0.9166666865348816, "epoch/val_loss": 0.41225865483283997, "epoch/epoch": 49, "_timestamp": 1723100054.036837, "_runtime": 10.664856195449829, "_step": 50, "validation_loss": 0.41225865483283997, "validation_accuracy": 0.9166666865348816, "_wandb": {"runtime": 10}}