{"epoch/accuracy": 1.0, "epoch/loss": 0.0007176948711276054, "epoch/val_accuracy": 0.9583333134651184, "epoch/val_loss": 0.5422443747520447, "epoch/epoch": 69, "_timestamp": 1723096083.7413495, "_runtime": 12.438979387283325, "_step": 70, "validation_loss": 0.5422443747520447, "validation_accuracy": 0.9583333134651184, "_wandb": {"runtime": 11}}