{"epoch/accuracy": 0.9895833134651184, "epoch/loss": 0.9422252774238586, "epoch/val_accuracy": 0.9583333134651184, "epoch/val_loss": 2.5124285221099854, "epoch/epoch": 149, "_timestamp": 1723122072.2295027, "_runtime": 31.241310596466064, "_step": 150, "validation_loss": 2.5124285221099854, "validation_accuracy": 0.9583333134651184, "_wandb": {"runtime": 30}}