{"epoch/accuracy": 0.4270833432674408, "epoch/loss": 1.2226437330245972, "epoch/val_accuracy": 0.5, "epoch/val_loss": 1.216673493385315, "epoch/epoch": 29, "_timestamp": 1723097274.1462662, "_runtime": 9.804378271102905, "_step": 30, "validation_loss": 1.216673493385315, "validation_accuracy": 0.5, "_wandb": {"runtime": 9}}