{"epoch/accuracy": 0.9583333134651184, "epoch/loss": 0.07354800403118134, "epoch/val_accuracy": 0.9166666865348816, "epoch/val_loss": 0.5092790722846985, "epoch/epoch": 299, "_timestamp": 1723120864.2124782, "_runtime": 50.37574219703674, "_step": 300, "validation_loss": 0.5092790722846985, "validation_accuracy": 0.9166666865348816, "_wandb": {"runtime": 50}}