{"epoch/accuracy": 0.40625, "epoch/loss": 1.3196946382522583, "epoch/val_accuracy": 0.4166666567325592, "epoch/val_loss": 1.3681589365005493, "epoch/epoch": 49, "_timestamp": 1723097314.7015982, "_runtime": 10.461074113845825, "_step": 50, "validation_loss": 1.3681589365005493, "validation_accuracy": 0.4166666567325592, "_wandb": {"runtime": 10}}