{"epoch/accuracy": 0.4375, "epoch/loss": 1.302441954612732, "epoch/val_accuracy": 0.4166666567325592, "epoch/val_loss": 1.3620156049728394, "epoch/epoch": 29, "_timestamp": 1723083219.0111756, "_runtime": 18.888251543045044, "_step": 30, "validation_loss": 1.3620156049728394, "validation_accuracy": 0.4166666567325592, "_wandb": {"runtime": 18}}