{"epoch/accuracy": 0.46875, "epoch/loss": 1.0643842220306396, "epoch/val_accuracy": 0.5, "epoch/val_loss": 0.8611729145050049, "epoch/epoch": 599, "_timestamp": 1723110414.106165, "_runtime": 29.48530387878418, "_step": 600, "validation_loss": 0.8611729145050049, "validation_accuracy": 0.5, "_wandb": {"runtime": 29}}