{"epoch/accuracy": 0.96875, "epoch/loss": 0.160186305642128, "epoch/val_accuracy": 0.9583333134651184, "epoch/val_loss": 0.34519529342651367, "epoch/epoch": 49, "_timestamp": 1723106614.944258, "_runtime": 10.8522310256958, "_step": 50, "validation_loss": 0.34519529342651367, "validation_accuracy": 0.9583333134651184, "_wandb": {"runtime": 10}}