{"epoch/accuracy": 1.0, "epoch/loss": 0.0005222195759415627, "epoch/val_accuracy": 0.9583333134651184, "epoch/val_loss": 0.10271847248077393, "epoch/epoch": 69, "_timestamp": 1723089777.3213713, "_runtime": 11.283304214477539, "_step": 70, "validation_loss": 0.10271847248077393, "validation_accuracy": 0.9583333134651184, "_wandb": {"runtime": 10}}