{"epoch/accuracy": 1.0, "epoch/loss": 0.008245464414358139, "epoch/val_accuracy": 0.9583333134651184, "epoch/val_loss": 0.19223952293395996, "epoch/epoch": 299, "_timestamp": 1723087717.894202, "_runtime": 17.799432039260864, "_step": 300, "validation_loss": 0.19223952293395996, "validation_accuracy": 0.9583333134651184, "_wandb": {"runtime": 17}}