{"epoch/accuracy": 1.0, "epoch/loss": 0.00574239669367671, "epoch/val_accuracy": 0.9583333134651184, "epoch/val_loss": 0.11250854283571243, "epoch/epoch": 69, "_timestamp": 1723120677.3046832, "_runtime": 25.995856285095215, "_step": 70, "validation_loss": 0.11250854283571243, "validation_accuracy": 0.9583333134651184, "_wandb": {"runtime": 25}}