{"epoch/accuracy": 0.6770833134651184, "epoch/loss": 0.7193790078163147, "epoch/val_accuracy": 0.9166666865348816, "epoch/val_loss": 0.4765920341014862, "epoch/epoch": 299, "_timestamp": 1723086923.4297862, "_runtime": 17.93771719932556, "_step": 300, "validation_loss": 0.4765920341014862, "validation_accuracy": 0.9166666865348816, "_wandb": {"runtime": 17}}