{"epoch/accuracy": 0.9479166865348816, "epoch/loss": 0.1745195984840393, "epoch/val_accuracy": 1.0, "epoch/val_loss": 0.12541940808296204, "epoch/epoch": 49, "_timestamp": 1723115775.9023523, "_runtime": 10.869786262512207, "_step": 50, "validation_loss": 0.12541940808296204, "validation_accuracy": 1.0, "_wandb": {"runtime": 10}}