{"epoch/accuracy": 1.0, "epoch/loss": 0.0029162943828850985, "epoch/val_accuracy": 0.9583333134651184, "epoch/val_loss": 0.08583837747573853, "epoch/epoch": 599, "_timestamp": 1723107336.7431052, "_runtime": 29.97283911705017, "_step": 600, "validation_loss": 0.08583837747573853, "validation_accuracy": 0.9583333134651184, "_wandb": {"runtime": 28}}