{"epoch/accuracy": 0.9895833134651184, "epoch/loss": 0.008374805562198162, "epoch/val_accuracy": 0.9583333134651184, "epoch/val_loss": 0.15178517997264862, "epoch/epoch": 29, "_timestamp": 1723086145.674806, "_runtime": 9.063813209533691, "_step": 30, "validation_loss": 0.15178517997264862, "validation_accuracy": 0.9583333134651184, "_wandb": {"runtime": 8}}