{"epoch/accuracy": 0.8333333134651184, "epoch/loss": 0.5496017336845398, "epoch/val_accuracy": 0.9166666865348816, "epoch/val_loss": 0.5027995109558105, "epoch/epoch": 29, "_timestamp": 1723084925.3254945, "_runtime": 9.737187623977661, "_step": 30, "validation_loss": 0.5027995109558105, "validation_accuracy": 0.9166666865348816, "_wandb": {"runtime": 9}}