{"epoch/accuracy": 1.0, "epoch/loss": 3.849459417892831e-08, "epoch/val_accuracy": 0.9583333134651184, "epoch/val_loss": 3.023300886154175, "epoch/epoch": 69, "_timestamp": 1723083992.463097, "_runtime": 19.58608603477478, "_step": 70, "validation_loss": 3.023300886154175, "validation_accuracy": 0.9583333134651184, "_wandb": {"runtime": 19}}