{"epoch/accuracy": 0.7083333134651184, "epoch/loss": 1.0163860321044922, "epoch/val_accuracy": 0.625, "epoch/val_loss": 1.1352100372314453, "epoch/epoch": 29, "_timestamp": 1723097465.6386094, "_runtime": 9.529065370559692, "_step": 30, "validation_loss": 1.1352100372314453, "validation_accuracy": 0.625, "_wandb": {"runtime": 9}}