{"epoch/accuracy": 0.9895833134651184, "epoch/loss": 0.035455409437417984, "epoch/val_accuracy": 0.9583333134651184, "epoch/val_loss": 0.48731234669685364, "epoch/epoch": 69, "_timestamp": 1723116922.7035887, "_runtime": 11.732812643051147, "_step": 70, "validation_loss": 0.48731234669685364, "validation_accuracy": 0.9583333134651184, "_wandb": {"runtime": 11}}