{"epoch/accuracy": 0.9166666865348816, "epoch/loss": 0.38611483573913574, "epoch/val_accuracy": 0.9583333134651184, "epoch/val_loss": 2.153552770614624, "epoch/epoch": 29, "_timestamp": 1723094358.2308018, "_runtime": 10.44603681564331, "_step": 30, "validation_loss": 2.153552770614624, "validation_accuracy": 0.9583333134651184, "_wandb": {"runtime": 10}}