{"epoch/accuracy": 0.9166666865348816, "epoch/loss": 0.3522688150405884, "epoch/val_accuracy": 0.9166666865348816, "epoch/val_loss": 0.40388426184654236, "epoch/epoch": 149, "_timestamp": 1723106887.780116, "_runtime": 13.914399147033691, "_step": 150, "validation_loss": 0.40388426184654236, "validation_accuracy": 0.9166666865348816, "_wandb": {"runtime": 13}}