{"epoch/accuracy": 0.375, "epoch/loss": 1.3213411569595337, "epoch/val_accuracy": 0.6666666865348816, "epoch/val_loss": 1.197665810585022, "epoch/epoch": 49, "_timestamp": 1723114561.9640303, "_runtime": 11.379238367080688, "_step": 50, "validation_loss": 1.197665810585022, "validation_accuracy": 0.6666666865348816, "_wandb": {"runtime": 10}}