{"epoch/accuracy": 0.9375, "epoch/loss": 0.3105621635913849, "epoch/val_accuracy": 0.9166666865348816, "epoch/val_loss": 0.2615623474121094, "epoch/epoch": 149, "_timestamp": 1723102243.9415271, "_runtime": 14.391741037368774, "_step": 150, "validation_loss": 0.2615623474121094, "validation_accuracy": 0.9166666865348816, "_wandb": {"runtime": 13}}