{"epoch/accuracy": 0.9895833134651184, "epoch/loss": 0.058526571840047836, "epoch/val_accuracy": 0.9166666865348816, "epoch/val_loss": 0.3857651650905609, "epoch/epoch": 149, "_timestamp": 1723100812.3486872, "_runtime": 14.320779085159302, "_step": 150, "validation_loss": 0.3857651650905609, "validation_accuracy": 0.9166666865348816, "_wandb": {"runtime": 13}}