{"epoch/accuracy": 0.6041666865348816, "epoch/loss": 0.856970489025116, "epoch/val_accuracy": 0.75, "epoch/val_loss": 1.0317727327346802, "epoch/epoch": 149, "_timestamp": 1723084765.730927, "_runtime": 14.05006194114685, "_step": 150, "validation_loss": 1.0317727327346802, "validation_accuracy": 0.75, "_wandb": {"runtime": 13}}