{"epoch/accuracy": 0.78125, "epoch/loss": 0.7063701748847961, "epoch/val_accuracy": 0.875, "epoch/val_loss": 0.6340738534927368, "epoch/epoch": 299, "_timestamp": 1723103776.9479918, "_runtime": 19.691401958465576, "_step": 300, "validation_loss": 0.6340738534927368, "validation_accuracy": 0.875, "_wandb": {"runtime": 19}}