{"epoch/accuracy": 0.625, "epoch/loss": 1.1087641716003418, "epoch/val_accuracy": 0.9166666865348816, "epoch/val_loss": 0.23543214797973633, "epoch/epoch": 149, "_timestamp": 1723095808.2649965, "_runtime": 14.793581485748291, "_step": 150, "validation_loss": 0.23543214797973633, "validation_accuracy": 0.9166666865348816, "_wandb": {"runtime": 13}}