{"epoch/accuracy": 0.6666666865348816, "epoch/loss": 0.7778626084327698, "epoch/val_accuracy": 0.9166666865348816, "epoch/val_loss": 0.7964990139007568, "epoch/epoch": 299, "_timestamp": 1723100326.6191516, "_runtime": 18.938446521759033, "_step": 300, "validation_loss": 0.7964990139007568, "validation_accuracy": 0.9166666865348816, "_wandb": {"runtime": 18}}