{"epoch/accuracy": 1.0, "epoch/loss": 7.82885545049794e-05, "epoch/val_accuracy": 0.9583333134651184, "epoch/val_loss": 0.12889404594898224, "epoch/epoch": 149, "_timestamp": 1723113646.3734012, "_runtime": 14.54615306854248, "_step": 150, "validation_loss": 0.12889404594898224, "validation_accuracy": 0.9583333134651184, "_wandb": {"runtime": 14}}