{"epoch/accuracy": 1.0, "epoch/loss": 0.0019184211269021034, "epoch/val_accuracy": 0.9583333134651184, "epoch/val_loss": 0.11599745601415634, "epoch/epoch": 299, "_timestamp": 1723107171.5414085, "_runtime": 19.33576250076294, "_step": 300, "validation_loss": 0.11599745601415634, "validation_accuracy": 0.9583333134651184, "_wandb": {"runtime": 18}}