{"epoch/accuracy": 0.3125, "epoch/loss": 1.4956048727035522, "epoch/val_accuracy": 0.2916666567325592, "epoch/val_loss": 1.3349485397338867, "epoch/epoch": 29, "_timestamp": 1723097762.040156, "_runtime": 9.931665897369385, "_step": 30, "validation_loss": 1.3349485397338867, "validation_accuracy": 0.2916666567325592, "_wandb": {"runtime": 9}}