{"epoch/accuracy": 0.8958333134651184, "epoch/loss": 0.3231044113636017, "epoch/val_accuracy": 0.9166666865348816, "epoch/val_loss": 0.6899073123931885, "epoch/epoch": 29, "_timestamp": 1723104693.851719, "_runtime": 10.130033016204834, "_step": 30, "validation_loss": 0.6899073123931885, "validation_accuracy": 0.9166666865348816, "_wandb": {"runtime": 9}}