{"epoch/accuracy": 0.625, "epoch/loss": 0.9736540913581848, "epoch/val_accuracy": 0.875, "epoch/val_loss": 0.8643838763237, "epoch/epoch": 149, "_timestamp": 1723119656.1862905, "_runtime": 22.560391426086426, "_step": 150, "validation_loss": 0.8643838763237, "validation_accuracy": 0.875, "_wandb": {"runtime": 22}}