{"epoch/accuracy": 0.71875, "epoch/loss": 0.8327403664588928, "epoch/val_accuracy": 0.8333333134651184, "epoch/val_loss": 0.8180122375488281, "epoch/epoch": 29, "_timestamp": 1723109222.8084686, "_runtime": 10.415242671966553, "_step": 30, "validation_loss": 0.8180122375488281, "validation_accuracy": 0.8333333134651184, "_wandb": {"runtime": 9}}