{"epoch/accuracy": 0.8958333134651184, "epoch/loss": 0.6603181958198547, "epoch/val_accuracy": 0.9166666865348816, "epoch/val_loss": 0.7231934666633606, "epoch/epoch": 29, "_timestamp": 1723088754.945219, "_runtime": 9.94405198097229, "_step": 30, "validation_loss": 0.7231934666633606, "validation_accuracy": 0.9166666865348816, "_wandb": {"runtime": 9}}