{"epoch/accuracy": 0.8020833134651184, "epoch/loss": 0.4886568486690521, "epoch/val_accuracy": 0.9166666865348816, "epoch/val_loss": 0.3264986574649811, "epoch/epoch": 299, "_timestamp": 1723102196.2257078, "_runtime": 18.326207876205444, "_step": 300, "validation_loss": 0.3264986574649811, "validation_accuracy": 0.9166666865348816, "_wandb": {"runtime": 17}}