{"epoch/accuracy": 0.9895833134651184, "epoch/loss": 0.02818170003592968, "epoch/val_accuracy": 0.9166666865348816, "epoch/val_loss": 0.1716434359550476, "epoch/epoch": 299, "_timestamp": 1723089676.8761888, "_runtime": 19.10901379585266, "_step": 300, "validation_loss": 0.1716434359550476, "validation_accuracy": 0.9166666865348816, "_wandb": {"runtime": 18}}