{"epoch/accuracy": 1.0, "epoch/loss": 0.0, "epoch/val_accuracy": 0.9583333134651184, "epoch/val_loss": 0.5777104496955872, "epoch/epoch": 299, "_timestamp": 1723117085.426682, "_runtime": 22.78966498374939, "_step": 300, "validation_loss": 0.5777104496955872, "validation_accuracy": 0.9583333134651184, "_wandb": {"runtime": 22}}