{"epoch/accuracy": 0.4895833432674408, "epoch/loss": 1.1706961393356323, "epoch/val_accuracy": 0.375, "epoch/val_loss": 1.1807122230529785, "epoch/epoch": 99, "_timestamp": 1723085602.4446518, "_runtime": 12.738432884216309, "_step": 100, "validation_loss": 1.1807122230529785, "validation_accuracy": 0.375, "_wandb": {"runtime": 12}}