{"epoch/accuracy": 0.6875, "epoch/loss": 3.2959251403808594, "epoch/val_accuracy": 0.75, "epoch/val_loss": 0.505838930606842, "epoch/epoch": 299, "_timestamp": 1723095869.7997367, "_runtime": 19.362485647201538, "_step": 300, "validation_loss": 0.505838930606842, "validation_accuracy": 0.75, "_wandb": {"runtime": 18}}