{"epoch/accuracy": 1.0, "epoch/loss": 0.008734509348869324, "epoch/val_accuracy": 0.9583333134651184, "epoch/val_loss": 0.09450862556695938, "epoch/epoch": 29, "_timestamp": 1723095983.2347186, "_runtime": 9.39530348777771, "_step": 30, "validation_loss": 0.09450862556695938, "validation_accuracy": 0.9583333134651184, "_wandb": {"runtime": 9}}