{"epoch/accuracy": 0.9791666865348816, "epoch/loss": 0.040251631289720535, "epoch/val_accuracy": 0.875, "epoch/val_loss": 1.0041422843933105, "epoch/epoch": 149, "_timestamp": 1723116071.1607413, "_runtime": 14.883512258529663, "_step": 150, "validation_loss": 1.0041422843933105, "validation_accuracy": 0.875, "_wandb": {"runtime": 14}}