{"epoch/accuracy": 0.96875, "epoch/loss": 8.292496681213379, "epoch/val_accuracy": 0.875, "epoch/val_loss": 2.1848196983337402, "epoch/epoch": 599, "_timestamp": 1723080174.9858024, "_runtime": 57.081340312957764, "_step": 600, "validation_loss": 2.1848196983337402, "validation_accuracy": 0.875, "_wandb": {"runtime": 56}}