{"epoch/accuracy": 0.9791666865348816, "epoch/loss": 1.0294967889785767, "epoch/val_accuracy": 0.9583333134651184, "epoch/val_loss": 0.10361122339963913, "epoch/epoch": 99, "_timestamp": 1723105895.9347844, "_runtime": 12.512595415115356, "_step": 100, "validation_loss": 0.10361122339963913, "validation_accuracy": 0.9583333134651184, "_wandb": {"runtime": 12}}