{"epoch/accuracy": 0.96875, "epoch/loss": 0.6701972484588623, "epoch/val_accuracy": 0.9166666865348816, "epoch/val_loss": 8.366097450256348, "epoch/epoch": 99, "_timestamp": 1723075522.9881866, "_runtime": 14.38832950592041, "_step": 100, "validation_loss": 8.366097450256348, "validation_accuracy": 0.9166666865348816, "_wandb": {"runtime": 14}}