{"epoch/accuracy": 1.0, "epoch/loss": 0.0016928050899878144, "epoch/val_accuracy": 0.9583333134651184, "epoch/val_loss": 0.10112542659044266, "epoch/epoch": 69, "_timestamp": 1723087915.1614463, "_runtime": 10.641690254211426, "_step": 70, "validation_loss": 0.10112542659044266, "validation_accuracy": 0.9583333134651184, "_wandb": {"runtime": 10}}