{"epoch/accuracy": 1.0, "epoch/loss": 1.897339643619489e-05, "epoch/val_accuracy": 0.9583333134651184, "epoch/val_loss": 0.11526688933372498, "epoch/epoch": 599, "_timestamp": 1723101297.120898, "_runtime": 28.765172004699707, "_step": 600, "validation_loss": 0.11526688933372498, "validation_accuracy": 0.9583333134651184, "_wandb": {"runtime": 28}}