{"epoch/accuracy": 1.0, "epoch/loss": 0.004505019169300795, "epoch/val_accuracy": 0.875, "epoch/val_loss": 0.8414813876152039, "epoch/epoch": 149, "_timestamp": 1723092788.6418142, "_runtime": 13.743646144866943, "_step": 150, "validation_loss": 0.8414813876152039, "validation_accuracy": 0.875, "_wandb": {"runtime": 13}}