{"epoch/accuracy": 1.0, "epoch/loss": 0.0022605666890740395, "epoch/val_accuracy": 0.9583333134651184, "epoch/val_loss": 0.2458682805299759, "epoch/epoch": 29, "_timestamp": 1723098318.5058308, "_runtime": 9.203815698623657, "_step": 30, "validation_loss": 0.2458682805299759, "validation_accuracy": 0.9583333134651184, "_wandb": {"runtime": 8}}