{"epoch/accuracy": 0.1875, "epoch/loss": 1.6888622045516968, "epoch/val_accuracy": 0.2083333283662796, "epoch/val_loss": 1.4586538076400757, "epoch/epoch": 99, "_timestamp": 1723096267.9056673, "_runtime": 12.250908374786377, "_step": 100, "validation_loss": 1.4586538076400757, "validation_accuracy": 0.2083333283662796, "_wandb": {"runtime": 11}}