{"epoch/accuracy": 0.53125, "epoch/loss": 1.0668185949325562, "epoch/val_accuracy": 0.8333333134651184, "epoch/val_loss": 0.9421715140342712, "epoch/epoch": 99, "_timestamp": 1723094707.050006, "_runtime": 12.296489953994751, "_step": 100, "validation_loss": 0.9421715140342712, "validation_accuracy": 0.8333333134651184, "_wandb": {"runtime": 11}}