{"epoch/accuracy": 0.6354166865348816, "epoch/loss": 0.9375618100166321, "epoch/val_accuracy": 0.2916666567325592, "epoch/val_loss": 1.1913083791732788, "epoch/epoch": 299, "_timestamp": 1723087943.1941555, "_runtime": 18.819876432418823, "_step": 300, "validation_loss": 1.1913083791732788, "validation_accuracy": 0.2916666567325592, "_wandb": {"runtime": 18}}