{"epoch/accuracy": 0.9375, "epoch/loss": 0.1463218480348587, "epoch/val_accuracy": 0.9583333134651184, "epoch/val_loss": 0.16005341708660126, "epoch/epoch": 29, "_timestamp": 1723101156.0327346, "_runtime": 9.818521738052368, "_step": 30, "validation_loss": 0.16005341708660126, "validation_accuracy": 0.9583333134651184, "_wandb": {"runtime": 9}}