{"epoch/accuracy": 0.9791666865348816, "epoch/loss": 0.07742336392402649, "epoch/val_accuracy": 0.9166666865348816, "epoch/val_loss": 0.18038488924503326, "epoch/epoch": 149, "_timestamp": 1723103080.0119562, "_runtime": 14.3339102268219, "_step": 150, "validation_loss": 0.18038491904735565, "validation_accuracy": 0.9166666865348816, "_wandb": {"runtime": 13}}