{"epoch/accuracy": 0.9583333134651184, "epoch/loss": 0.6355254650115967, "epoch/val_accuracy": 0.9583333134651184, "epoch/val_loss": 0.12536479532718658, "epoch/epoch": 69, "_timestamp": 1723111414.6966443, "_runtime": 11.840583324432373, "_step": 70, "validation_loss": 0.12536479532718658, "validation_accuracy": 0.9583333134651184, "_wandb": {"runtime": 11}}