{"epoch/accuracy": 0.7395833134651184, "epoch/loss": 2.5166256427764893, "epoch/val_accuracy": 0.7916666865348816, "epoch/val_loss": 0.4520169794559479, "epoch/epoch": 69, "_timestamp": 1723102333.9441576, "_runtime": 11.320132493972778, "_step": 70, "validation_loss": 0.4520169794559479, "validation_accuracy": 0.7916666865348816, "_wandb": {"runtime": 10}}