{"epoch/accuracy": 0.9375, "epoch/loss": 0.1848004311323166, "epoch/val_accuracy": 0.8333333134651184, "epoch/val_loss": 0.26790013909339905, "epoch/epoch": 99, "_timestamp": 1723107191.1082323, "_runtime": 11.898783206939697, "_step": 100, "validation_loss": 0.26790013909339905, "validation_accuracy": 0.8333333134651184, "_wandb": {"runtime": 11}}