{"epoch/accuracy": 1.0, "epoch/loss": 0.014327354729175568, "epoch/val_accuracy": 0.9166666865348816, "epoch/val_loss": 0.1741909384727478, "epoch/epoch": 299, "_timestamp": 1723102556.874002, "_runtime": 18.501271963119507, "_step": 300, "validation_loss": 0.1741909384727478, "validation_accuracy": 0.9166666865348816, "_wandb": {"runtime": 18}}