{"epoch/accuracy": 0.9583333134651184, "epoch/loss": 0.14793747663497925, "epoch/val_accuracy": 0.9166666865348816, "epoch/val_loss": 0.14652885496616364, "epoch/epoch": 599, "_timestamp": 1723075746.2551773, "_runtime": 36.728530168533325, "_step": 600, "validation_loss": 0.14652885496616364, "validation_accuracy": 0.9166666865348816, "_wandb": {"runtime": 36}}