{"epoch/accuracy": 0.25, "epoch/loss": 1.9657517671585083, "epoch/val_accuracy": 0.2083333283662796, "epoch/val_loss": 1.361688494682312, "epoch/epoch": 29, "_timestamp": 1723112287.199718, "_runtime": 10.164089918136597, "_step": 30, "validation_loss": 1.3616886138916016, "validation_accuracy": 0.2083333283662796, "_wandb": {"runtime": 9}}