{"epoch/accuracy": 1.0, "epoch/loss": 0.014549539424479008, "epoch/val_accuracy": 0.9166666865348816, "epoch/val_loss": 0.2399926632642746, "epoch/epoch": 599, "_timestamp": 1723119281.2005453, "_runtime": 43.95227527618408, "_step": 600, "validation_loss": 0.2399926632642746, "validation_accuracy": 0.9166666865348816, "_wandb": {"runtime": 43}}