{"epoch/accuracy": 0.2604166567325592, "epoch/loss": 1.385443091392517, "epoch/val_accuracy": 0.25, "epoch/val_loss": 1.394641399383545, "epoch/epoch": 599, "_timestamp": 1723093950.6055892, "_runtime": 28.832141160964966, "_step": 600, "validation_loss": 1.394641399383545, "validation_accuracy": 0.25, "_wandb": {"runtime": 28}}