{"epoch/accuracy": 0.9166666865348816, "epoch/loss": 0.31391188502311707, "epoch/val_accuracy": 0.9583333134651184, "epoch/val_loss": 0.36597156524658203, "epoch/epoch": 29, "_timestamp": 1723095200.5288618, "_runtime": 9.534635782241821, "_step": 30, "validation_loss": 0.36597156524658203, "validation_accuracy": 0.9583333134651184, "_wandb": {"runtime": 9}}