{"epoch/accuracy": 0.9479166865348816, "epoch/loss": 0.1929711550474167, "epoch/val_accuracy": 1.0, "epoch/val_loss": 0.050339892506599426, "epoch/epoch": 149, "_timestamp": 1723091306.4895442, "_runtime": 13.9693021774292, "_step": 150, "validation_loss": 0.050339892506599426, "validation_accuracy": 1.0, "_wandb": {"runtime": 13}}