{"epoch/accuracy": 0.65625, "epoch/loss": 0.7379911541938782, "epoch/val_accuracy": 0.7083333134651184, "epoch/val_loss": 0.6648674011230469, "epoch/epoch": 49, "_timestamp": 1723091490.7371228, "_runtime": 10.241947889328003, "_step": 50, "validation_loss": 0.6648674607276917, "validation_accuracy": 0.7083333134651184, "_wandb": {"runtime": 9}}