{"epoch/accuracy": 1.0, "epoch/loss": 0.007253870368003845, "epoch/val_accuracy": 0.9166666865348816, "epoch/val_loss": 0.2239668369293213, "epoch/epoch": 49, "_timestamp": 1723109775.0236356, "_runtime": 10.15036654472351, "_step": 50, "validation_loss": 0.2239668220281601, "validation_accuracy": 0.9166666865348816, "_wandb": {"runtime": 9}}