{"epoch/accuracy": 1.0, "epoch/loss": 0.02894018404185772, "epoch/val_accuracy": 0.9583333134651184, "epoch/val_loss": 0.2049412876367569, "epoch/epoch": 299, "_timestamp": 1723097914.3924978, "_runtime": 18.367748737335205, "_step": 300, "validation_loss": 0.2049412876367569, "validation_accuracy": 0.9583333134651184, "_wandb": {"runtime": 17}}