{"epoch/accuracy": 0.96875, "epoch/loss": 0.20013312995433807, "epoch/val_accuracy": 0.9583333134651184, "epoch/val_loss": 0.32647421956062317, "epoch/epoch": 299, "_timestamp": 1723097123.9046805, "_runtime": 18.137473583221436, "_step": 300, "validation_loss": 0.32647421956062317, "validation_accuracy": 0.9583333134651184, "_wandb": {"runtime": 17}}