{"epoch/accuracy": 0.9895833134651184, "epoch/loss": 0.027407927438616753, "epoch/val_accuracy": 0.9583333134651184, "epoch/val_loss": 0.7849690318107605, "epoch/epoch": 69, "_timestamp": 1723098244.361248, "_runtime": 10.777529954910278, "_step": 70, "validation_loss": 0.7849690318107605, "validation_accuracy": 0.9583333134651184, "_wandb": {"runtime": 10}}