{"epoch/accuracy": 0.6979166865348816, "epoch/loss": 0.7804932594299316, "epoch/val_accuracy": 0.9166666865348816, "epoch/val_loss": 0.6719515919685364, "epoch/epoch": 49, "_timestamp": 1723117814.2885897, "_runtime": 12.43498182296753, "_step": 50, "validation_loss": 0.6719515919685364, "validation_accuracy": 0.9166666865348816, "_wandb": {"runtime": 12}}