{"epoch/accuracy": 0.3333333432674408, "epoch/loss": 1.441523551940918, "epoch/val_accuracy": 0.625, "epoch/val_loss": 1.1185859441757202, "epoch/epoch": 29, "_timestamp": 1723113228.8003788, "_runtime": 10.41871976852417, "_step": 30, "validation_loss": 1.1185859441757202, "validation_accuracy": 0.625, "_wandb": {"runtime": 10}}