{"epoch/accuracy": 1.0, "epoch/loss": 0.00012927569332532585, "epoch/val_accuracy": 0.9166666865348816, "epoch/val_loss": 0.12738288938999176, "epoch/epoch": 299, "_timestamp": 1723087509.3595188, "_runtime": 18.317383766174316, "_step": 300, "validation_loss": 0.12738288938999176, "validation_accuracy": 0.9166666865348816, "_wandb": {"runtime": 17}}