{"epoch/accuracy": 0.9791666865348816, "epoch/loss": 0.2984815537929535, "epoch/val_accuracy": 0.9583333134651184, "epoch/val_loss": 1.1028650999069214, "epoch/epoch": 49, "_timestamp": 1723101841.155973, "_runtime": 10.124465942382812, "_step": 50, "validation_loss": 1.1028650999069214, "validation_accuracy": 0.9583333134651184, "_wandb": {"runtime": 9}}