{"epoch/accuracy": 0.9895833134651184, "epoch/loss": 0.4213389456272125, "epoch/val_accuracy": 0.9583333134651184, "epoch/val_loss": 1.4712715148925781, "epoch/epoch": 599, "_timestamp": 1723107674.0522609, "_runtime": 30.05891990661621, "_step": 600, "validation_loss": 1.4712715148925781, "validation_accuracy": 0.9583333134651184, "_wandb": {"runtime": 29}}