{"epoch/accuracy": 0.8333333134651184, "epoch/loss": 0.540140688419342, "epoch/val_accuracy": 0.9583333134651184, "epoch/val_loss": 0.5954331755638123, "epoch/epoch": 69, "_timestamp": 1723077192.5829785, "_runtime": 12.50932240486145, "_step": 70, "validation_loss": 0.5954331755638123, "validation_accuracy": 0.9583333134651184, "_wandb": {"runtime": 12}}