{"epoch/accuracy": 1.0, "epoch/loss": 0.0010152641916647553, "epoch/val_accuracy": 0.875, "epoch/val_loss": 1.0433852672576904, "epoch/epoch": 69, "_timestamp": 1723107711.5978968, "_runtime": 11.483274698257446, "_step": 70, "validation_loss": 1.0433852672576904, "validation_accuracy": 0.875, "_wandb": {"runtime": 11}}