{"epoch/accuracy": 0.3854166567325592, "epoch/loss": 1.3591984510421753, "epoch/val_accuracy": 0.5833333134651184, "epoch/val_loss": 1.1403870582580566, "epoch/epoch": 99, "_timestamp": 1723077661.966625, "_runtime": 14.817070007324219, "_step": 100, "validation_loss": 1.1403870582580566, "validation_accuracy": 0.5833333134651184, "_wandb": {"runtime": 14}}