{"epoch/accuracy": 0.9895833134651184, "epoch/loss": 0.021137660369277, "epoch/val_accuracy": 0.9166666865348816, "epoch/val_loss": 0.42084991931915283, "epoch/epoch": 99, "_timestamp": 1723075451.6801977, "_runtime": 14.766059637069702, "_step": 100, "validation_loss": 0.42084988951683044, "validation_accuracy": 0.9166666865348816, "_wandb": {"runtime": 14}}