{"epoch/accuracy": 1.0, "epoch/loss": 0.00020437144848983735, "epoch/val_accuracy": 0.9583333134651184, "epoch/val_loss": 0.21094821393489838, "epoch/epoch": 149, "_timestamp": 1723103746.9985394, "_runtime": 14.27264952659607, "_step": 150, "validation_loss": 0.21094821393489838, "validation_accuracy": 0.9583333134651184, "_wandb": {"runtime": 13}}