{"epoch/accuracy": 1.0, "epoch/loss": 3.829938577837311e-05, "epoch/val_accuracy": 0.9166666865348816, "epoch/val_loss": 0.19883204996585846, "epoch/epoch": 599, "_timestamp": 1723102775.1732295, "_runtime": 30.782875537872314, "_step": 600, "validation_loss": 0.19883203506469727, "validation_accuracy": 0.9166666865348816, "_wandb": {"runtime": 30}}