{"epoch/accuracy": 1.0, "epoch/loss": 0.0010669355979189277, "epoch/val_accuracy": 0.9583333134651184, "epoch/val_loss": 0.1436840146780014, "epoch/epoch": 599, "_timestamp": 1723111950.673284, "_runtime": 30.847634077072144, "_step": 600, "validation_loss": 0.1436840146780014, "validation_accuracy": 0.9583333134651184, "_wandb": {"runtime": 30}}