{"epoch/accuracy": 0.7916666865348816, "epoch/loss": 0.509311318397522, "epoch/val_accuracy": 0.9166666865348816, "epoch/val_loss": 0.5003747344017029, "epoch/epoch": 99, "_timestamp": 1723094859.5756352, "_runtime": 12.495832204818726, "_step": 100, "validation_loss": 0.5003747344017029, "validation_accuracy": 0.9166666865348816, "_wandb": {"runtime": 12}}