{"epoch/accuracy": 0.5729166865348816, "epoch/loss": 1.0763520002365112, "epoch/val_accuracy": 0.4166666567325592, "epoch/val_loss": 1.2978707551956177, "epoch/epoch": 29, "_timestamp": 1723081803.5848603, "_runtime": 14.978492259979248, "_step": 30, "validation_loss": 1.2978707551956177, "validation_accuracy": 0.4166666567325592, "_wandb": {"runtime": 14}}