{"epoch/accuracy": 0.8125, "epoch/loss": 0.42028459906578064, "epoch/val_accuracy": 0.9583333134651184, "epoch/val_loss": 0.21524254977703094, "epoch/epoch": 599, "_timestamp": 1723086439.5315368, "_runtime": 27.201175928115845, "_step": 600, "validation_loss": 0.21524254977703094, "validation_accuracy": 0.9583333134651184, "_wandb": {"runtime": 26}}