{"epoch/accuracy": 0.90625, "epoch/loss": 0.33868837356567383, "epoch/val_accuracy": 0.9166666865348816, "epoch/val_loss": 0.18533402681350708, "epoch/epoch": 29, "_timestamp": 1723111792.1910734, "_runtime": 10.368707418441772, "_step": 30, "validation_loss": 0.18533402681350708, "validation_accuracy": 0.9166666865348816, "_wandb": {"runtime": 9}}