{"epoch/accuracy": 1.0, "epoch/loss": 0.03201008960604668, "epoch/val_accuracy": 0.9583333134651184, "epoch/val_loss": 0.15860015153884888, "epoch/epoch": 49, "_timestamp": 1723097388.2844265, "_runtime": 12.53260850906372, "_step": 50, "validation_loss": 0.15860016644001007, "validation_accuracy": 0.9583333134651184, "_wandb": {"runtime": 10}}