{"epoch/accuracy": 0.8229166865348816, "epoch/loss": 0.5529806613922119, "epoch/val_accuracy": 0.8333333134651184, "epoch/val_loss": 0.4624325931072235, "epoch/epoch": 99, "_timestamp": 1723095085.6015134, "_runtime": 17.246410369873047, "_step": 100, "validation_loss": 0.4624325931072235, "validation_accuracy": 0.8333333134651184, "_wandb": {"runtime": 16}}