{"epoch/accuracy": 0.625, "epoch/loss": 4.853879928588867, "epoch/val_accuracy": 0.8333333134651184, "epoch/val_loss": 0.545426607131958, "epoch/epoch": 299, "_timestamp": 1723117792.6300094, "_runtime": 22.17227840423584, "_step": 300, "validation_loss": 0.545426607131958, "validation_accuracy": 0.8333333134651184, "_wandb": {"runtime": 21}}