{"epoch/accuracy": 1.0, "epoch/loss": 0.021693876013159752, "epoch/val_accuracy": 0.8333333134651184, "epoch/val_loss": 0.3181746304035187, "epoch/epoch": 149, "_timestamp": 1723096411.847232, "_runtime": 13.46221399307251, "_step": 150, "validation_loss": 0.3181746304035187, "validation_accuracy": 0.8333333134651184, "_wandb": {"runtime": 13}}