{"epoch/accuracy": 0.96875, "epoch/loss": 0.083078533411026, "epoch/val_accuracy": 0.9166666865348816, "epoch/val_loss": 0.14543955028057098, "epoch/epoch": 69, "_timestamp": 1723111910.3945236, "_runtime": 11.37255072593689, "_step": 70, "validation_loss": 0.14543955028057098, "validation_accuracy": 0.9166666865348816, "_wandb": {"runtime": 11}}