{"epoch/accuracy": 0.6041666865348816, "epoch/loss": 0.8334383368492126, "epoch/val_accuracy": 0.4583333432674408, "epoch/val_loss": 0.984891951084137, "epoch/epoch": 149, "_timestamp": 1723095737.2588077, "_runtime": 13.596285581588745, "_step": 150, "validation_loss": 0.984891951084137, "validation_accuracy": 0.4583333432674408, "_wandb": {"runtime": 13}}