{"epoch/accuracy": 0.5208333134651184, "epoch/loss": 1.1841837167739868, "epoch/val_accuracy": 0.4166666567325592, "epoch/val_loss": 1.3006088733673096, "epoch/epoch": 99, "_timestamp": 1723116155.5540192, "_runtime": 11.916994094848633, "_step": 100, "validation_loss": 1.3006088733673096, "validation_accuracy": 0.4166666567325592, "_wandb": {"runtime": 11}}