{"epoch/accuracy": 0.5104166865348816, "epoch/loss": 1.2994647026062012, "epoch/val_accuracy": 0.6666666865348816, "epoch/val_loss": 1.5590399503707886, "epoch/epoch": 29, "_timestamp": 1723116384.8252404, "_runtime": 10.30633544921875, "_step": 30, "validation_loss": 1.5590399503707886, "validation_accuracy": 0.6666666865348816, "_wandb": {"runtime": 9}}