{"epoch/accuracy": 0.8854166865348816, "epoch/loss": 0.39015379548072815, "epoch/val_accuracy": 0.9583333134651184, "epoch/val_loss": 0.35664188861846924, "epoch/epoch": 299, "_timestamp": 1723116625.3256412, "_runtime": 19.00880718231201, "_step": 300, "validation_loss": 0.35664188861846924, "validation_accuracy": 0.9583333134651184, "_wandb": {"runtime": 18}}