{"epoch/accuracy": 0.71875, "epoch/loss": 0.7375205159187317, "epoch/val_accuracy": 0.9583333134651184, "epoch/val_loss": 0.5151627659797668, "epoch/epoch": 49, "_timestamp": 1723092304.9479923, "_runtime": 10.762981414794922, "_step": 50, "validation_loss": 0.5151627659797668, "validation_accuracy": 0.9583333134651184, "_wandb": {"runtime": 10}}