{"epoch/accuracy": 1.0, "epoch/loss": 0.002867954084649682, "epoch/val_accuracy": 0.875, "epoch/val_loss": 0.3835247755050659, "epoch/epoch": 299, "_timestamp": 1723082350.240053, "_runtime": 36.11280584335327, "_step": 300, "validation_loss": 0.3835247755050659, "validation_accuracy": 0.875, "_wandb": {"runtime": 35}}