{"epoch/accuracy": 0.9895833134651184, "epoch/loss": 0.046180710196495056, "epoch/val_accuracy": 0.9166666865348816, "epoch/val_loss": 0.1538383960723877, "epoch/epoch": 599, "_timestamp": 1723103676.685634, "_runtime": 29.401907920837402, "_step": 600, "validation_loss": 0.1538383960723877, "validation_accuracy": 0.9166666865348816, "_wandb": {"runtime": 29}}