{"epoch/accuracy": 0.8958333134651184, "epoch/loss": 0.3591853082180023, "epoch/val_accuracy": 0.8333333134651184, "epoch/val_loss": 0.49181047081947327, "epoch/epoch": 599, "_timestamp": 1723112147.1491644, "_runtime": 28.278210401535034, "_step": 600, "validation_loss": 0.49181047081947327, "validation_accuracy": 0.8333333134651184, "_wandb": {"runtime": 27}}