{"epoch/accuracy": 0.34375, "epoch/loss": 1.2566555738449097, "epoch/val_accuracy": 0.1666666716337204, "epoch/val_loss": 1.3395954370498657, "epoch/epoch": 599, "_timestamp": 1723079144.6639464, "_runtime": 58.76849031448364, "_step": 600, "validation_loss": 1.3395954370498657, "validation_accuracy": 0.1666666716337204, "_wandb": {"runtime": 58}}