{"epoch/accuracy": 1.0, "epoch/loss": 0.07096300274133682, "epoch/val_accuracy": 0.9166666865348816, "epoch/val_loss": 0.1676836609840393, "epoch/epoch": 299, "_timestamp": 1723098805.310726, "_runtime": 20.044700860977173, "_step": 300, "validation_loss": 0.1676836460828781, "validation_accuracy": 0.9166666865348816, "_wandb": {"runtime": 19}}