{"epoch/accuracy": 0.9479166865348816, "epoch/loss": 0.1577533334493637, "epoch/val_accuracy": 0.9166666865348816, "epoch/val_loss": 0.8902104496955872, "epoch/epoch": 299, "_timestamp": 1723107636.5501175, "_runtime": 18.263112545013428, "_step": 300, "validation_loss": 0.8902104496955872, "validation_accuracy": 0.9166666865348816, "_wandb": {"runtime": 17}}