{"epoch/accuracy": 1.0, "epoch/loss": 0.0005319385672919452, "epoch/val_accuracy": 0.8333333134651184, "epoch/val_loss": 0.9849583506584167, "epoch/epoch": 29, "_timestamp": 1723105856.2084773, "_runtime": 9.569988250732422, "_step": 30, "validation_loss": 0.9849582314491272, "validation_accuracy": 0.8333333134651184, "_wandb": {"runtime": 9}}