{"epoch/accuracy": 0.7083333134651184, "epoch/loss": 1.0155164003372192, "epoch/val_accuracy": 0.5833333134651184, "epoch/val_loss": 1.10971200466156, "epoch/epoch": 69, "_timestamp": 1723084863.6468163, "_runtime": 12.000208139419556, "_step": 70, "validation_loss": 1.10971200466156, "validation_accuracy": 0.5833333134651184, "_wandb": {"runtime": 10}}