{"epoch/accuracy": 1.0, "epoch/loss": 0.019945593550801277, "epoch/val_accuracy": 0.9166666865348816, "epoch/val_loss": 0.1275988668203354, "epoch/epoch": 69, "_timestamp": 1723085178.038651, "_runtime": 11.724467039108276, "_step": 70, "validation_loss": 0.1275988668203354, "validation_accuracy": 0.9166666865348816, "_wandb": {"runtime": 11}}