{"epoch/accuracy": 0.8541666865348816, "epoch/loss": 0.5677308440208435, "epoch/val_accuracy": 0.9583333134651184, "epoch/val_loss": 0.4832673966884613, "epoch/epoch": 49, "_timestamp": 1723087526.0601277, "_runtime": 9.937095642089844, "_step": 50, "validation_loss": 0.4832673966884613, "validation_accuracy": 0.9583333134651184, "_wandb": {"runtime": 9}}