{"epoch/accuracy": 0.9791666865348816, "epoch/loss": 0.16358493268489838, "epoch/val_accuracy": 0.875, "epoch/val_loss": 0.2575594484806061, "epoch/epoch": 299, "_timestamp": 1723108842.0850887, "_runtime": 19.727866649627686, "_step": 300, "validation_loss": 0.2575594484806061, "validation_accuracy": 0.875, "_wandb": {"runtime": 19}}