{"epoch/accuracy": 1.0, "epoch/loss": 0.002165215788409114, "epoch/val_accuracy": 0.9583333134651184, "epoch/val_loss": 0.20687182247638702, "epoch/epoch": 149, "_timestamp": 1723110764.1621804, "_runtime": 14.748366355895996, "_step": 150, "validation_loss": 0.20687179267406464, "validation_accuracy": 0.9583333134651184, "_wandb": {"runtime": 14}}