{"epoch/accuracy": 1.0, "epoch/loss": 0.0, "epoch/val_accuracy": 0.9583333134651184, "epoch/val_loss": 0.515943706035614, "epoch/epoch": 299, "_timestamp": 1723098450.791124, "_runtime": 18.859463214874268, "_step": 300, "validation_loss": 0.515943706035614, "validation_accuracy": 0.9583333134651184, "_wandb": {"runtime": 18}}