{"epoch/accuracy": 0.9895833134651184, "epoch/loss": 0.016930298879742622, "epoch/val_accuracy": 0.9166666865348816, "epoch/val_loss": 0.4240732192993164, "epoch/epoch": 69, "_timestamp": 1723120264.840608, "_runtime": 17.106939792633057, "_step": 70, "validation_loss": 0.4240732192993164, "validation_accuracy": 0.9166666865348816, "_wandb": {"runtime": 16}}