{"epoch/accuracy": 0.2708333432674408, "epoch/loss": 1.3739925622940063, "epoch/val_accuracy": 0.25, "epoch/val_loss": 1.3952875137329102, "epoch/epoch": 69, "_timestamp": 1723085431.364925, "_runtime": 12.240262985229492, "_step": 70, "validation_loss": 1.3952875137329102, "validation_accuracy": 0.25, "_wandb": {"runtime": 11}}