{"epoch/accuracy": 1.0, "epoch/loss": 7.945655852381606e-06, "epoch/val_accuracy": 0.9583333134651184, "epoch/val_loss": 0.87228924036026, "epoch/epoch": 299, "_timestamp": 1723092922.1024024, "_runtime": 19.18699336051941, "_step": 300, "validation_loss": 0.87228924036026, "validation_accuracy": 0.9583333134651184, "_wandb": {"runtime": 18}}