{"epoch/accuracy": 0.4270833432674408, "epoch/loss": 1.215278148651123, "epoch/val_accuracy": 0.6666666865348816, "epoch/val_loss": 0.9865233898162842, "epoch/epoch": 149, "_timestamp": 1723100676.3732104, "_runtime": 14.108681440353394, "_step": 150, "validation_loss": 0.9865233898162842, "validation_accuracy": 0.6666666865348816, "_wandb": {"runtime": 13}}