{"epoch/accuracy": 1.0, "epoch/loss": 0.002911406336352229, "epoch/val_accuracy": 0.9166666865348816, "epoch/val_loss": 0.18900685012340546, "epoch/epoch": 69, "_timestamp": 1723089940.8081503, "_runtime": 10.701667308807373, "_step": 70, "validation_loss": 0.18900685012340546, "validation_accuracy": 0.9166666865348816, "_wandb": {"runtime": 10}}