{"epoch/accuracy": 0.3229166567325592, "epoch/loss": 1.2435678243637085, "epoch/val_accuracy": 0.2916666567325592, "epoch/val_loss": 1.3583108186721802, "epoch/epoch": 599, "_timestamp": 1723111334.0463622, "_runtime": 28.87616205215454, "_step": 600, "validation_loss": 1.3583108186721802, "validation_accuracy": 0.2916666567325592, "_wandb": {"runtime": 28}}