{"epoch/accuracy": 0.6770833134651184, "epoch/loss": 0.8857464790344238, "epoch/val_accuracy": 0.5, "epoch/val_loss": 1.0284417867660522, "epoch/epoch": 99, "_timestamp": 1723100987.9081662, "_runtime": 12.607726097106934, "_step": 100, "validation_loss": 1.0284419059753418, "validation_accuracy": 0.5, "_wandb": {"runtime": 12}}