{"epoch/accuracy": 0.9375, "epoch/loss": 0.18027497828006744, "epoch/val_accuracy": 0.9583333134651184, "epoch/val_loss": 0.1480035036802292, "epoch/epoch": 299, "_timestamp": 1723109825.0927281, "_runtime": 19.741111040115356, "_step": 300, "validation_loss": 0.14800351858139038, "validation_accuracy": 0.9583333134651184, "_wandb": {"runtime": 19}}