{"epoch/accuracy": 1.0, "epoch/loss": 0.008924884721636772, "epoch/val_accuracy": 0.9166666865348816, "epoch/val_loss": 0.23412072658538818, "epoch/epoch": 69, "_timestamp": 1723079027.5218053, "_runtime": 18.324188232421875, "_step": 70, "validation_loss": 0.23412072658538818, "validation_accuracy": 0.9166666865348816, "_wandb": {"runtime": 17}}