{"epoch/accuracy": 0.9791666865348816, "epoch/loss": 0.10698433965444565, "epoch/val_accuracy": 0.9583333134651184, "epoch/val_loss": 0.37269237637519836, "epoch/epoch": 49, "_timestamp": 1723110025.9343946, "_runtime": 10.815803527832031, "_step": 50, "validation_loss": 0.37269237637519836, "validation_accuracy": 0.9583333134651184, "_wandb": {"runtime": 10}}