{"epoch/accuracy": 1.0, "epoch/loss": 0.0010007716482505202, "epoch/val_accuracy": 0.9583333134651184, "epoch/val_loss": 0.176205575466156, "epoch/epoch": 599, "_timestamp": 1723085810.112272, "_runtime": 40.29758906364441, "_step": 600, "validation_loss": 0.176205575466156, "validation_accuracy": 0.9583333134651184, "_wandb": {"runtime": 35}}