{"epoch/accuracy": 0.9583333134651184, "epoch/loss": 0.26232972741127014, "epoch/val_accuracy": 1.0, "epoch/val_loss": 0.0013180590467527509, "epoch/epoch": 29, "_timestamp": 1723099657.0657687, "_runtime": 9.492241621017456, "_step": 30, "validation_loss": 0.0013180590467527509, "validation_accuracy": 1.0, "_wandb": {"runtime": 9}}