{"epoch/accuracy": 0.9479166865348816, "epoch/loss": 0.18953895568847656, "epoch/val_accuracy": 0.9583333134651184, "epoch/val_loss": 0.30556631088256836, "epoch/epoch": 69, "_timestamp": 1723088545.734849, "_runtime": 10.54035496711731, "_step": 70, "validation_loss": 0.30556628108024597, "validation_accuracy": 0.9583333134651184, "_wandb": {"runtime": 10}}