{"epoch/accuracy": 0.6458333134651184, "epoch/loss": 0.9810860753059387, "epoch/val_accuracy": 0.5, "epoch/val_loss": 0.8220056891441345, "epoch/epoch": 149, "_timestamp": 1723120718.771912, "_runtime": 32.90379500389099, "_step": 150, "validation_loss": 0.8220056891441345, "validation_accuracy": 0.5, "_wandb": {"runtime": 32}}