{"epoch/accuracy": 0.9895833134651184, "epoch/loss": 0.07081803679466248, "epoch/val_accuracy": 0.9166666865348816, "epoch/val_loss": 0.2639535665512085, "epoch/epoch": 299, "_timestamp": 1723113511.0315032, "_runtime": 18.15562415122986, "_step": 300, "validation_loss": 0.2639535665512085, "validation_accuracy": 0.9166666865348816, "_wandb": {"runtime": 17}}