{"epoch/accuracy": 0.9895833134651184, "epoch/loss": 0.017734063789248466, "epoch/val_accuracy": 0.9166666865348816, "epoch/val_loss": 0.21283812820911407, "epoch/epoch": 149, "_timestamp": 1723106755.893041, "_runtime": 14.143987894058228, "_step": 150, "validation_loss": 0.21283812820911407, "validation_accuracy": 0.9166666865348816, "_wandb": {"runtime": 13}}