{"epoch/accuracy": 0.2916666567325592, "epoch/loss": 1.5564502477645874, "epoch/val_accuracy": 0.25, "epoch/val_loss": 1.2988311052322388, "epoch/epoch": 29, "_timestamp": 1723084905.9834583, "_runtime": 9.458702325820923, "_step": 30, "validation_loss": 1.2988311052322388, "validation_accuracy": 0.25, "_wandb": {"runtime": 9}}