{"epoch/accuracy": 0.9791666865348816, "epoch/loss": 0.13241277635097504, "epoch/val_accuracy": 0.9583333134651184, "epoch/val_loss": 0.28169193863868713, "epoch/epoch": 149, "_timestamp": 1723106498.8055012, "_runtime": 13.203575134277344, "_step": 150, "validation_loss": 0.28169193863868713, "validation_accuracy": 0.9583333134651184, "_wandb": {"runtime": 12}}