{"epoch/accuracy": 0.9895833134651184, "epoch/loss": 0.03269423544406891, "epoch/val_accuracy": 0.9583333134651184, "epoch/val_loss": 0.12089265137910843, "epoch/epoch": 99, "_timestamp": 1723117207.5139248, "_runtime": 12.978195905685425, "_step": 100, "validation_loss": 0.12089265137910843, "validation_accuracy": 0.9583333134651184, "_wandb": {"runtime": 12}}