{"epoch/accuracy": 0.9791666865348816, "epoch/loss": 0.13065537810325623, "epoch/val_accuracy": 0.9583333134651184, "epoch/val_loss": 0.19039057195186615, "epoch/epoch": 299, "_timestamp": 1723077692.798367, "_runtime": 23.834388971328735, "_step": 300, "validation_loss": 0.19039057195186615, "validation_accuracy": 0.9583333134651184, "_wandb": {"runtime": 23}}