{"epoch/accuracy": 0.8541666865348816, "epoch/loss": 0.8681793808937073, "epoch/val_accuracy": 0.7916666865348816, "epoch/val_loss": 0.921579122543335, "epoch/epoch": 99, "_timestamp": 1723116775.9691572, "_runtime": 12.484934329986572, "_step": 100, "validation_loss": 0.921579122543335, "validation_accuracy": 0.7916666865348816, "_wandb": {"runtime": 12}}