{"epoch/accuracy": 1.0, "epoch/loss": 0.0048759011551737785, "epoch/val_accuracy": 0.9583333134651184, "epoch/val_loss": 0.16242581605911255, "epoch/epoch": 599, "_timestamp": 1723098991.9758685, "_runtime": 28.620760440826416, "_step": 600, "validation_loss": 0.16242581605911255, "validation_accuracy": 0.9583333134651184, "_wandb": {"runtime": 28}}