{"epoch/accuracy": 0.5833333134651184, "epoch/loss": 1.0207816362380981, "epoch/val_accuracy": 0.5416666865348816, "epoch/val_loss": 1.122632384300232, "epoch/epoch": 69, "_timestamp": 1723083281.555325, "_runtime": 18.014886140823364, "_step": 70, "validation_loss": 1.122632384300232, "validation_accuracy": 0.5416666865348816, "_wandb": {"runtime": 17}}