{"epoch/accuracy": 0.9791666865348816, "epoch/loss": 0.7439236044883728, "epoch/val_accuracy": 0.9583333134651184, "epoch/val_loss": 3.7286815643310547, "epoch/epoch": 49, "_timestamp": 1723085534.043229, "_runtime": 11.771618127822876, "_step": 50, "validation_loss": 3.7286815643310547, "validation_accuracy": 0.9583333134651184, "_wandb": {"runtime": 11}}