{"epoch/accuracy": 0.2291666716337204, "epoch/loss": 1.3880988359451294, "epoch/val_accuracy": 0.25, "epoch/val_loss": 1.3975218534469604, "epoch/epoch": 99, "_timestamp": 1723082249.6302161, "_runtime": 22.636134147644043, "_step": 100, "validation_loss": 1.3975216150283813, "validation_accuracy": 0.25, "_wandb": {"runtime": 22}}