{"epoch/accuracy": 1.0, "epoch/loss": 0.009453843347728252, "epoch/val_accuracy": 0.9166666865348816, "epoch/val_loss": 0.3972710072994232, "epoch/epoch": 599, "_timestamp": 1723086533.0399036, "_runtime": 28.106383562088013, "_step": 600, "validation_loss": 0.3972710072994232, "validation_accuracy": 0.9166666865348816, "_wandb": {"runtime": 27}}