{"epoch/accuracy": 1.0, "epoch/loss": 0.06138370931148529, "epoch/val_accuracy": 0.9583333134651184, "epoch/val_loss": 0.1905198097229004, "epoch/epoch": 299, "_timestamp": 1723092491.1626596, "_runtime": 18.70194172859192, "_step": 300, "validation_loss": 0.1905198097229004, "validation_accuracy": 0.9583333134651184, "_wandb": {"runtime": 18}}