{"epoch/accuracy": 1.0, "epoch/loss": 0.007081465795636177, "epoch/val_accuracy": 1.0, "epoch/val_loss": 0.025491684675216675, "epoch/epoch": 149, "_timestamp": 1723088866.3030384, "_runtime": 13.4673752784729, "_step": 150, "validation_loss": 0.025491684675216675, "validation_accuracy": 1.0, "_wandb": {"runtime": 13}}