{"epoch/accuracy": 0.9166666865348816, "epoch/loss": 0.2648104727268219, "epoch/val_accuracy": 0.9166666865348816, "epoch/val_loss": 0.16998523473739624, "epoch/epoch": 49, "_timestamp": 1723091400.5081325, "_runtime": 10.850274562835693, "_step": 50, "validation_loss": 0.16998523473739624, "validation_accuracy": 0.9166666865348816, "_wandb": {"runtime": 10}}