{"epoch/accuracy": 0.96875, "epoch/loss": 0.556910514831543, "epoch/val_accuracy": 0.9583333134651184, "epoch/val_loss": 0.7600072026252747, "epoch/epoch": 69, "_timestamp": 1723093388.8395672, "_runtime": 11.027289152145386, "_step": 70, "validation_loss": 0.7600072026252747, "validation_accuracy": 0.9583333134651184, "_wandb": {"runtime": 10}}