{"epoch/accuracy": 1.0, "epoch/loss": 0.01612374372780323, "epoch/val_accuracy": 0.9583333134651184, "epoch/val_loss": 0.06811526417732239, "epoch/epoch": 99, "_timestamp": 1723097569.0112824, "_runtime": 11.993569374084473, "_step": 100, "validation_loss": 0.06811525672674179, "validation_accuracy": 0.9583333134651184, "_wandb": {"runtime": 11}}