{"epoch/accuracy": 1.0, "epoch/loss": 0.001410883734934032, "epoch/val_accuracy": 0.9583333134651184, "epoch/val_loss": 0.1796419620513916, "epoch/epoch": 299, "_timestamp": 1723093975.5807376, "_runtime": 18.660274505615234, "_step": 300, "validation_loss": 0.1796419620513916, "validation_accuracy": 0.9583333134651184, "_wandb": {"runtime": 17}}