{"epoch/accuracy": 0.40625, "epoch/loss": 2.03472638130188, "epoch/val_accuracy": 0.5416666865348816, "epoch/val_loss": 1.0710636377334595, "epoch/epoch": 99, "_timestamp": 1723109069.1662517, "_runtime": 12.133099555969238, "_step": 100, "validation_loss": 1.0710636377334595, "validation_accuracy": 0.5416666865348816, "_wandb": {"runtime": 11}}