{"epoch/accuracy": 1.0, "epoch/loss": 0.0020291791297495365, "epoch/val_accuracy": 0.9583333134651184, "epoch/val_loss": 0.10803409665822983, "epoch/epoch": 99, "_timestamp": 1723112633.3187358, "_runtime": 13.415510892868042, "_step": 100, "validation_loss": 0.10803409665822983, "validation_accuracy": 0.9583333134651184, "_wandb": {"runtime": 13}}