{"epoch/accuracy": 0.7916666865348816, "epoch/loss": 0.8688058853149414, "epoch/val_accuracy": 0.7083333134651184, "epoch/val_loss": 0.938433825969696, "epoch/epoch": 69, "_timestamp": 1723112769.6373813, "_runtime": 11.747267246246338, "_step": 70, "validation_loss": 0.938433825969696, "validation_accuracy": 0.7083333134651184, "_wandb": {"runtime": 11}}