{"epoch/accuracy": 1.0, "epoch/loss": 0.002078312449157238, "epoch/val_accuracy": 0.9583333134651184, "epoch/val_loss": 0.12537191808223724, "epoch/epoch": 599, "_timestamp": 1723086291.749593, "_runtime": 26.94130802154541, "_step": 600, "validation_loss": 0.12537191808223724, "validation_accuracy": 0.9583333134651184, "_wandb": {"runtime": 26}}