{"epoch/accuracy": 0.8645833134651184, "epoch/loss": 0.3627401292324066, "epoch/val_accuracy": 0.9583333134651184, "epoch/val_loss": 0.4103316366672516, "epoch/epoch": 599, "_timestamp": 1723108501.0672052, "_runtime": 28.535361289978027, "_step": 600, "validation_loss": 0.4103316366672516, "validation_accuracy": 0.9583333134651184, "_wandb": {"runtime": 28}}