{"epoch/accuracy": 0.4270833432674408, "epoch/loss": 1.3394359350204468, "epoch/val_accuracy": 0.7083333134651184, "epoch/val_loss": 1.1321755647659302, "epoch/epoch": 99, "_timestamp": 1723121716.9806733, "_runtime": 27.598340272903442, "_step": 100, "validation_loss": 1.1321755647659302, "validation_accuracy": 0.7083333134651184, "_wandb": {"runtime": 27}}