{"epoch/accuracy": 0.8541666865348816, "epoch/loss": 0.6428536772727966, "epoch/val_accuracy": 0.7083333134651184, "epoch/val_loss": 0.8163996338844299, "epoch/epoch": 49, "_timestamp": 1723115200.2666469, "_runtime": 10.33412790298462, "_step": 50, "validation_loss": 0.8163996338844299, "validation_accuracy": 0.7083333134651184, "_wandb": {"runtime": 9}}