{"epoch/accuracy": 0.9895833134651184, "epoch/loss": 2.551162004470825, "epoch/val_accuracy": 0.9583333134651184, "epoch/val_loss": 11.344368934631348, "epoch/epoch": 99, "_timestamp": 1723083308.4707143, "_runtime": 20.571112394332886, "_step": 100, "validation_loss": 11.344368934631348, "validation_accuracy": 0.9583333134651184, "_wandb": {"runtime": 20}}