{"epoch/accuracy": 0.8541666865348816, "epoch/loss": 0.6446682810783386, "epoch/val_accuracy": 0.7916666865348816, "epoch/val_loss": 0.6959843039512634, "epoch/epoch": 69, "_timestamp": 1723103414.389389, "_runtime": 11.359060049057007, "_step": 70, "validation_loss": 0.6959843039512634, "validation_accuracy": 0.7916666865348816, "_wandb": {"runtime": 10}}