{"epoch/accuracy": 1.0, "epoch/loss": 9.934104205910899e-09, "epoch/val_accuracy": 0.9166666865348816, "epoch/val_loss": 2.1813786029815674, "epoch/epoch": 299, "_timestamp": 1723075634.6969826, "_runtime": 23.673643589019775, "_step": 300, "validation_loss": 2.1813786029815674, "validation_accuracy": 0.9166666865348816, "_wandb": {"runtime": 23}}