{"epoch/accuracy": 0.8125, "epoch/loss": 0.49633002281188965, "epoch/val_accuracy": 0.9166666865348816, "epoch/val_loss": 0.16649293899536133, "epoch/epoch": 99, "_timestamp": 1723119754.8749108, "_runtime": 17.91326880455017, "_step": 100, "validation_loss": 0.16649293899536133, "validation_accuracy": 0.9166666865348816, "_wandb": {"runtime": 17}}