{"epoch/accuracy": 0.3333333432674408, "epoch/loss": 1.6681665182113647, "epoch/val_accuracy": 0.2083333283662796, "epoch/val_loss": 1.4473915100097656, "epoch/epoch": 99, "_timestamp": 1723088121.6610093, "_runtime": 11.871491193771362, "_step": 100, "validation_loss": 1.4473915100097656, "validation_accuracy": 0.2083333283662796, "_wandb": {"runtime": 11}}