{"epoch/accuracy": 0.4166666567325592, "epoch/loss": 1.3047256469726562, "epoch/val_accuracy": 0.7916666865348816, "epoch/val_loss": 1.142804503440857, "epoch/epoch": 299, "_timestamp": 1723095416.7036748, "_runtime": 19.9399356842041, "_step": 300, "validation_loss": 1.142804503440857, "validation_accuracy": 0.7916666865348816, "_wandb": {"runtime": 19}}