{"epoch/accuracy": 0.9270833134651184, "epoch/loss": 0.14225123822689056, "epoch/val_accuracy": 0.9166666865348816, "epoch/val_loss": 0.16280491650104523, "epoch/epoch": 599, "_timestamp": 1723109682.9000444, "_runtime": 30.930277347564697, "_step": 600, "validation_loss": 0.16280491650104523, "validation_accuracy": 0.9166666865348816, "_wandb": {"runtime": 30}}