{"epoch/accuracy": 0.9791666865348816, "epoch/loss": 0.06155170127749443, "epoch/val_accuracy": 0.9583333134651184, "epoch/val_loss": 0.21082289516925812, "epoch/epoch": 69, "_timestamp": 1723083915.4129071, "_runtime": 20.067394018173218, "_step": 70, "validation_loss": 0.21082289516925812, "validation_accuracy": 0.9583333134651184, "_wandb": {"runtime": 19}}