{"epoch/accuracy": 0.71875, "epoch/loss": 0.8185645937919617, "epoch/val_accuracy": 0.5833333134651184, "epoch/val_loss": 0.9320653080940247, "epoch/epoch": 149, "_timestamp": 1723087211.0230205, "_runtime": 12.647701501846313, "_step": 150, "validation_loss": 0.9320653080940247, "validation_accuracy": 0.5833333134651184, "_wandb": {"runtime": 12}}