{"epoch/accuracy": 0.9895833134651184, "epoch/loss": 0.03217363730072975, "epoch/val_accuracy": 0.9583333134651184, "epoch/val_loss": 0.11357811093330383, "epoch/epoch": 99, "_timestamp": 1723089514.4755325, "_runtime": 11.48803162574768, "_step": 100, "validation_loss": 0.11357811093330383, "validation_accuracy": 0.9583333134651184, "_wandb": {"runtime": 11}}