{"epoch/accuracy": 0.9375, "epoch/loss": 0.2289256602525711, "epoch/val_accuracy": 0.9166666865348816, "epoch/val_loss": 0.151376411318779, "epoch/epoch": 99, "_timestamp": 1723078304.8920648, "_runtime": 21.336134910583496, "_step": 100, "validation_loss": 0.151376411318779, "validation_accuracy": 0.9166666865348816, "_wandb": {"runtime": 20}}