{"epoch/accuracy": 0.5416666865348816, "epoch/loss": 1.081525206565857, "epoch/val_accuracy": 0.4583333432674408, "epoch/val_loss": 1.1486141681671143, "epoch/epoch": 69, "_timestamp": 1723117187.9250267, "_runtime": 12.616710662841797, "_step": 70, "validation_loss": 1.1486141681671143, "validation_accuracy": 0.4583333432674408, "_wandb": {"runtime": 12}}