{"epoch/accuracy": 0.40625, "epoch/loss": 1.342752456665039, "epoch/val_accuracy": 0.5, "epoch/val_loss": 1.2890939712524414, "epoch/epoch": 149, "_timestamp": 1723098757.3295739, "_runtime": 13.50584077835083, "_step": 150, "validation_loss": 1.2890939712524414, "validation_accuracy": 0.5, "_wandb": {"runtime": 13}}