{"epoch/accuracy": 0.9895833134651184, "epoch/loss": 0.1431131809949875, "epoch/val_accuracy": 0.9166666865348816, "epoch/val_loss": 0.15949174761772156, "epoch/epoch": 49, "_timestamp": 1723082927.9426532, "_runtime": 15.46532416343689, "_step": 50, "validation_loss": 0.15949174761772156, "validation_accuracy": 0.9166666865348816, "_wandb": {"runtime": 15}}