{"epoch/accuracy": 0.8333333134651184, "epoch/loss": 0.5091954469680786, "epoch/val_accuracy": 0.9166666865348816, "epoch/val_loss": 0.2808777391910553, "epoch/epoch": 29, "_timestamp": 1723106153.1826427, "_runtime": 9.914352655410767, "_step": 30, "validation_loss": 0.2808777391910553, "validation_accuracy": 0.9166666865348816, "_wandb": {"runtime": 9}}