{"epoch/accuracy": 1.0, "epoch/loss": 0.0052546001970767975, "epoch/val_accuracy": 0.9583333134651184, "epoch/val_loss": 0.17887438833713531, "epoch/epoch": 599, "_timestamp": 1723100607.8748903, "_runtime": 29.34182834625244, "_step": 600, "validation_loss": 0.17887438833713531, "validation_accuracy": 0.9583333134651184, "_wandb": {"runtime": 28}}