{"epoch/accuracy": 0.9479166865348816, "epoch/loss": 0.15427368879318237, "epoch/val_accuracy": 0.9583333134651184, "epoch/val_loss": 0.09455115348100662, "epoch/epoch": 49, "_timestamp": 1723093076.5086517, "_runtime": 10.165780782699585, "_step": 50, "validation_loss": 0.09455115348100662, "validation_accuracy": 0.9583333134651184, "_wandb": {"runtime": 9}}