{"epoch/accuracy": 0.8541666865348816, "epoch/loss": 0.536555290222168, "epoch/val_accuracy": 0.8333333134651184, "epoch/val_loss": 0.3159175217151642, "epoch/epoch": 49, "_timestamp": 1723087192.717066, "_runtime": 9.889588117599487, "_step": 50, "validation_loss": 0.3159175217151642, "validation_accuracy": 0.8333333134651184, "_wandb": {"runtime": 9}}