{"epoch/accuracy": 0.9895833134651184, "epoch/loss": 0.03256547451019287, "epoch/val_accuracy": 0.9166666865348816, "epoch/val_loss": 0.30721572041511536, "epoch/epoch": 69, "_timestamp": 1723076002.2522562, "_runtime": 11.931793212890625, "_step": 70, "validation_loss": 0.30721572041511536, "validation_accuracy": 0.9166666865348816, "_wandb": {"runtime": 11}}