{"epoch/accuracy": 0.7604166865348816, "epoch/loss": 0.8376432061195374, "epoch/val_accuracy": 0.7916666865348816, "epoch/val_loss": 0.8344969749450684, "epoch/epoch": 299, "_timestamp": 1723092163.0853631, "_runtime": 18.983516216278076, "_step": 300, "validation_loss": 0.8344969749450684, "validation_accuracy": 0.7916666865348816, "_wandb": {"runtime": 18}}