{"epoch/accuracy": 1.0, "epoch/loss": 8.340011117979884e-05, "epoch/val_accuracy": 0.9166666865348816, "epoch/val_loss": 0.4193058907985687, "epoch/epoch": 149, "_timestamp": 1723097210.9757977, "_runtime": 14.17835259437561, "_step": 150, "validation_loss": 0.4193058907985687, "validation_accuracy": 0.9166666865348816, "_wandb": {"runtime": 13}}