{"epoch/accuracy": 0.8645833134651184, "epoch/loss": 0.4426753520965576, "epoch/val_accuracy": 0.9166666865348816, "epoch/val_loss": 0.5490192770957947, "epoch/epoch": 599, "_timestamp": 1723080573.2261071, "_runtime": 58.60507106781006, "_step": 600, "validation_loss": 0.5490192770957947, "validation_accuracy": 0.9166666865348816, "_wandb": {"runtime": 58}}