{"epoch/accuracy": 0.6979166865348816, "epoch/loss": 0.9669881463050842, "epoch/val_accuracy": 0.8333333134651184, "epoch/val_loss": 0.9738609194755554, "epoch/epoch": 49, "_timestamp": 1723106255.4050055, "_runtime": 10.117384433746338, "_step": 50, "validation_loss": 0.9738609194755554, "validation_accuracy": 0.8333333134651184, "_wandb": {"runtime": 9}}