{"epoch/accuracy": 0.7916666865348816, "epoch/loss": 0.6252961754798889, "epoch/val_accuracy": 0.9583333134651184, "epoch/val_loss": 0.5889997482299805, "epoch/epoch": 299, "_timestamp": 1723078159.4560275, "_runtime": 34.35013961791992, "_step": 300, "validation_loss": 0.5889997482299805, "validation_accuracy": 0.9583333134651184, "_wandb": {"runtime": 33}}