{"epoch/accuracy": 0.5208333134651184, "epoch/loss": 1.1237910985946655, "epoch/val_accuracy": 0.5, "epoch/val_loss": 1.1460628509521484, "epoch/epoch": 149, "_timestamp": 1723087273.2987366, "_runtime": 13.748963594436646, "_step": 150, "validation_loss": 1.1460628509521484, "validation_accuracy": 0.5, "_wandb": {"runtime": 13}}