{"epoch/accuracy": 1.0, "epoch/loss": 0.0008313702419400215, "epoch/val_accuracy": 0.9583333134651184, "epoch/val_loss": 0.2300400286912918, "epoch/epoch": 69, "_timestamp": 1723076822.923659, "_runtime": 17.8853440284729, "_step": 70, "validation_loss": 0.2300400286912918, "validation_accuracy": 0.9583333134651184, "_wandb": {"runtime": 12}}