{"epoch/accuracy": 0.9166666865348816, "epoch/loss": 0.2388560026884079, "epoch/val_accuracy": 0.9583333134651184, "epoch/val_loss": 0.19789914786815643, "epoch/epoch": 69, "_timestamp": 1723085882.9172704, "_runtime": 10.779752492904663, "_step": 70, "validation_loss": 0.19789914786815643, "validation_accuracy": 0.9583333134651184, "_wandb": {"runtime": 10}}