{"epoch/accuracy": 0.3333333432674408, "epoch/loss": 1.3729270696640015, "epoch/val_accuracy": 0.3333333432674408, "epoch/val_loss": 1.350831389427185, "epoch/epoch": 29, "_timestamp": 1723086976.9681516, "_runtime": 9.135399580001831, "_step": 30, "validation_loss": 1.350831389427185, "validation_accuracy": 0.3333333432674408, "_wandb": {"runtime": 8}}