{"epoch/accuracy": 1.0, "epoch/loss": 0.1103866770863533, "epoch/val_accuracy": 0.9166666865348816, "epoch/val_loss": 0.26542338728904724, "epoch/epoch": 149, "_timestamp": 1723075866.7790928, "_runtime": 16.387303829193115, "_step": 150, "validation_loss": 0.26542338728904724, "validation_accuracy": 0.9166666865348816, "_wandb": {"runtime": 16}}