{"epoch/accuracy": 0.96875, "epoch/loss": 0.10746043920516968, "epoch/val_accuracy": 0.9166666865348816, "epoch/val_loss": 0.2095377892255783, "epoch/epoch": 99, "_timestamp": 1723104179.0885463, "_runtime": 11.84472131729126, "_step": 100, "validation_loss": 0.2095377892255783, "validation_accuracy": 0.9166666865348816, "_wandb": {"runtime": 11}}