{"epoch/accuracy": 0.9479166865348816, "epoch/loss": 0.18105995655059814, "epoch/val_accuracy": 0.9583333134651184, "epoch/val_loss": 0.2351536750793457, "epoch/epoch": 99, "_timestamp": 1723079485.2962372, "_runtime": 22.158823251724243, "_step": 100, "validation_loss": 0.2351536750793457, "validation_accuracy": 0.9583333134651184, "_wandb": {"runtime": 21}}