{"epoch/accuracy": 0.4583333432674408, "epoch/loss": 1.0688396692276, "epoch/val_accuracy": 0.25, "epoch/val_loss": 13.48852825164795, "epoch/epoch": 599, "_timestamp": 1723118782.1339762, "_runtime": 36.78693723678589, "_step": 600, "validation_loss": 13.48852825164795, "validation_accuracy": 0.25, "_wandb": {"runtime": 36}}