{"epoch/accuracy": 0.28125, "epoch/loss": 1.5048633813858032, "epoch/val_accuracy": 0.5416666865348816, "epoch/val_loss": 1.2001086473464966, "epoch/epoch": 49, "_timestamp": 1723090107.5242596, "_runtime": 10.207807540893555, "_step": 50, "validation_loss": 1.2001086473464966, "validation_accuracy": 0.5416666865348816, "_wandb": {"runtime": 9}}