{"epoch/accuracy": 0.4895833432674408, "epoch/loss": 1.1481009721755981, "epoch/val_accuracy": 0.5, "epoch/val_loss": 1.1759624481201172, "epoch/epoch": 49, "_timestamp": 1723097038.7493894, "_runtime": 10.285353422164917, "_step": 50, "validation_loss": 1.1759624481201172, "validation_accuracy": 0.5, "_wandb": {"runtime": 9}}