{"epoch/accuracy": 0.7604166865348816, "epoch/loss": 0.7212107181549072, "epoch/val_accuracy": 0.9166666865348816, "epoch/val_loss": 0.6451193690299988, "epoch/epoch": 149, "_timestamp": 1723082108.5815725, "_runtime": 27.088610649108887, "_step": 150, "validation_loss": 0.6451193690299988, "validation_accuracy": 0.9166666865348816, "_wandb": {"runtime": 26}}