{"epoch/accuracy": 0.9375, "epoch/loss": 0.1743495613336563, "epoch/val_accuracy": 0.9166666865348816, "epoch/val_loss": 0.26424333453178406, "epoch/epoch": 49, "_timestamp": 1723111706.7590854, "_runtime": 11.095325469970703, "_step": 50, "validation_loss": 0.26424333453178406, "validation_accuracy": 0.9166666865348816, "_wandb": {"runtime": 10}}