{"epoch/accuracy": 0.875, "epoch/loss": 0.27351734042167664, "epoch/val_accuracy": 0.7916666865348816, "epoch/val_loss": 12.440508842468262, "epoch/epoch": 599, "_timestamp": 1723118627.2898083, "_runtime": 36.41853928565979, "_step": 600, "validation_loss": 12.440508842468262, "validation_accuracy": 0.7916666865348816, "_wandb": {"runtime": 35}}