{"epoch/accuracy": 0.8020833134651184, "epoch/loss": 0.7068246006965637, "epoch/val_accuracy": 0.875, "epoch/val_loss": 0.7687110304832458, "epoch/epoch": 99, "_timestamp": 1723121145.2220383, "_runtime": 31.0543372631073, "_step": 100, "validation_loss": 0.7687110304832458, "validation_accuracy": 0.875, "_wandb": {"runtime": 30}}