{"epoch/accuracy": 0.96875, "epoch/loss": 0.10376546531915665, "epoch/val_accuracy": 0.9166666865348816, "epoch/val_loss": 0.12611784040927887, "epoch/epoch": 99, "_timestamp": 1723098775.5328388, "_runtime": 11.823701858520508, "_step": 100, "validation_loss": 0.12611784040927887, "validation_accuracy": 0.9166666865348816, "_wandb": {"runtime": 11}}