{"epoch/accuracy": 0.2291666716337204, "epoch/loss": 1.386199951171875, "epoch/val_accuracy": 0.125, "epoch/val_loss": 1.3975144624710083, "epoch/epoch": 299, "_timestamp": 1723117385.452436, "_runtime": 21.145845890045166, "_step": 300, "validation_loss": 1.3975144624710083, "validation_accuracy": 0.125, "_wandb": {"runtime": 20}}