{"epoch/accuracy": 0.9166666865348816, "epoch/loss": 0.2710270583629608, "epoch/val_accuracy": 0.875, "epoch/val_loss": 0.3303661346435547, "epoch/epoch": 299, "_timestamp": 1723080987.3454523, "_runtime": 39.000643253326416, "_step": 300, "validation_loss": 0.3303661346435547, "validation_accuracy": 0.875, "_wandb": {"runtime": 38}}