{"epoch/accuracy": 0.8854166865348816, "epoch/loss": 0.44432196021080017, "epoch/val_accuracy": 0.9166666865348816, "epoch/val_loss": 0.44506192207336426, "epoch/epoch": 69, "_timestamp": 1723113317.3389194, "_runtime": 11.41482949256897, "_step": 70, "validation_loss": 0.44506192207336426, "validation_accuracy": 0.9166666865348816, "_wandb": {"runtime": 10}}