{"epoch/accuracy": 1.0, "epoch/loss": 0.012267124839127064, "epoch/val_accuracy": 0.9583333134651184, "epoch/val_loss": 0.13501355051994324, "epoch/epoch": 99, "_timestamp": 1723114366.6317952, "_runtime": 12.723765134811401, "_step": 100, "validation_loss": 0.13501355051994324, "validation_accuracy": 0.9583333134651184, "_wandb": {"runtime": 12}}