{"epoch/accuracy": 0.8958333134651184, "epoch/loss": 94.43193817138672, "epoch/val_accuracy": 0.9583333134651184, "epoch/val_loss": 7.691019535064697, "epoch/epoch": 149, "_timestamp": 1723114942.9200702, "_runtime": 14.460309267044067, "_step": 150, "validation_loss": 7.691019535064697, "validation_accuracy": 0.9583333134651184, "_wandb": {"runtime": 14}}