{"epoch/accuracy": 0.2604166567325592, "epoch/loss": 1.4758704900741577, "epoch/val_accuracy": 0.25, "epoch/val_loss": 1.3930331468582153, "epoch/epoch": 299, "_timestamp": 1723107611.298285, "_runtime": 19.1394100189209, "_step": 300, "validation_loss": 1.3930331468582153, "validation_accuracy": 0.25, "_wandb": {"runtime": 18}}