{"epoch/accuracy": 0.4583333432674408, "epoch/loss": 1.2965646982192993, "epoch/val_accuracy": 0.5833333134651184, "epoch/val_loss": 1.174965739250183, "epoch/epoch": 149, "_timestamp": 1723106218.5729363, "_runtime": 14.4829843044281, "_step": 150, "validation_loss": 1.174965739250183, "validation_accuracy": 0.5833333134651184, "_wandb": {"runtime": 14}}