{"epoch/accuracy": 0.9791666865348816, "epoch/loss": 0.05923594906926155, "epoch/val_accuracy": 0.875, "epoch/val_loss": 1.4567540884017944, "epoch/epoch": 99, "_timestamp": 1723076298.252639, "_runtime": 15.16907811164856, "_step": 100, "validation_loss": 1.4567540884017944, "validation_accuracy": 0.875, "_wandb": {"runtime": 14}}