{"epoch/accuracy": 0.3958333432674408, "epoch/loss": 1.351893424987793, "epoch/val_accuracy": 0.4166666567325592, "epoch/val_loss": 1.2807189226150513, "epoch/epoch": 299, "_timestamp": 1723099861.7261324, "_runtime": 18.684415340423584, "_step": 300, "validation_loss": 1.2807189226150513, "validation_accuracy": 0.4166666567325592, "_wandb": {"runtime": 18}}