{"epoch/accuracy": 0.34375, "epoch/loss": 1.4157387018203735, "epoch/val_accuracy": 0.5833333134651184, "epoch/val_loss": 1.250832200050354, "epoch/epoch": 69, "_timestamp": 1723086608.1013136, "_runtime": 10.65437364578247, "_step": 70, "validation_loss": 1.250832200050354, "validation_accuracy": 0.5833333134651184, "_wandb": {"runtime": 10}}