{"epoch/accuracy": 0.9791666865348816, "epoch/loss": 0.10234275460243225, "epoch/val_accuracy": 0.9166666865348816, "epoch/val_loss": 0.2922564446926117, "epoch/epoch": 299, "_timestamp": 1723101599.5817285, "_runtime": 18.565427541732788, "_step": 300, "validation_loss": 0.2922564446926117, "validation_accuracy": 0.9166666865348816, "_wandb": {"runtime": 18}}