{"epoch/accuracy": 1.0, "epoch/loss": 0.027080899104475975, "epoch/val_accuracy": 0.9583333134651184, "epoch/val_loss": 0.1077134981751442, "epoch/epoch": 599, "_timestamp": 1723104084.3481512, "_runtime": 29.983874320983887, "_step": 600, "validation_loss": 0.1077134981751442, "validation_accuracy": 0.9583333134651184, "_wandb": {"runtime": 29}}