{"epoch/accuracy": 0.6770833134651184, "epoch/loss": 1.016432285308838, "epoch/val_accuracy": 0.75, "epoch/val_loss": 1.0315543413162231, "epoch/epoch": 69, "_timestamp": 1723076417.5014508, "_runtime": 13.623043775558472, "_step": 70, "validation_loss": 1.0315543413162231, "validation_accuracy": 0.75, "_wandb": {"runtime": 13}}