{"epoch/accuracy": 0.4479166567325592, "epoch/loss": 1.3263431787490845, "epoch/val_accuracy": 0.5833333134651184, "epoch/val_loss": 1.191610336303711, "epoch/epoch": 149, "_timestamp": 1723077587.9590096, "_runtime": 18.424689531326294, "_step": 150, "validation_loss": 1.191610336303711, "validation_accuracy": 0.5833333134651184, "_wandb": {"runtime": 18}}