{"epoch/accuracy": 0.7916666865348816, "epoch/loss": 0.5988166928291321, "epoch/val_accuracy": 0.9166666865348816, "epoch/val_loss": 0.6274740695953369, "epoch/epoch": 49, "_timestamp": 1723083504.2634423, "_runtime": 15.104641199111938, "_step": 50, "validation_loss": 0.6274740695953369, "validation_accuracy": 0.9166666865348816, "_wandb": {"runtime": 14}}