{"epoch/accuracy": 0.96875, "epoch/loss": 0.08858417719602585, "epoch/val_accuracy": 0.9166666865348816, "epoch/val_loss": 0.369159072637558, "epoch/epoch": 99, "_timestamp": 1723111139.722883, "_runtime": 12.670712947845459, "_step": 100, "validation_loss": 0.369159072637558, "validation_accuracy": 0.9166666865348816, "_wandb": {"runtime": 12}}