{"epoch/accuracy": 0.9270833134651184, "epoch/loss": 0.21234440803527832, "epoch/val_accuracy": 0.9166666865348816, "epoch/val_loss": 0.23302225768566132, "epoch/epoch": 599, "_timestamp": 1723084166.9279418, "_runtime": 64.88559675216675, "_step": 600, "validation_loss": 0.23302225768566132, "validation_accuracy": 0.9166666865348816, "_wandb": {"runtime": 63}}