{"epoch/accuracy": 0.9791666865348816, "epoch/loss": 0.06461573392152786, "epoch/val_accuracy": 0.9583333134651184, "epoch/val_loss": 0.9729971289634705, "epoch/epoch": 99, "_timestamp": 1723083407.4872627, "_runtime": 20.807098627090454, "_step": 100, "validation_loss": 0.9729971289634705, "validation_accuracy": 0.9583333134651184, "_wandb": {"runtime": 20}}