{"epoch/accuracy": 1.0, "epoch/loss": 0.0002410203596809879, "epoch/val_accuracy": 0.875, "epoch/val_loss": 1.0733011960983276, "epoch/epoch": 299, "_timestamp": 1723108953.6906557, "_runtime": 19.602040767669678, "_step": 300, "validation_loss": 1.0733011960983276, "validation_accuracy": 0.875, "_wandb": {"runtime": 19}}