{"epoch/accuracy": 0.8229166865348816, "epoch/loss": 0.45500174164772034, "epoch/val_accuracy": 0.9583333134651184, "epoch/val_loss": 0.21454840898513794, "epoch/epoch": 69, "_timestamp": 1723086496.712628, "_runtime": 11.160874843597412, "_step": 70, "validation_loss": 0.21454840898513794, "validation_accuracy": 0.9583333134651184, "_wandb": {"runtime": 10}}