{"epoch/accuracy": 0.5729166865348816, "epoch/loss": 0.9978806376457214, "epoch/val_accuracy": 0.875, "epoch/val_loss": 0.7409822344779968, "epoch/epoch": 299, "_timestamp": 1723084421.7840858, "_runtime": 34.21904468536377, "_step": 300, "validation_loss": 0.7409822344779968, "validation_accuracy": 0.875, "_wandb": {"runtime": 33}}