{"epoch/accuracy": 1.0, "epoch/loss": 0.001018826267682016, "epoch/val_accuracy": 0.9583333134651184, "epoch/val_loss": 0.11241256445646286, "epoch/epoch": 99, "_timestamp": 1723096391.1753192, "_runtime": 12.524768114089966, "_step": 100, "validation_loss": 0.11241256445646286, "validation_accuracy": 0.9583333134651184, "_wandb": {"runtime": 11}}