{"epoch/accuracy": 0.90625, "epoch/loss": 0.37655672430992126, "epoch/val_accuracy": 0.7916666865348816, "epoch/val_loss": 0.48747482895851135, "epoch/epoch": 599, "_timestamp": 1723100448.574667, "_runtime": 28.68551206588745, "_step": 600, "validation_loss": 0.48747482895851135, "validation_accuracy": 0.7916666865348816, "_wandb": {"runtime": 28}}