{"epoch/accuracy": 0.8854166865348816, "epoch/loss": 1.3063193559646606, "epoch/val_accuracy": 0.9583333134651184, "epoch/val_loss": 0.6387180089950562, "epoch/epoch": 29, "_timestamp": 1723075657.3528507, "_runtime": 11.131593704223633, "_step": 30, "validation_loss": 0.6387180089950562, "validation_accuracy": 0.9583333134651184, "_wandb": {"runtime": 10}}