{"epoch/accuracy": 0.96875, "epoch/loss": 10.433303833007812, "epoch/val_accuracy": 0.9583333134651184, "epoch/val_loss": 25.39212989807129, "epoch/epoch": 599, "_timestamp": 1723118136.1945221, "_runtime": 34.949199199676514, "_step": 600, "validation_loss": 25.39212989807129, "validation_accuracy": 0.9583333134651184, "_wandb": {"runtime": 34}}