{"epoch/accuracy": 0.9791666865348816, "epoch/loss": 0.07852298766374588, "epoch/val_accuracy": 0.9166666865348816, "epoch/val_loss": 0.2018200159072876, "epoch/epoch": 49, "_timestamp": 1723078391.5848029, "_runtime": 17.100417852401733, "_step": 50, "validation_loss": 0.2018200159072876, "validation_accuracy": 0.9166666865348816, "_wandb": {"runtime": 16}}