{"epoch/accuracy": 0.6145833134651184, "epoch/loss": 0.9509585499763489, "epoch/val_accuracy": 0.5416666865348816, "epoch/val_loss": 1.1722668409347534, "epoch/epoch": 29, "_timestamp": 1723122268.5755, "_runtime": 20.743062019348145, "_step": 30, "validation_loss": 1.1722668409347534, "validation_accuracy": 0.5416666865348816, "_wandb": {"runtime": 20}}