{"epoch/accuracy": 1.0, "epoch/loss": 0.007393188774585724, "epoch/val_accuracy": 0.9166666865348816, "epoch/val_loss": 0.29081374406814575, "epoch/epoch": 69, "_timestamp": 1723110066.4712284, "_runtime": 10.887948274612427, "_step": 70, "validation_loss": 0.29081374406814575, "validation_accuracy": 0.9166666865348816, "_wandb": {"runtime": 10}}