{"epoch/accuracy": 0.3854166567325592, "epoch/loss": 1.3952287435531616, "epoch/val_accuracy": 0.4583333432674408, "epoch/val_loss": 1.1871074438095093, "epoch/epoch": 299, "_timestamp": 1723118286.3516805, "_runtime": 22.08254361152649, "_step": 300, "validation_loss": 1.1871074438095093, "validation_accuracy": 0.4583333432674408, "_wandb": {"runtime": 21}}