{"epoch/accuracy": 0.9895833134651184, "epoch/loss": 0.03547422215342522, "epoch/val_accuracy": 0.9583333134651184, "epoch/val_loss": 1.1983668804168701, "epoch/epoch": 299, "_timestamp": 1723095358.000548, "_runtime": 18.846503973007202, "_step": 300, "validation_loss": 1.1983668804168701, "validation_accuracy": 0.9583333134651184, "_wandb": {"runtime": 18}}