{"epoch/accuracy": 0.7291666865348816, "epoch/loss": 0.5445067286491394, "epoch/val_accuracy": 0.9583333134651184, "epoch/val_loss": 0.2906670868396759, "epoch/epoch": 149, "_timestamp": 1723078273.860266, "_runtime": 25.234972953796387, "_step": 150, "validation_loss": 0.2906670868396759, "validation_accuracy": 0.9583333134651184, "_wandb": {"runtime": 24}}