{"epoch/accuracy": 0.2604166567325592, "epoch/loss": 1.6660966873168945, "epoch/val_accuracy": 0.2916666567325592, "epoch/val_loss": 1.3716564178466797, "epoch/epoch": 99, "_timestamp": 1723082406.3301919, "_runtime": 20.605535745620728, "_step": 100, "validation_loss": 1.3716564178466797, "validation_accuracy": 0.2916666567325592, "_wandb": {"runtime": 20}}