{"epoch/accuracy": 0.9583333134651184, "epoch/loss": 0.5703049302101135, "epoch/val_accuracy": 0.9166666865348816, "epoch/val_loss": 0.8245646953582764, "epoch/epoch": 29, "_timestamp": 1723118248.6870105, "_runtime": 10.066217422485352, "_step": 30, "validation_loss": 0.8245646953582764, "validation_accuracy": 0.9166666865348816, "_wandb": {"runtime": 9}}