{"epoch/accuracy": 0.4791666567325592, "epoch/loss": 1.1430987119674683, "epoch/val_accuracy": 0.7083333134651184, "epoch/val_loss": 1.0657638311386108, "epoch/epoch": 29, "_timestamp": 1723111612.2422357, "_runtime": 10.216876745223999, "_step": 30, "validation_loss": 1.0657639503479004, "validation_accuracy": 0.7083333134651184, "_wandb": {"runtime": 9}}