{"epoch/accuracy": 0.3958333432674408, "epoch/loss": 1.444331169128418, "epoch/val_accuracy": 0.3333333432674408, "epoch/val_loss": 1.2416273355484009, "epoch/epoch": 99, "_timestamp": 1723113895.948408, "_runtime": 12.758870840072632, "_step": 100, "validation_loss": 1.2416273355484009, "validation_accuracy": 0.3333333432674408, "_wandb": {"runtime": 12}}