{"epoch/accuracy": 1.0, "epoch/loss": 0.025321027263998985, "epoch/val_accuracy": 0.9166666865348816, "epoch/val_loss": 0.2527265250682831, "epoch/epoch": 99, "_timestamp": 1723081856.8534257, "_runtime": 20.349387645721436, "_step": 100, "validation_loss": 0.2527265250682831, "validation_accuracy": 0.9166666865348816, "_wandb": {"runtime": 19}}