{"epoch/accuracy": 1.0, "epoch/loss": 0.00039206459769047797, "epoch/val_accuracy": 0.9583333134651184, "epoch/val_loss": 0.15578718483448029, "epoch/epoch": 149, "_timestamp": 1723080303.1809661, "_runtime": 22.6325740814209, "_step": 150, "validation_loss": 0.15578718483448029, "validation_accuracy": 0.9583333134651184, "_wandb": {"runtime": 22}}