{"epoch/accuracy": 1.0, "epoch/loss": 0.08839838951826096, "epoch/val_accuracy": 0.9583333134651184, "epoch/val_loss": 0.1956825852394104, "epoch/epoch": 149, "_timestamp": 1723096898.2087476, "_runtime": 13.284346580505371, "_step": 150, "validation_loss": 0.1956825852394104, "validation_accuracy": 0.9583333134651184, "_wandb": {"runtime": 12}}