{"epoch/accuracy": 0.2395833283662796, "epoch/loss": 1.826456069946289, "epoch/val_accuracy": 0.2083333283662796, "epoch/val_loss": 1.7493911981582642, "epoch/epoch": 29, "_timestamp": 1723105509.0152874, "_runtime": 10.146980285644531, "_step": 30, "validation_loss": 1.7493911981582642, "validation_accuracy": 0.2083333283662796, "_wandb": {"runtime": 9}}