{"epoch/accuracy": 0.9791666865348816, "epoch/loss": 0.058858226984739304, "epoch/val_accuracy": 0.9166666865348816, "epoch/val_loss": 0.6145570874214172, "epoch/epoch": 99, "_timestamp": 1723080024.0524132, "_runtime": 23.994866132736206, "_step": 100, "validation_loss": 0.6145570874214172, "validation_accuracy": 0.9166666865348816, "_wandb": {"runtime": 23}}