{"epoch/accuracy": 1.0, "epoch/loss": 0.004154995549470186, "epoch/val_accuracy": 0.9583333134651184, "epoch/val_loss": 0.2855183482170105, "epoch/epoch": 599, "_timestamp": 1723087559.655546, "_runtime": 27.808836936950684, "_step": 600, "validation_loss": 0.2855183482170105, "validation_accuracy": 0.9583333134651184, "_wandb": {"runtime": 27}}