{"epoch/accuracy": 1.0, "epoch/loss": 0.0, "epoch/val_accuracy": 0.9583333134651184, "epoch/val_loss": 9.935391426086426, "epoch/epoch": 149, "_timestamp": 1723076161.5772357, "_runtime": 16.635122776031494, "_step": 150, "validation_loss": 9.935391426086426, "validation_accuracy": 0.9583333134651184, "_wandb": {"runtime": 16}}