{"epoch/accuracy": 1.0, "epoch/loss": 0.021902812644839287, "epoch/val_accuracy": 0.9166666865348816, "epoch/val_loss": 0.13053253293037415, "epoch/epoch": 69, "_timestamp": 1723077371.7884994, "_runtime": 12.767829418182373, "_step": 70, "validation_loss": 0.13053253293037415, "validation_accuracy": 0.9166666865348816, "_wandb": {"runtime": 12}}