{"epoch/accuracy": 1.0, "epoch/loss": 0.15632222592830658, "epoch/val_accuracy": 0.9166666865348816, "epoch/val_loss": 0.33636710047721863, "epoch/epoch": 299, "_timestamp": 1723077249.79961, "_runtime": 26.147007942199707, "_step": 300, "validation_loss": 0.33636704087257385, "validation_accuracy": 0.9166666865348816, "_wandb": {"runtime": 25}}