{"epoch/accuracy": 0.8333333134651184, "epoch/loss": 0.43553969264030457, "epoch/val_accuracy": 0.9166666865348816, "epoch/val_loss": 0.25052645802497864, "epoch/epoch": 149, "_timestamp": 1723107693.2733054, "_runtime": 13.326976299285889, "_step": 150, "validation_loss": 0.25052645802497864, "validation_accuracy": 0.9166666865348816, "_wandb": {"runtime": 12}}