{"epoch/accuracy": 0.6770833134651184, "epoch/loss": 0.6582774519920349, "epoch/val_accuracy": 0.6666666865348816, "epoch/val_loss": 0.6245755553245544, "epoch/epoch": 299, "_timestamp": 1723089544.936355, "_runtime": 18.81404209136963, "_step": 300, "validation_loss": 0.6245755553245544, "validation_accuracy": 0.6666666865348816, "_wandb": {"runtime": 18}}