{"epoch/accuracy": 1.0, "epoch/loss": 0.07346291095018387, "epoch/val_accuracy": 0.9166666865348816, "epoch/val_loss": 0.14601561427116394, "epoch/epoch": 49, "_timestamp": 1723092636.2801814, "_runtime": 10.146888494491577, "_step": 50, "validation_loss": 0.14601561427116394, "validation_accuracy": 0.9166666865348816, "_wandb": {"runtime": 9}}