{"epoch/accuracy": 1.0, "epoch/loss": 0.00018335545610170811, "epoch/val_accuracy": 0.9583333134651184, "epoch/val_loss": 1.2885836362838745, "epoch/epoch": 149, "_timestamp": 1723092008.227904, "_runtime": 13.875946044921875, "_step": 150, "validation_loss": 1.2885836362838745, "validation_accuracy": 0.9583333134651184, "_wandb": {"runtime": 13}}