{"epoch/accuracy": 0.9583333134651184, "epoch/loss": 0.16021747887134552, "epoch/val_accuracy": 0.9166666865348816, "epoch/val_loss": 0.3109615445137024, "epoch/epoch": 299, "_timestamp": 1723077640.7532294, "_runtime": 24.11870527267456, "_step": 300, "validation_loss": 0.3109615445137024, "validation_accuracy": 0.9166666865348816, "_wandb": {"runtime": 23}}