{"epoch/accuracy": 0.9583333134651184, "epoch/loss": 1.9453319311141968, "epoch/val_accuracy": 0.9166666865348816, "epoch/val_loss": 4.386495590209961, "epoch/epoch": 69, "_timestamp": 1723106236.4521675, "_runtime": 11.545209407806396, "_step": 70, "validation_loss": 4.386495590209961, "validation_accuracy": 0.9166666865348816, "_wandb": {"runtime": 10}}