{"epoch/accuracy": 0.71875, "epoch/loss": 0.7880242466926575, "epoch/val_accuracy": 0.9583333134651184, "epoch/val_loss": 0.7065261006355286, "epoch/epoch": 29, "_timestamp": 1723111812.7839525, "_runtime": 10.27094054222107, "_step": 30, "validation_loss": 0.7065261006355286, "validation_accuracy": 0.9583333134651184, "_wandb": {"runtime": 9}}