{"epoch/accuracy": 1.0, "epoch/loss": 8.095469092950225e-05, "epoch/val_accuracy": 1.0, "epoch/val_loss": 0.0428340919315815, "epoch/epoch": 599, "_timestamp": 1723091685.3595114, "_runtime": 28.819940328598022, "_step": 600, "validation_loss": 0.0428340919315815, "validation_accuracy": 1.0, "_wandb": {"runtime": 28}}