{"epoch/accuracy": 0.9583333134651184, "epoch/loss": 0.16408078372478485, "epoch/val_accuracy": 0.9583333134651184, "epoch/val_loss": 0.6535273194313049, "epoch/epoch": 99, "_timestamp": 1723092403.9366612, "_runtime": 12.080834150314331, "_step": 100, "validation_loss": 0.6535273194313049, "validation_accuracy": 0.9583333134651184, "_wandb": {"runtime": 11}}