{"epoch/accuracy": 0.6354166865348816, "epoch/loss": 1.0095282793045044, "epoch/val_accuracy": 0.6666666865348816, "epoch/val_loss": 1.0553535223007202, "epoch/epoch": 149, "_timestamp": 1723096624.042521, "_runtime": 14.362237930297852, "_step": 150, "validation_loss": 1.0553535223007202, "validation_accuracy": 0.6666666865348816, "_wandb": {"runtime": 13}}