{"epoch/accuracy": 0.9895833134651184, "epoch/loss": 0.2002376765012741, "epoch/val_accuracy": 0.9166666865348816, "epoch/val_loss": 1.3574333190917969, "epoch/epoch": 49, "_timestamp": 1723108427.0113819, "_runtime": 10.124896764755249, "_step": 50, "validation_loss": 1.3574333190917969, "validation_accuracy": 0.9166666865348816, "_wandb": {"runtime": 9}}