{"epoch/accuracy": 0.6875, "epoch/loss": 0.8671666979789734, "epoch/val_accuracy": 0.875, "epoch/val_loss": 0.6833877563476562, "epoch/epoch": 49, "_timestamp": 1723097804.7120078, "_runtime": 11.18633484840393, "_step": 50, "validation_loss": 0.6833877563476562, "validation_accuracy": 0.875, "_wandb": {"runtime": 10}}