{"epoch/accuracy": 1.0, "epoch/loss": 0.0006919560837559402, "epoch/val_accuracy": 0.9166666865348816, "epoch/val_loss": 0.5880138874053955, "epoch/epoch": 69, "_timestamp": 1723088320.2244225, "_runtime": 11.646142482757568, "_step": 70, "validation_loss": 0.5880138874053955, "validation_accuracy": 0.9166666865348816, "_wandb": {"runtime": 10}}