{"epoch/accuracy": 1.0, "epoch/loss": 0.004835283849388361, "epoch/val_accuracy": 0.9583333134651184, "epoch/val_loss": 0.2447948455810547, "epoch/epoch": 149, "_timestamp": 1723093467.020071, "_runtime": 13.640861988067627, "_step": 150, "validation_loss": 0.2447948455810547, "validation_accuracy": 0.9583333134651184, "_wandb": {"runtime": 13}}