{"epoch/accuracy": 0.6666666865348816, "epoch/loss": 1.0044711828231812, "epoch/val_accuracy": 0.75, "epoch/val_loss": 1.0461758375167847, "epoch/epoch": 29, "_timestamp": 1723079678.6827748, "_runtime": 15.61247968673706, "_step": 30, "validation_loss": 1.0461758375167847, "validation_accuracy": 0.75, "_wandb": {"runtime": 15}}