{"epoch/accuracy": 0.6979166865348816, "epoch/loss": 0.9987743496894836, "epoch/val_accuracy": 0.6666666865348816, "epoch/val_loss": 1.0712839365005493, "epoch/epoch": 49, "_timestamp": 1723105913.1714196, "_runtime": 10.183595657348633, "_step": 50, "validation_loss": 1.0712839365005493, "validation_accuracy": 0.6666666865348816, "_wandb": {"runtime": 9}}