{"epoch/accuracy": 0.28125, "epoch/loss": 1.5021666288375854, "epoch/val_accuracy": 0.4166666567325592, "epoch/val_loss": 1.4205360412597656, "epoch/epoch": 99, "_timestamp": 1723119599.7866852, "_runtime": 18.072440147399902, "_step": 100, "validation_loss": 1.4205360412597656, "validation_accuracy": 0.4166666567325592, "_wandb": {"runtime": 17}}