{"epoch/accuracy": 0.9791666865348816, "epoch/loss": 7.948380947113037, "epoch/val_accuracy": 0.9166666865348816, "epoch/val_loss": 27.08652687072754, "epoch/epoch": 69, "_timestamp": 1723078779.1859734, "_runtime": 19.801350355148315, "_step": 70, "validation_loss": 27.08652687072754, "validation_accuracy": 0.9166666865348816, "_wandb": {"runtime": 19}}