{"epoch/accuracy": 0.9166666865348816, "epoch/loss": 0.65781569480896, "epoch/val_accuracy": 0.875, "epoch/val_loss": 0.2843921184539795, "epoch/epoch": 299, "_timestamp": 1723083722.1483064, "_runtime": 36.11045026779175, "_step": 300, "validation_loss": 0.2843921184539795, "validation_accuracy": 0.875, "_wandb": {"runtime": 35}}