{"epoch/accuracy": 0.9270833134651184, "epoch/loss": 0.17021234333515167, "epoch/val_accuracy": 0.9166666865348816, "epoch/val_loss": 0.1395232230424881, "epoch/epoch": 69, "_timestamp": 1723115437.5923927, "_runtime": 10.867307662963867, "_step": 70, "validation_loss": 0.1395232230424881, "validation_accuracy": 0.9166666865348816, "_wandb": {"runtime": 10}}