{"epoch/accuracy": 1.0, "epoch/loss": 0.0333096869289875, "epoch/val_accuracy": 0.9583333134651184, "epoch/val_loss": 0.14365261793136597, "epoch/epoch": 149, "_timestamp": 1723095061.2038116, "_runtime": 13.27897572517395, "_step": 150, "validation_loss": 0.14365261793136597, "validation_accuracy": 0.9583333134651184, "_wandb": {"runtime": 12}}