{"epoch/accuracy": 0.9270833134651184, "epoch/loss": 1.7504935264587402, "epoch/val_accuracy": 1.0, "epoch/val_loss": 0.000804202922154218, "epoch/epoch": 99, "_timestamp": 1723095638.9090066, "_runtime": 11.819819688796997, "_step": 100, "validation_loss": 0.000804202922154218, "validation_accuracy": 1.0, "_wandb": {"runtime": 11}}