{"epoch/accuracy": 0.3645833432674408, "epoch/loss": 1.4074846506118774, "epoch/val_accuracy": 0.2916666567325592, "epoch/val_loss": 1.4821170568466187, "epoch/epoch": 69, "_timestamp": 1723086199.2354386, "_runtime": 11.016990661621094, "_step": 70, "validation_loss": 1.4821170568466187, "validation_accuracy": 0.2916666567325592, "_wandb": {"runtime": 10}}