{"epoch/accuracy": 1.0, "epoch/loss": 0.008920378051698208, "epoch/val_accuracy": 0.9583333134651184, "epoch/val_loss": 0.23071803152561188, "epoch/epoch": 69, "_timestamp": 1723102394.5667083, "_runtime": 11.159142255783081, "_step": 70, "validation_loss": 0.23071803152561188, "validation_accuracy": 0.9583333134651184, "_wandb": {"runtime": 10}}