{"epoch/accuracy": 0.875, "epoch/loss": 0.43699607253074646, "epoch/val_accuracy": 0.9166666865348816, "epoch/val_loss": 1.881629467010498, "epoch/epoch": 599, "_timestamp": 1723088933.440212, "_runtime": 29.545797109603882, "_step": 600, "validation_loss": 1.8816293478012085, "validation_accuracy": 0.9166666865348816, "_wandb": {"runtime": 29}}