{"epoch/accuracy": 0.59375, "epoch/loss": 0.8456608653068542, "epoch/val_accuracy": 0.7916666865348816, "epoch/val_loss": 0.5958787798881531, "epoch/epoch": 149, "_timestamp": 1723111550.0052617, "_runtime": 13.983936548233032, "_step": 150, "validation_loss": 0.5958787798881531, "validation_accuracy": 0.7916666865348816, "_wandb": {"runtime": 13}}