{"epoch/accuracy": 1.0, "epoch/loss": 0.0007983706891536713, "epoch/val_accuracy": 0.9166666865348816, "epoch/val_loss": 0.15943056344985962, "epoch/epoch": 149, "_timestamp": 1723118360.2517023, "_runtime": 15.516652345657349, "_step": 150, "validation_loss": 0.15943056344985962, "validation_accuracy": 0.9166666865348816, "_wandb": {"runtime": 15}}