{"epoch/accuracy": 0.9375, "epoch/loss": 0.10071009397506714, "epoch/val_accuracy": 0.9166666865348816, "epoch/val_loss": 0.24756062030792236, "epoch/epoch": 599, "_timestamp": 1723101897.1397905, "_runtime": 30.163492441177368, "_step": 600, "validation_loss": 0.24756062030792236, "validation_accuracy": 0.9166666865348816, "_wandb": {"runtime": 29}}