{"epoch/accuracy": 0.9895833134651184, "epoch/loss": 0.06355094164609909, "epoch/val_accuracy": 0.9583333134651184, "epoch/val_loss": 0.1427767127752304, "epoch/epoch": 49, "_timestamp": 1723107584.4305003, "_runtime": 10.934820175170898, "_step": 50, "validation_loss": 0.1427767127752304, "validation_accuracy": 0.9583333134651184, "_wandb": {"runtime": 10}}