{"epoch/accuracy": 0.9895833134651184, "epoch/loss": 0.009861457161605358, "epoch/val_accuracy": 1.0, "epoch/val_loss": 6.45716440317301e-08, "epoch/epoch": 99, "_timestamp": 1723112612.0310636, "_runtime": 12.996490478515625, "_step": 100, "validation_loss": 6.45716440317301e-08, "validation_accuracy": 1.0, "_wandb": {"runtime": 12}}