{"epoch/accuracy": 0.9895833134651184, "epoch/loss": 0.030378432944417, "epoch/val_accuracy": 0.9166666865348816, "epoch/val_loss": 0.5835592746734619, "epoch/epoch": 599, "_timestamp": 1723084967.5364056, "_runtime": 31.822316646575928, "_step": 600, "validation_loss": 0.5835592746734619, "validation_accuracy": 0.9166666865348816, "_wandb": {"runtime": 31}}