{"epoch/accuracy": 0.9270833134651184, "epoch/loss": 0.16488811373710632, "epoch/val_accuracy": 0.9583333134651184, "epoch/val_loss": 0.09351971745491028, "epoch/epoch": 29, "_timestamp": 1723119371.930807, "_runtime": 12.72510313987732, "_step": 30, "validation_loss": 0.09351972490549088, "validation_accuracy": 0.9583333134651184, "_wandb": {"runtime": 12}}