{"epoch/accuracy": 0.9479166865348816, "epoch/loss": 0.3199637234210968, "epoch/val_accuracy": 0.9583333134651184, "epoch/val_loss": 0.27549856901168823, "epoch/epoch": 69, "_timestamp": 1723104010.7147372, "_runtime": 11.683301210403442, "_step": 70, "validation_loss": 0.27549856901168823, "validation_accuracy": 0.9583333134651184, "_wandb": {"runtime": 11}}