{"epoch/accuracy": 0.8020833134651184, "epoch/loss": 0.48625192046165466, "epoch/val_accuracy": 0.875, "epoch/val_loss": 0.2828539311885834, "epoch/epoch": 149, "_timestamp": 1723097684.9193108, "_runtime": 14.098980903625488, "_step": 150, "validation_loss": 0.2828539311885834, "validation_accuracy": 0.875, "_wandb": {"runtime": 13}}