{"epoch/accuracy": 0.9895833134651184, "epoch/loss": 0.16407044231891632, "epoch/val_accuracy": 0.9583333134651184, "epoch/val_loss": 2.8910725116729736, "epoch/epoch": 599, "_timestamp": 1723105450.2930512, "_runtime": 28.639551162719727, "_step": 600, "validation_loss": 2.8910725116729736, "validation_accuracy": 0.9583333134651184, "_wandb": {"runtime": 28}}