{"epoch/accuracy": 0.375, "epoch/loss": 1.7022379636764526, "epoch/val_accuracy": 0.5833333134651184, "epoch/val_loss": 1.1581544876098633, "epoch/epoch": 29, "_timestamp": 1723082621.988834, "_runtime": 15.697083950042725, "_step": 30, "validation_loss": 1.1581544876098633, "validation_accuracy": 0.5833333134651184, "_wandb": {"runtime": 14}}