{"epoch/accuracy": 0.9791666865348816, "epoch/loss": 0.6174370646476746, "epoch/val_accuracy": 1.0, "epoch/val_loss": 0.009401501156389713, "epoch/epoch": 99, "_timestamp": 1723118654.1607249, "_runtime": 15.653525829315186, "_step": 100, "validation_loss": 0.009401502087712288, "validation_accuracy": 1.0, "_wandb": {"runtime": 15}}