{"epoch/accuracy": 0.9895833134651184, "epoch/loss": 0.043390970677137375, "epoch/val_accuracy": 0.9583333134651184, "epoch/val_loss": 0.07480893284082413, "epoch/epoch": 299, "_timestamp": 1723087411.3699021, "_runtime": 18.465342044830322, "_step": 300, "validation_loss": 0.07480893284082413, "validation_accuracy": 0.9583333134651184, "_wandb": {"runtime": 18}}