{"epoch/accuracy": 1.0, "epoch/loss": 0.0014047141885384917, "epoch/val_accuracy": 0.875, "epoch/val_loss": 2.5141334533691406, "epoch/epoch": 149, "_timestamp": 1723111592.0979214, "_runtime": 14.874614477157593, "_step": 150, "validation_loss": 2.5141334533691406, "validation_accuracy": 0.875, "_wandb": {"runtime": 14}}