{"epoch/accuracy": 0.3645833432674408, "epoch/loss": 1.3222163915634155, "epoch/val_accuracy": 0.5833333134651184, "epoch/val_loss": 1.234063982963562, "epoch/epoch": 29, "_timestamp": 1723104580.8568094, "_runtime": 10.151053428649902, "_step": 30, "validation_loss": 1.234063982963562, "validation_accuracy": 0.5833333134651184, "_wandb": {"runtime": 9}}