{"epoch/accuracy": 0.2916666567325592, "epoch/loss": 1.6085538864135742, "epoch/val_accuracy": 0.5, "epoch/val_loss": 1.3495817184448242, "epoch/epoch": 599, "_timestamp": 1723112264.75482, "_runtime": 29.697463035583496, "_step": 600, "validation_loss": 1.3495817184448242, "validation_accuracy": 0.5, "_wandb": {"runtime": 29}}