{"epoch/accuracy": 1.0, "epoch/loss": 0.04758116230368614, "epoch/val_accuracy": 0.9166666865348816, "epoch/val_loss": 0.23774750530719757, "epoch/epoch": 299, "_timestamp": 1723091098.9520671, "_runtime": 19.323365211486816, "_step": 300, "validation_loss": 0.23774750530719757, "validation_accuracy": 0.9166666865348816, "_wandb": {"runtime": 18}}