{"epoch/accuracy": 0.3645833432674408, "epoch/loss": 1.3013359308242798, "epoch/val_accuracy": 0.2916666567325592, "epoch/val_loss": 1.208168387413025, "epoch/epoch": 29, "_timestamp": 1723114076.6645315, "_runtime": 9.466290473937988, "_step": 30, "validation_loss": 1.208168387413025, "validation_accuracy": 0.2916666567325592, "_wandb": {"runtime": 9}}