{"epoch/accuracy": 1.0, "epoch/loss": 4.903106400888646e-06, "epoch/val_accuracy": 0.9583333134651184, "epoch/val_loss": 0.135855033993721, "epoch/epoch": 149, "_timestamp": 1723102459.3417985, "_runtime": 14.203877449035645, "_step": 150, "validation_loss": 0.135855033993721, "validation_accuracy": 0.9583333134651184, "_wandb": {"runtime": 13}}