{"epoch/accuracy": 0.9895833134651184, "epoch/loss": 0.019414125010371208, "epoch/val_accuracy": 0.9583333134651184, "epoch/val_loss": 0.11207299679517746, "epoch/epoch": 69, "_timestamp": 1723113143.218402, "_runtime": 11.714416027069092, "_step": 70, "validation_loss": 0.11207299679517746, "validation_accuracy": 0.9583333134651184, "_wandb": {"runtime": 11}}