{"epoch/accuracy": 1.0, "epoch/loss": 0.0011597905540838838, "epoch/val_accuracy": 0.9583333134651184, "epoch/val_loss": 0.13332493603229523, "epoch/epoch": 49, "_timestamp": 1723095595.6685095, "_runtime": 9.984683513641357, "_step": 50, "validation_loss": 0.13332492113113403, "validation_accuracy": 0.9583333134651184, "_wandb": {"runtime": 9}}