{"epoch/accuracy": 0.5104166865348816, "epoch/loss": 1.1045953035354614, "epoch/val_accuracy": 0.6666666865348816, "epoch/val_loss": 0.6691327095031738, "epoch/epoch": 49, "_timestamp": 1723077081.1946015, "_runtime": 12.249384641647339, "_step": 50, "validation_loss": 0.6691327095031738, "validation_accuracy": 0.6666666865348816, "_wandb": {"runtime": 11}}