{"epoch/accuracy": 0.8645833134651184, "epoch/loss": 0.6297057271003723, "epoch/val_accuracy": 0.75, "epoch/val_loss": 0.7777026295661926, "epoch/epoch": 299, "_timestamp": 1723120476.7708898, "_runtime": 54.59995365142822, "_step": 300, "validation_loss": 0.7777026295661926, "validation_accuracy": 0.75, "_wandb": {"runtime": 54}}