{"epoch/accuracy": 1.0, "epoch/loss": 0.05893285945057869, "epoch/val_accuracy": 0.9583333134651184, "epoch/val_loss": 0.14441350102424622, "epoch/epoch": 69, "_timestamp": 1723096761.8440561, "_runtime": 10.7778000831604, "_step": 70, "validation_loss": 0.14441350102424622, "validation_accuracy": 0.9583333134651184, "_wandb": {"runtime": 10}}