{"epoch/accuracy": 0.78125, "epoch/loss": 0.6148583889007568, "epoch/val_accuracy": 0.8333333134651184, "epoch/val_loss": 0.5450992584228516, "epoch/epoch": 99, "_timestamp": 1723085252.3807065, "_runtime": 13.420278549194336, "_step": 100, "validation_loss": 0.5450992584228516, "validation_accuracy": 0.8333333134651184, "_wandb": {"runtime": 13}}