{"epoch/accuracy": 1.0, "epoch/loss": 0.0009656853508204222, "epoch/val_accuracy": 0.9583333134651184, "epoch/val_loss": 0.1284290999174118, "epoch/epoch": 149, "_timestamp": 1723092982.3128388, "_runtime": 13.627425909042358, "_step": 150, "validation_loss": 0.1284290999174118, "validation_accuracy": 0.9583333134651184, "_wandb": {"runtime": 13}}