{"epoch/accuracy": 0.9895833134651184, "epoch/loss": 0.07400555908679962, "epoch/val_accuracy": 0.9583333134651184, "epoch/val_loss": 0.18635956943035126, "epoch/epoch": 49, "_timestamp": 1723110375.6926434, "_runtime": 10.702181339263916, "_step": 50, "validation_loss": 0.18635956943035126, "validation_accuracy": 0.9583333134651184, "_wandb": {"runtime": 10}}