{"epoch/accuracy": 0.3125, "epoch/loss": 1.4514294862747192, "epoch/val_accuracy": 0.4583333432674408, "epoch/val_loss": 1.226163387298584, "epoch/epoch": 99, "_timestamp": 1723108296.7916715, "_runtime": 12.612781524658203, "_step": 100, "validation_loss": 1.226163387298584, "validation_accuracy": 0.4583333432674408, "_wandb": {"runtime": 12}}