{"epoch/accuracy": 0.2708333432674408, "epoch/loss": 1.6528171300888062, "epoch/val_accuracy": 0.2083333283662796, "epoch/val_loss": 1.3562164306640625, "epoch/epoch": 29, "_timestamp": 1723118032.3000398, "_runtime": 10.169262886047363, "_step": 30, "validation_loss": 1.3562164306640625, "validation_accuracy": 0.2083333283662796, "_wandb": {"runtime": 9}}