{"epoch/accuracy": 0.9166666865348816, "epoch/loss": 0.2657965123653412, "epoch/val_accuracy": 1.0, "epoch/val_loss": 0.05418941751122475, "epoch/epoch": 299, "_timestamp": 1723111059.6784513, "_runtime": 19.521425247192383, "_step": 300, "validation_loss": 0.05418941751122475, "validation_accuracy": 1.0, "_wandb": {"runtime": 19}}