{"epoch/accuracy": 1.0, "epoch/loss": 0.01672784425318241, "epoch/val_accuracy": 0.9583333134651184, "epoch/val_loss": 0.15371905267238617, "epoch/epoch": 299, "_timestamp": 1723101656.7967157, "_runtime": 19.501441717147827, "_step": 300, "validation_loss": 0.15371905267238617, "validation_accuracy": 0.9583333134651184, "_wandb": {"runtime": 19}}