{"epoch/accuracy": 1.0, "epoch/loss": 0.0025944672524929047, "epoch/val_accuracy": 0.9166666865348816, "epoch/val_loss": 0.520740807056427, "epoch/epoch": 299, "_timestamp": 1723077351.6397574, "_runtime": 27.00753951072693, "_step": 300, "validation_loss": 0.5207408666610718, "validation_accuracy": 0.9166666865348816, "_wandb": {"runtime": 26}}