{"epoch/accuracy": 0.9791666865348816, "epoch/loss": 0.21771259605884552, "epoch/val_accuracy": 0.9166666865348816, "epoch/val_loss": 0.38271355628967285, "epoch/epoch": 29, "_timestamp": 1723095038.1119258, "_runtime": 10.06789779663086, "_step": 30, "validation_loss": 0.38271355628967285, "validation_accuracy": 0.9166666865348816, "_wandb": {"runtime": 9}}