{"epoch/accuracy": 1.0, "epoch/loss": 0.008978672325611115, "epoch/val_accuracy": 0.9166666865348816, "epoch/val_loss": 0.18784081935882568, "epoch/epoch": 99, "_timestamp": 1723119811.7534878, "_runtime": 19.31614375114441, "_step": 100, "validation_loss": 0.18784081935882568, "validation_accuracy": 0.9166666865348816, "_wandb": {"runtime": 18}}