{"epoch/accuracy": 0.5208333134651184, "epoch/loss": 0.9747457504272461, "epoch/val_accuracy": 0.5416666865348816, "epoch/val_loss": 1.0450584888458252, "epoch/epoch": 299, "_timestamp": 1723101344.9199657, "_runtime": 19.99394965171814, "_step": 300, "validation_loss": 1.0450584888458252, "validation_accuracy": 0.5416666865348816, "_wandb": {"runtime": 19}}