{"epoch/accuracy": 0.9791666865348816, "epoch/loss": 0.22090770304203033, "epoch/val_accuracy": 0.9583333134651184, "epoch/val_loss": 0.15316247940063477, "epoch/epoch": 149, "_timestamp": 1723116224.8536842, "_runtime": 14.610627174377441, "_step": 150, "validation_loss": 0.15316247940063477, "validation_accuracy": 0.9583333134651184, "_wandb": {"runtime": 14}}