{"epoch/accuracy": 0.90625, "epoch/loss": 0.5525537133216858, "epoch/val_accuracy": 0.875, "epoch/val_loss": 0.6362451910972595, "epoch/epoch": 49, "_timestamp": 1723107899.0984657, "_runtime": 10.1992666721344, "_step": 50, "validation_loss": 0.6362451910972595, "validation_accuracy": 0.875, "_wandb": {"runtime": 9}}