{"epoch/accuracy": 0.25, "epoch/loss": 1.8736222982406616, "epoch/val_accuracy": 0.25, "epoch/val_loss": 1.4270182847976685, "epoch/epoch": 149, "_timestamp": 1723099105.1498132, "_runtime": 14.302034139633179, "_step": 150, "validation_loss": 1.4270182847976685, "validation_accuracy": 0.25, "_wandb": {"runtime": 13}}