{"epoch/accuracy": 0.5, "epoch/loss": 1.0903629064559937, "epoch/val_accuracy": 0.875, "epoch/val_loss": 0.8689499497413635, "epoch/epoch": 299, "_timestamp": 1723113938.8277373, "_runtime": 19.389044284820557, "_step": 300, "validation_loss": 0.8689499497413635, "validation_accuracy": 0.875, "_wandb": {"runtime": 19}}