{"epoch/accuracy": 0.9791666865348816, "epoch/loss": 0.05411217734217644, "epoch/val_accuracy": 0.9166666865348816, "epoch/val_loss": 0.2604611814022064, "epoch/epoch": 149, "_timestamp": 1723117617.332833, "_runtime": 15.624305963516235, "_step": 150, "validation_loss": 0.2604611814022064, "validation_accuracy": 0.9166666865348816, "_wandb": {"runtime": 15}}