{"epoch/accuracy": 0.8854166865348816, "epoch/loss": 0.8357672095298767, "epoch/val_accuracy": 1.0, "epoch/val_loss": 0.023781398311257362, "epoch/epoch": 49, "_timestamp": 1723108408.4099922, "_runtime": 10.4240403175354, "_step": 50, "validation_loss": 0.023781398311257362, "validation_accuracy": 1.0, "_wandb": {"runtime": 10}}