{"epoch/accuracy": 0.5833333134651184, "epoch/loss": 0.7958763241767883, "epoch/val_accuracy": 0.625, "epoch/val_loss": 0.7283563613891602, "epoch/epoch": 69, "_timestamp": 1723104865.8663435, "_runtime": 11.872016429901123, "_step": 70, "validation_loss": 0.7283563613891602, "validation_accuracy": 0.625, "_wandb": {"runtime": 11}}