{"epoch/accuracy": 1.0, "epoch/loss": 0.010003842413425446, "epoch/val_accuracy": 0.9583333134651184, "epoch/val_loss": 0.1994968205690384, "epoch/epoch": 49, "_timestamp": 1723103034.489742, "_runtime": 10.783812999725342, "_step": 50, "validation_loss": 0.1994968056678772, "validation_accuracy": 0.9583333134651184, "_wandb": {"runtime": 10}}