{"epoch/accuracy": 0.9479166865348816, "epoch/loss": 0.32629361748695374, "epoch/val_accuracy": 0.8333333134651184, "epoch/val_loss": 0.5126867890357971, "epoch/epoch": 49, "_timestamp": 1723084091.2884219, "_runtime": 15.487571954727173, "_step": 50, "validation_loss": 0.5126867890357971, "validation_accuracy": 0.8333333134651184, "_wandb": {"runtime": 15}}