{"epoch/accuracy": 0.6979166865348816, "epoch/loss": 0.8627047538757324, "epoch/val_accuracy": 0.7916666865348816, "epoch/val_loss": 0.8448140025138855, "epoch/epoch": 69, "_timestamp": 1723102628.816309, "_runtime": 10.963581085205078, "_step": 70, "validation_loss": 0.8448140025138855, "validation_accuracy": 0.7916666865348816, "_wandb": {"runtime": 10}}