{"epoch/accuracy": 1.0, "epoch/loss": 0.11362204700708389, "epoch/val_accuracy": 0.9583333134651184, "epoch/val_loss": 0.2031494379043579, "epoch/epoch": 599, "_timestamp": 1723096716.63804, "_runtime": 29.558820009231567, "_step": 600, "validation_loss": 0.2031494379043579, "validation_accuracy": 0.9583333134651184, "_wandb": {"runtime": 29}}