{"epoch/accuracy": 1.0, "epoch/loss": 0.004273138474673033, "epoch/val_accuracy": 0.9583333134651184, "epoch/val_loss": 0.09953466802835464, "epoch/epoch": 299, "_timestamp": 1723084660.1706927, "_runtime": 20.168442726135254, "_step": 300, "validation_loss": 0.09953466802835464, "validation_accuracy": 0.9583333134651184, "_wandb": {"runtime": 19}}