{"epoch/accuracy": 0.4791666567325592, "epoch/loss": 1.0451359748840332, "epoch/val_accuracy": 0.4166666567325592, "epoch/val_loss": 0.931067705154419, "epoch/epoch": 299, "_timestamp": 1723089209.3163502, "_runtime": 18.31141233444214, "_step": 300, "validation_loss": 0.931067705154419, "validation_accuracy": 0.4166666567325592, "_wandb": {"runtime": 17}}