{"epoch/accuracy": 0.8854166865348816, "epoch/loss": 0.45863667130470276, "epoch/val_accuracy": 0.6666666865348816, "epoch/val_loss": 0.6542783379554749, "epoch/epoch": 69, "_timestamp": 1723100164.8003032, "_runtime": 11.529266119003296, "_step": 70, "validation_loss": 0.6542783379554749, "validation_accuracy": 0.6666666865348816, "_wandb": {"runtime": 10}}