{"epoch/accuracy": 0.875, "epoch/loss": 0.4247756898403168, "epoch/val_accuracy": 0.7916666865348816, "epoch/val_loss": 0.5718255043029785, "epoch/epoch": 29, "_timestamp": 1723105332.085254, "_runtime": 9.429800987243652, "_step": 30, "validation_loss": 0.5718255043029785, "validation_accuracy": 0.7916666865348816, "_wandb": {"runtime": 8}}