{"epoch/accuracy": 1.0, "epoch/loss": 0.04092557355761528, "epoch/val_accuracy": 0.9583333134651184, "epoch/val_loss": 0.17158566415309906, "epoch/epoch": 299, "_timestamp": 1723121511.1258612, "_runtime": 50.849833250045776, "_step": 300, "validation_loss": 0.17158567905426025, "validation_accuracy": 0.9583333134651184, "_wandb": {"runtime": 50}}