{"epoch/accuracy": 1.0, "epoch/loss": 0.0, "epoch/val_accuracy": 0.9166666865348816, "epoch/val_loss": 3.2878313064575195, "epoch/epoch": 599, "_timestamp": 1723119544.7625759, "_runtime": 44.13253378868103, "_step": 600, "validation_loss": 3.2878313064575195, "validation_accuracy": 0.9166666865348816, "_wandb": {"runtime": 43}}