{"epoch/accuracy": 0.2708333432674408, "epoch/loss": 1.5685936212539673, "epoch/val_accuracy": 0.5416666865348816, "epoch/val_loss": 1.2207778692245483, "epoch/epoch": 599, "_timestamp": 1723099773.2211702, "_runtime": 27.782133102416992, "_step": 600, "validation_loss": 1.2207778692245483, "validation_accuracy": 0.5416666865348816, "_wandb": {"runtime": 27}}