{"epoch/accuracy": 0.9270833134651184, "epoch/loss": 1.1993091106414795, "epoch/val_accuracy": 0.8333333134651184, "epoch/val_loss": 3.4216649532318115, "epoch/epoch": 69, "_timestamp": 1723081457.061177, "_runtime": 18.39032793045044, "_step": 70, "validation_loss": 3.4216649532318115, "validation_accuracy": 0.8333333134651184, "_wandb": {"runtime": 17}}