{"epoch/accuracy": 0.8854166865348816, "epoch/loss": 0.6441360116004944, "epoch/val_accuracy": 0.875, "epoch/val_loss": 0.7289819717407227, "epoch/epoch": 29, "_timestamp": 1723084246.1893623, "_runtime": 12.298570394515991, "_step": 30, "validation_loss": 0.7289819717407227, "validation_accuracy": 0.875, "_wandb": {"runtime": 11}}