{"epoch/accuracy": 0.96875, "epoch/loss": 0.7115964293479919, "epoch/val_accuracy": 1.0, "epoch/val_loss": 4.773065938934451e-06, "epoch/epoch": 149, "_timestamp": 1723077464.0472991, "_runtime": 16.186601161956787, "_step": 150, "validation_loss": 4.773065938934451e-06, "validation_accuracy": 1.0, "_wandb": {"runtime": 15}}