{"epoch/accuracy": 0.34375, "epoch/loss": 1.4139713048934937, "epoch/val_accuracy": 0.4166666567325592, "epoch/val_loss": 1.295763373374939, "epoch/epoch": 29, "_timestamp": 1723117225.8092413, "_runtime": 10.160541296005249, "_step": 30, "validation_loss": 1.295763373374939, "validation_accuracy": 0.4166666567325592, "_wandb": {"runtime": 9}}