{"epoch/accuracy": 0.96875, "epoch/loss": 0.08203586935997009, "epoch/val_accuracy": 0.9166666865348816, "epoch/val_loss": 0.206159308552742, "epoch/epoch": 599, "_timestamp": 1723080639.7880611, "_runtime": 58.509770154953, "_step": 600, "validation_loss": 0.206159308552742, "validation_accuracy": 0.9166666865348816, "_wandb": {"runtime": 58}}