{"epoch/accuracy": 1.0, "epoch/loss": 0.004119427874684334, "epoch/val_accuracy": 0.9583333134651184, "epoch/val_loss": 0.05036282166838646, "epoch/epoch": 149, "_timestamp": 1723076564.76966, "_runtime": 15.973278045654297, "_step": 150, "validation_loss": 0.05036282166838646, "validation_accuracy": 0.9583333134651184, "_wandb": {"runtime": 15}}