{"epoch/accuracy": 0.9791666865348816, "epoch/loss": 0.07570508867502213, "epoch/val_accuracy": 0.9583333134651184, "epoch/val_loss": 0.08356177061796188, "epoch/epoch": 49, "_timestamp": 1723108796.5154402, "_runtime": 11.400033235549927, "_step": 50, "validation_loss": 0.08356177061796188, "validation_accuracy": 0.9583333134651184, "_wandb": {"runtime": 11}}