{"epoch/accuracy": 0.9583333134651184, "epoch/loss": 0.14277704060077667, "epoch/val_accuracy": 0.9166666865348816, "epoch/val_loss": 0.2383251190185547, "epoch/epoch": 69, "_timestamp": 1723113667.1420043, "_runtime": 10.72362232208252, "_step": 70, "validation_loss": 0.2383251190185547, "validation_accuracy": 0.9166666865348816, "_wandb": {"runtime": 10}}