{"epoch/accuracy": 0.4479166567325592, "epoch/loss": 1.1913429498672485, "epoch/val_accuracy": 0.5833333134651184, "epoch/val_loss": 0.8909835815429688, "epoch/epoch": 29, "_timestamp": 1723081197.7219486, "_runtime": 14.921966552734375, "_step": 30, "validation_loss": 0.8909835815429688, "validation_accuracy": 0.5833333134651184, "_wandb": {"runtime": 14}}