{"epoch/accuracy": 0.9583333134651184, "epoch/loss": 0.14105452597141266, "epoch/val_accuracy": 0.9583333134651184, "epoch/val_loss": 0.27023524045944214, "epoch/epoch": 69, "_timestamp": 1723096101.7809412, "_runtime": 10.596652269363403, "_step": 70, "validation_loss": 0.27023524045944214, "validation_accuracy": 0.9583333134651184, "_wandb": {"runtime": 10}}