{"epoch/accuracy": 0.9583333134651184, "epoch/loss": 0.11315438896417618, "epoch/val_accuracy": 0.9166666865348816, "epoch/val_loss": 0.34761843085289, "epoch/epoch": 599, "_timestamp": 1723109600.5299656, "_runtime": 29.35964870452881, "_step": 600, "validation_loss": 0.34761843085289, "validation_accuracy": 0.9166666865348816, "_wandb": {"runtime": 28}}