{"epoch/accuracy": 0.53125, "epoch/loss": 1.103397011756897, "epoch/val_accuracy": 0.5, "epoch/val_loss": 1.0969164371490479, "epoch/epoch": 29, "_timestamp": 1723091845.125898, "_runtime": 9.186800956726074, "_step": 30, "validation_loss": 1.0969165563583374, "validation_accuracy": 0.5, "_wandb": {"runtime": 8}}