{"epoch/accuracy": 0.9895833134651184, "epoch/loss": 0.032922226935625076, "epoch/val_accuracy": 0.875, "epoch/val_loss": 1.074722409248352, "epoch/epoch": 69, "_timestamp": 1723109866.4616966, "_runtime": 10.709307670593262, "_step": 70, "validation_loss": 1.074722409248352, "validation_accuracy": 0.875, "_wandb": {"runtime": 10}}