{"epoch/accuracy": 0.8020833134651184, "epoch/loss": 6.497278213500977, "epoch/val_accuracy": 0.9166666865348816, "epoch/val_loss": 0.6497039794921875, "epoch/epoch": 29, "_timestamp": 1723094079.6600745, "_runtime": 9.548925399780273, "_step": 30, "validation_loss": 0.6497039794921875, "validation_accuracy": 0.9166666865348816, "_wandb": {"runtime": 9}}