{"epoch/accuracy": 0.3854166567325592, "epoch/loss": 1.7054572105407715, "epoch/val_accuracy": 0.4583333432674408, "epoch/val_loss": 1.4201377630233765, "epoch/epoch": 49, "_timestamp": 1723108815.8547509, "_runtime": 10.73811388015747, "_step": 50, "validation_loss": 1.4201377630233765, "validation_accuracy": 0.4583333432674408, "_wandb": {"runtime": 10}}