{"epoch/accuracy": 0.5729166865348816, "epoch/loss": 1.3432890176773071, "epoch/val_accuracy": 0.75, "epoch/val_loss": 0.7016844749450684, "epoch/epoch": 49, "_timestamp": 1723078084.3930366, "_runtime": 15.432806491851807, "_step": 50, "validation_loss": 0.7016844749450684, "validation_accuracy": 0.75, "_wandb": {"runtime": 15}}