{"epoch/accuracy": 1.0, "epoch/loss": 0.0, "epoch/val_accuracy": 0.9583333134651184, "epoch/val_loss": 24.257774353027344, "epoch/epoch": 149, "_timestamp": 1723077151.5959516, "_runtime": 16.671573638916016, "_step": 150, "validation_loss": 24.257774353027344, "validation_accuracy": 0.9583333134651184, "_wandb": {"runtime": 16}}