{"epoch/accuracy": 0.90625, "epoch/loss": 0.2440953254699707, "epoch/val_accuracy": 0.9583333134651184, "epoch/val_loss": 0.20918285846710205, "epoch/epoch": 29, "_timestamp": 1723088580.970122, "_runtime": 9.272180080413818, "_step": 30, "validation_loss": 0.20918285846710205, "validation_accuracy": 0.9583333134651184, "_wandb": {"runtime": 8}}