{"epoch/accuracy": 1.0, "epoch/loss": 0.010769234038889408, "epoch/val_accuracy": 0.9583333134651184, "epoch/val_loss": 0.24799512326717377, "epoch/epoch": 149, "_timestamp": 1723107361.4209304, "_runtime": 14.027004480361938, "_step": 150, "validation_loss": 0.24799512326717377, "validation_accuracy": 0.9583333134651184, "_wandb": {"runtime": 13}}