{"epoch/accuracy": 0.8541666865348816, "epoch/loss": 1.3344441652297974, "epoch/val_accuracy": 0.875, "epoch/val_loss": 0.3527112305164337, "epoch/epoch": 69, "_timestamp": 1723114035.0617518, "_runtime": 12.613027811050415, "_step": 70, "validation_loss": 0.3527112305164337, "validation_accuracy": 0.875, "_wandb": {"runtime": 11}}