{"epoch/accuracy": 0.9895833134651184, "epoch/loss": 0.04165879264473915, "epoch/val_accuracy": 0.9583333134651184, "epoch/val_loss": 0.21171927452087402, "epoch/epoch": 149, "_timestamp": 1723118403.375373, "_runtime": 14.994295835494995, "_step": 150, "validation_loss": 0.21171927452087402, "validation_accuracy": 0.9583333134651184, "_wandb": {"runtime": 14}}