{"epoch/accuracy": 0.9166666865348816, "epoch/loss": 0.4592779576778412, "epoch/val_accuracy": 0.875, "epoch/val_loss": 0.5928510427474976, "epoch/epoch": 29, "_timestamp": 1723118716.0955658, "_runtime": 11.631081819534302, "_step": 30, "validation_loss": 0.5928510427474976, "validation_accuracy": 0.875, "_wandb": {"runtime": 11}}