{"epoch/accuracy": 0.96875, "epoch/loss": 0.1250295490026474, "epoch/val_accuracy": 0.9166666865348816, "epoch/val_loss": 0.4492543637752533, "epoch/epoch": 299, "_timestamp": 1723080068.8765583, "_runtime": 34.97502326965332, "_step": 300, "validation_loss": 0.4492543637752533, "validation_accuracy": 0.9166666865348816, "_wandb": {"runtime": 34}}