{"epoch/accuracy": 1.0, "epoch/loss": 0.00013021643098909408, "epoch/val_accuracy": 0.9166666865348816, "epoch/val_loss": 3.002338409423828, "epoch/epoch": 299, "_timestamp": 1723102070.1846006, "_runtime": 18.929043531417847, "_step": 300, "validation_loss": 3.002338409423828, "validation_accuracy": 0.9166666865348816, "_wandb": {"runtime": 18}}