{"epoch/accuracy": 0.9479166865348816, "epoch/loss": 0.2160930037498474, "epoch/val_accuracy": 0.9166666865348816, "epoch/val_loss": 0.229357048869133, "epoch/epoch": 29, "_timestamp": 1723087776.8800914, "_runtime": 9.431280374526978, "_step": 30, "validation_loss": 0.229357048869133, "validation_accuracy": 0.9166666865348816, "_wandb": {"runtime": 9}}