{"epoch/accuracy": 0.4479166567325592, "epoch/loss": 1.1929408311843872, "epoch/val_accuracy": 0.5833333134651184, "epoch/val_loss": 1.1455780267715454, "epoch/epoch": 49, "_timestamp": 1723095458.526014, "_runtime": 10.090434074401855, "_step": 50, "validation_loss": 1.1455780267715454, "validation_accuracy": 0.5833333134651184, "_wandb": {"runtime": 9}}