{"epoch/accuracy": 0.8125, "epoch/loss": 0.7717044949531555, "epoch/val_accuracy": 0.8333333134651184, "epoch/val_loss": 0.832270622253418, "epoch/epoch": 299, "_timestamp": 1723085842.856701, "_runtime": 21.385933876037598, "_step": 300, "validation_loss": 0.832270622253418, "validation_accuracy": 0.8333333134651184, "_wandb": {"runtime": 21}}