{"epoch/accuracy": 0.9583333134651184, "epoch/loss": 0.13652127981185913, "epoch/val_accuracy": 0.9583333134651184, "epoch/val_loss": 0.9613258242607117, "epoch/epoch": 69, "_timestamp": 1723097589.5557544, "_runtime": 11.492472410202026, "_step": 70, "validation_loss": 0.9613258242607117, "validation_accuracy": 0.9583333134651184, "_wandb": {"runtime": 10}}