{"epoch/accuracy": 1.0, "epoch/loss": 2.7316307296132436e-06, "epoch/val_accuracy": 0.9583333134651184, "epoch/val_loss": 0.12734514474868774, "epoch/epoch": 69, "_timestamp": 1723087290.6399035, "_runtime": 10.254582643508911, "_step": 70, "validation_loss": 0.12734514474868774, "validation_accuracy": 0.9583333134651184, "_wandb": {"runtime": 9}}