{"epoch/accuracy": 0.9791666865348816, "epoch/loss": 0.07770897448062897, "epoch/val_accuracy": 0.9166666865348816, "epoch/val_loss": 0.19907884299755096, "epoch/epoch": 149, "_timestamp": 1723083755.7767837, "_runtime": 24.16005277633667, "_step": 150, "validation_loss": 0.19907884299755096, "validation_accuracy": 0.9166666865348816, "_wandb": {"runtime": 23}}