{"epoch/accuracy": 0.2291666716337204, "epoch/loss": 1.927223563194275, "epoch/val_accuracy": 0.2916666567325592, "epoch/val_loss": 1.3760786056518555, "epoch/epoch": 99, "_timestamp": 1723106836.106719, "_runtime": 12.78057312965393, "_step": 100, "validation_loss": 1.3760786056518555, "validation_accuracy": 0.2916666567325592, "_wandb": {"runtime": 12}}