{"epoch/accuracy": 1.0, "epoch/loss": 0.0036208287347108126, "epoch/val_accuracy": 0.9583333134651184, "epoch/val_loss": 0.9610118269920349, "epoch/epoch": 149, "_timestamp": 1723102316.147787, "_runtime": 13.668668031692505, "_step": 150, "validation_loss": 0.9610118269920349, "validation_accuracy": 0.9583333134651184, "_wandb": {"runtime": 13}}