{"epoch/accuracy": 1.0, "epoch/loss": 9.815826342673972e-05, "epoch/val_accuracy": 0.9583333134651184, "epoch/val_loss": 0.5545452237129211, "epoch/epoch": 299, "_timestamp": 1723085358.6054184, "_runtime": 20.72001552581787, "_step": 300, "validation_loss": 0.5545452237129211, "validation_accuracy": 0.9583333134651184, "_wandb": {"runtime": 20}}