{"epoch/accuracy": 1.0, "epoch/loss": 0.08597544580698013, "epoch/val_accuracy": 0.9583333134651184, "epoch/val_loss": 0.17816579341888428, "epoch/epoch": 149, "_timestamp": 1723112460.1254003, "_runtime": 14.499561309814453, "_step": 150, "validation_loss": 0.17816579341888428, "validation_accuracy": 0.9583333134651184, "_wandb": {"runtime": 14}}