{"epoch/accuracy": 0.9479166865348816, "epoch/loss": 0.14132754504680634, "epoch/val_accuracy": 0.9166666865348816, "epoch/val_loss": 0.24452005326747894, "epoch/epoch": 299, "_timestamp": 1723104437.121478, "_runtime": 19.234280109405518, "_step": 300, "validation_loss": 0.24452005326747894, "validation_accuracy": 0.9166666865348816, "_wandb": {"runtime": 18}}