{"epoch/accuracy": 0.8020833134651184, "epoch/loss": 0.4445532262325287, "epoch/val_accuracy": 0.9583333134651184, "epoch/val_loss": 0.18211673200130463, "epoch/epoch": 149, "_timestamp": 1723109624.6870706, "_runtime": 14.053634643554688, "_step": 150, "validation_loss": 0.18211674690246582, "validation_accuracy": 0.9583333134651184, "_wandb": {"runtime": 13}}