{"epoch/accuracy": 1.0, "epoch/loss": 0.0021728731226176023, "epoch/val_accuracy": 0.9583333134651184, "epoch/val_loss": 0.13999147713184357, "epoch/epoch": 69, "_timestamp": 1723115155.2425404, "_runtime": 11.845827341079712, "_step": 70, "validation_loss": 0.13999147713184357, "validation_accuracy": 0.9583333134651184, "_wandb": {"runtime": 11}}