{"epoch/accuracy": 0.8125, "epoch/loss": 0.48664507269859314, "epoch/val_accuracy": 0.9583333134651184, "epoch/val_loss": 0.3340787887573242, "epoch/epoch": 29, "_timestamp": 1723116548.938693, "_runtime": 9.919100999832153, "_step": 30, "validation_loss": 0.3340787887573242, "validation_accuracy": 0.9583333134651184, "_wandb": {"runtime": 9}}