{"epoch/accuracy": 1.0, "epoch/loss": 0.0007438539178110659, "epoch/val_accuracy": 0.9583333134651184, "epoch/val_loss": 0.214491069316864, "epoch/epoch": 599, "_timestamp": 1723118181.922535, "_runtime": 34.729711055755615, "_step": 600, "validation_loss": 0.214491069316864, "validation_accuracy": 0.9583333134651184, "_wandb": {"runtime": 34}}