{"epoch/accuracy": 0.46875, "epoch/loss": 1.1781634092330933, "epoch/val_accuracy": 0.7083333134651184, "epoch/val_loss": 1.1568652391433716, "epoch/epoch": 49, "_timestamp": 1723098734.2878377, "_runtime": 10.017756700515747, "_step": 50, "validation_loss": 1.1568652391433716, "validation_accuracy": 0.7083333134651184, "_wandb": {"runtime": 9}}