{"epoch/accuracy": 0.2291666716337204, "epoch/loss": 1.6180685758590698, "epoch/val_accuracy": 0.125, "epoch/val_loss": 1.39762544631958, "epoch/epoch": 299, "_timestamp": 1723105615.6382535, "_runtime": 19.02616834640503, "_step": 300, "validation_loss": 1.39762544631958, "validation_accuracy": 0.125, "_wandb": {"runtime": 18}}