{"epoch/accuracy": 0.6979166865348816, "epoch/loss": 0.8724530339241028, "epoch/val_accuracy": 0.6666666865348816, "epoch/val_loss": 0.9914171695709229, "epoch/epoch": 29, "_timestamp": 1723096932.7866046, "_runtime": 10.193432569503784, "_step": 30, "validation_loss": 0.9914171695709229, "validation_accuracy": 0.6666666865348816, "_wandb": {"runtime": 9}}