{"epoch/accuracy": 0.7395833134651184, "epoch/loss": 2.747600555419922, "epoch/val_accuracy": 0.875, "epoch/val_loss": 0.3669184148311615, "epoch/epoch": 29, "_timestamp": 1723104157.6361582, "_runtime": 10.391006231307983, "_step": 30, "validation_loss": 0.3669184148311615, "validation_accuracy": 0.875, "_wandb": {"runtime": 9}}