{"epoch/accuracy": 0.3125, "epoch/loss": 1.19979989528656, "epoch/val_accuracy": 0.3333333432674408, "epoch/val_loss": 0.9806084632873535, "epoch/epoch": 149, "_timestamp": 1723097187.6750026, "_runtime": 15.31788158416748, "_step": 150, "validation_loss": 0.9806084036827087, "validation_accuracy": 0.3333333432674408, "_wandb": {"runtime": 14}}