{"epoch/accuracy": 0.9895833134651184, "epoch/loss": 0.02390441484749317, "epoch/val_accuracy": 0.9166666865348816, "epoch/val_loss": 0.1963963508605957, "epoch/epoch": 149, "_timestamp": 1723100102.2197807, "_runtime": 14.014013767242432, "_step": 150, "validation_loss": 0.1963963508605957, "validation_accuracy": 0.9166666865348816, "_wandb": {"runtime": 13}}