{"epoch/accuracy": 0.9583333134651184, "epoch/loss": 0.15088705718517303, "epoch/val_accuracy": 0.9166666865348816, "epoch/val_loss": 0.23433692753314972, "epoch/epoch": 49, "_timestamp": 1723081919.8658583, "_runtime": 16.92013430595398, "_step": 50, "validation_loss": 0.23433692753314972, "validation_accuracy": 0.9166666865348816, "_wandb": {"runtime": 16}}