{"epoch/accuracy": 0.5208333134651184, "epoch/loss": 1.0746424198150635, "epoch/val_accuracy": 0.75, "epoch/val_loss": 1.0017021894454956, "epoch/epoch": 149, "_timestamp": 1723085088.787674, "_runtime": 14.306055068969727, "_step": 150, "validation_loss": 1.0017021894454956, "validation_accuracy": 0.75, "_wandb": {"runtime": 13}}