{"epoch/accuracy": 0.9895833134651184, "epoch/loss": 0.0856778621673584, "epoch/val_accuracy": 0.9166666865348816, "epoch/val_loss": 0.20386622846126556, "epoch/epoch": 69, "_timestamp": 1723101545.4047983, "_runtime": 10.853057384490967, "_step": 70, "validation_loss": 0.20386624336242676, "validation_accuracy": 0.9166666865348816, "_wandb": {"runtime": 10}}