{"epoch/accuracy": 0.9479166865348816, "epoch/loss": 0.1191525086760521, "epoch/val_accuracy": 0.9166666865348816, "epoch/val_loss": 0.2728029191493988, "epoch/epoch": 599, "_timestamp": 1723120806.2707818, "_runtime": 79.17558574676514, "_step": 600, "validation_loss": 0.2728029191493988, "validation_accuracy": 0.9166666865348816, "_wandb": {"runtime": 78}}