{"epoch/accuracy": 0.9583333134651184, "epoch/loss": 0.14775417745113373, "epoch/val_accuracy": 0.9583333134651184, "epoch/val_loss": 0.09895797818899155, "epoch/epoch": 29, "_timestamp": 1723102705.9252572, "_runtime": 10.021809101104736, "_step": 30, "validation_loss": 0.09895797818899155, "validation_accuracy": 0.9583333134651184, "_wandb": {"runtime": 9}}