{"epoch/accuracy": 1.0, "epoch/loss": 0.0003951408143620938, "epoch/val_accuracy": 0.9583333134651184, "epoch/val_loss": 0.07690650969743729, "epoch/epoch": 599, "_timestamp": 1723107566.3585362, "_runtime": 29.518936157226562, "_step": 600, "validation_loss": 0.07690650969743729, "validation_accuracy": 0.9583333134651184, "_wandb": {"runtime": 29}}