{"epoch/accuracy": 0.84375, "epoch/loss": 0.2949056327342987, "epoch/val_accuracy": 0.9583333134651184, "epoch/val_loss": 0.1333174705505371, "epoch/epoch": 69, "_timestamp": 1723076966.534099, "_runtime": 12.828988075256348, "_step": 70, "validation_loss": 0.1333174705505371, "validation_accuracy": 0.9583333134651184, "_wandb": {"runtime": 12}}