{"epoch/accuracy": 0.9270833134651184, "epoch/loss": 0.21121466159820557, "epoch/val_accuracy": 0.9166666865348816, "epoch/val_loss": 0.21672900021076202, "epoch/epoch": 149, "_timestamp": 1723085666.9251885, "_runtime": 15.395379543304443, "_step": 150, "validation_loss": 0.21672900021076202, "validation_accuracy": 0.9166666865348816, "_wandb": {"runtime": 15}}