{"epoch/accuracy": 0.9895833134651184, "epoch/loss": 0.019339410588145256, "epoch/val_accuracy": 0.9583333134651184, "epoch/val_loss": 0.12716741859912872, "epoch/epoch": 29, "_timestamp": 1723114289.4838245, "_runtime": 10.223974466323853, "_step": 30, "validation_loss": 0.12716741859912872, "validation_accuracy": 0.9583333134651184, "_wandb": {"runtime": 9}}