{"epoch/accuracy": 0.9583333134651184, "epoch/loss": 0.11118713021278381, "epoch/val_accuracy": 0.9583333134651184, "epoch/val_loss": 0.28685903549194336, "epoch/epoch": 599, "_timestamp": 1723083474.132222, "_runtime": 57.755090951919556, "_step": 600, "validation_loss": 0.28685903549194336, "validation_accuracy": 0.9583333134651184, "_wandb": {"runtime": 57}}