{"epoch/accuracy": 0.7291666865348816, "epoch/loss": 1.051650047302246, "epoch/val_accuracy": 0.5833333134651184, "epoch/val_loss": 1.1654249429702759, "epoch/epoch": 49, "_timestamp": 1723114919.9395502, "_runtime": 11.134294271469116, "_step": 50, "validation_loss": 1.1654249429702759, "validation_accuracy": 0.5833333134651184, "_wandb": {"runtime": 10}}