{"epoch/accuracy": 0.2291666716337204, "epoch/loss": 1.3312894105911255, "epoch/val_accuracy": 0.25, "epoch/val_loss": 1.329599142074585, "epoch/epoch": 599, "_timestamp": 1723100404.3899748, "_runtime": 30.24804186820984, "_step": 600, "validation_loss": 1.329599142074585, "validation_accuracy": 0.25, "_wandb": {"runtime": 29}}