{"epoch/accuracy": 0.9791666865348816, "epoch/loss": 0.056780025362968445, "epoch/val_accuracy": 0.9166666865348816, "epoch/val_loss": 0.5657108426094055, "epoch/epoch": 69, "_timestamp": 1723122237.3506067, "_runtime": 26.868321657180786, "_step": 70, "validation_loss": 0.5657108426094055, "validation_accuracy": 0.9166666865348816, "_wandb": {"runtime": 22}}