{"epoch/accuracy": 0.9791666865348816, "epoch/loss": 7.534133434295654, "epoch/val_accuracy": 0.9166666865348816, "epoch/val_loss": 5.73913049697876, "epoch/epoch": 149, "_timestamp": 1723116112.8303082, "_runtime": 14.461202144622803, "_step": 150, "validation_loss": 5.73913049697876, "validation_accuracy": 0.9166666865348816, "_wandb": {"runtime": 14}}