{"epoch/accuracy": 0.625, "epoch/loss": 1.0243251323699951, "epoch/val_accuracy": 0.8333333134651184, "epoch/val_loss": 0.9481049180030823, "epoch/epoch": 49, "_timestamp": 1723119729.2757318, "_runtime": 14.121602773666382, "_step": 50, "validation_loss": 0.9481050372123718, "validation_accuracy": 0.8333333134651184, "_wandb": {"runtime": 13}}