{"epoch/accuracy": 1.0, "epoch/loss": 0.007753097917884588, "epoch/val_accuracy": 0.9583333134651184, "epoch/val_loss": 0.2071336954832077, "epoch/epoch": 599, "_timestamp": 1723102986.9414685, "_runtime": 29.77124857902527, "_step": 600, "validation_loss": 0.2071336954832077, "validation_accuracy": 0.9583333134651184, "_wandb": {"runtime": 29}}