{"epoch/accuracy": 0.9791666865348816, "epoch/loss": 0.4045994281768799, "epoch/val_accuracy": 0.9166666865348816, "epoch/val_loss": 3.620666265487671, "epoch/epoch": 49, "_timestamp": 1723103509.9923618, "_runtime": 10.884486675262451, "_step": 50, "validation_loss": 3.620666265487671, "validation_accuracy": 0.9166666865348816, "_wandb": {"runtime": 10}}