{"epoch/accuracy": 1.0, "epoch/loss": 0.004177052993327379, "epoch/val_accuracy": 0.9583333134651184, "epoch/val_loss": 0.2608158588409424, "epoch/epoch": 99, "_timestamp": 1723104499.9225223, "_runtime": 11.790823221206665, "_step": 100, "validation_loss": 0.2608158588409424, "validation_accuracy": 0.9583333134651184, "_wandb": {"runtime": 11}}