{"epoch/accuracy": 0.7604166865348816, "epoch/loss": 0.7159817814826965, "epoch/val_accuracy": 0.625, "epoch/val_loss": 0.894493579864502, "epoch/epoch": 299, "_timestamp": 1723104207.1580956, "_runtime": 19.257002592086792, "_step": 300, "validation_loss": 0.894493579864502, "validation_accuracy": 0.625, "_wandb": {"runtime": 18}}