{"epoch/accuracy": 0.9270833134651184, "epoch/loss": 0.23651719093322754, "epoch/val_accuracy": 0.9166666865348816, "epoch/val_loss": 0.24162448942661285, "epoch/epoch": 149, "_timestamp": 1723114739.2195878, "_runtime": 14.51472282409668, "_step": 150, "validation_loss": 0.24162448942661285, "validation_accuracy": 0.9166666865348816, "_wandb": {"runtime": 14}}