{"epoch/accuracy": 0.8958333134651184, "epoch/loss": 0.30457377433776855, "epoch/val_accuracy": 0.9166666865348816, "epoch/val_loss": 0.25643619894981384, "epoch/epoch": 149, "_timestamp": 1723082471.531523, "_runtime": 24.397222995758057, "_step": 150, "validation_loss": 0.25643619894981384, "validation_accuracy": 0.9166666865348816, "_wandb": {"runtime": 24}}