{"epoch/accuracy": 1.0, "epoch/loss": 0.0004092490125913173, "epoch/val_accuracy": 0.9583333134651184, "epoch/val_loss": 0.19833338260650635, "epoch/epoch": 299, "_timestamp": 1723094529.4661171, "_runtime": 19.127230167388916, "_step": 300, "validation_loss": 0.19833338260650635, "validation_accuracy": 0.9583333134651184, "_wandb": {"runtime": 18}}