{"epoch/accuracy": 1.0, "epoch/loss": 0.023442691192030907, "epoch/val_accuracy": 0.9583333134651184, "epoch/val_loss": 0.12957997620105743, "epoch/epoch": 29, "_timestamp": 1723083005.4002633, "_runtime": 14.679628372192383, "_step": 30, "validation_loss": 0.12957997620105743, "validation_accuracy": 0.9583333134651184, "_wandb": {"runtime": 14}}