{"epoch/accuracy": 0.7604166865348816, "epoch/loss": 0.8206205368041992, "epoch/val_accuracy": 0.7083333134651184, "epoch/val_loss": 0.8549498915672302, "epoch/epoch": 49, "_timestamp": 1723096989.2717288, "_runtime": 11.006395816802979, "_step": 50, "validation_loss": 0.8549498915672302, "validation_accuracy": 0.7083333134651184, "_wandb": {"runtime": 10}}