{"epoch/accuracy": 1.0, "epoch/loss": 0.0008245000499300659, "epoch/val_accuracy": 0.9166666865348816, "epoch/val_loss": 0.7346780896186829, "epoch/epoch": 149, "_timestamp": 1723117925.0502687, "_runtime": 15.553035736083984, "_step": 150, "validation_loss": 0.7346780896186829, "validation_accuracy": 0.9166666865348816, "_wandb": {"runtime": 14}}