{"epoch/accuracy": 0.9479166865348816, "epoch/loss": 0.4939347803592682, "epoch/val_accuracy": 0.875, "epoch/val_loss": 5.113058567047119, "epoch/epoch": 49, "_timestamp": 1723096003.6032765, "_runtime": 10.361389398574829, "_step": 50, "validation_loss": 5.113058567047119, "validation_accuracy": 0.875, "_wandb": {"runtime": 9}}