{"epoch/accuracy": 1.0, "epoch/loss": 0.00017606071196496487, "epoch/val_accuracy": 0.9166666865348816, "epoch/val_loss": 0.16579684615135193, "epoch/epoch": 149, "_timestamp": 1723117562.9941363, "_runtime": 15.762503385543823, "_step": 150, "validation_loss": 0.16579686105251312, "validation_accuracy": 0.9166666865348816, "_wandb": {"runtime": 15}}