{"epoch/accuracy": 1.0, "epoch/loss": 0.00897215586155653, "epoch/val_accuracy": 0.9583333134651184, "epoch/val_loss": 0.11064580082893372, "epoch/epoch": 49, "_timestamp": 1723119677.7067776, "_runtime": 13.736246585845947, "_step": 50, "validation_loss": 0.11064580082893372, "validation_accuracy": 0.9583333134651184, "_wandb": {"runtime": 13}}