{"epoch/accuracy": 0.9583333134651184, "epoch/loss": 0.10329268127679825, "epoch/val_accuracy": 0.9583333134651184, "epoch/val_loss": 0.1321442574262619, "epoch/epoch": 99, "_timestamp": 1723098674.3206115, "_runtime": 12.262900590896606, "_step": 100, "validation_loss": 0.1321442574262619, "validation_accuracy": 0.9583333134651184, "_wandb": {"runtime": 11}}