{"epoch/accuracy": 1.0, "epoch/loss": 0.014525371603667736, "epoch/val_accuracy": 0.9583333134651184, "epoch/val_loss": 0.17864890396595, "epoch/epoch": 29, "_timestamp": 1723099917.7964678, "_runtime": 9.250979661941528, "_step": 30, "validation_loss": 0.17864890396595, "validation_accuracy": 0.9583333134651184, "_wandb": {"runtime": 8}}