{"epoch/accuracy": 0.9895833134651184, "epoch/loss": 0.0387781597673893, "epoch/val_accuracy": 0.9583333134651184, "epoch/val_loss": 0.18705804646015167, "epoch/epoch": 99, "_timestamp": 1723087614.6153803, "_runtime": 11.283313274383545, "_step": 100, "validation_loss": 0.18705804646015167, "validation_accuracy": 0.9583333134651184, "_wandb": {"runtime": 10}}