{"epoch/accuracy": 0.9895833134651184, "epoch/loss": 0.3239833414554596, "epoch/val_accuracy": 0.9166666865348816, "epoch/val_loss": 15.507481575012207, "epoch/epoch": 599, "_timestamp": 1723077439.5879424, "_runtime": 39.30298924446106, "_step": 600, "validation_loss": 15.507481575012207, "validation_accuracy": 0.9166666865348816, "_wandb": {"runtime": 38}}