{"epoch/accuracy": 1.0, "epoch/loss": 0.01035197451710701, "epoch/val_accuracy": 0.9583333134651184, "epoch/val_loss": 0.11798176169395447, "epoch/epoch": 599, "_timestamp": 1723113017.7032073, "_runtime": 28.249512195587158, "_step": 600, "validation_loss": 0.11798176169395447, "validation_accuracy": 0.9583333134651184, "_wandb": {"runtime": 27}}