{"epoch/accuracy": 1.0, "epoch/loss": 0.004798950161784887, "epoch/val_accuracy": 0.9583333134651184, "epoch/val_loss": 0.1170983836054802, "epoch/epoch": 299, "_timestamp": 1723100515.3233018, "_runtime": 19.029818773269653, "_step": 300, "validation_loss": 0.1170983836054802, "validation_accuracy": 0.9583333134651184, "_wandb": {"runtime": 18}}