{"epoch/accuracy": 0.7395833134651184, "epoch/loss": 0.7220640182495117, "epoch/val_accuracy": 0.7916666865348816, "epoch/val_loss": 0.7589753270149231, "epoch/epoch": 49, "_timestamp": 1723098065.5764294, "_runtime": 10.019347429275513, "_step": 50, "validation_loss": 0.7589753270149231, "validation_accuracy": 0.7916666865348816, "_wandb": {"runtime": 9}}