{"epoch/accuracy": 0.9895833134651184, "epoch/loss": 0.6005284786224365, "epoch/val_accuracy": 0.9166666865348816, "epoch/val_loss": 0.6449183821678162, "epoch/epoch": 49, "_timestamp": 1723096532.7374, "_runtime": 10.017266988754272, "_step": 50, "validation_loss": 0.6449183821678162, "validation_accuracy": 0.9166666865348816, "_wandb": {"runtime": 9}}