{"epoch/accuracy": 1.0, "epoch/loss": 0.005828286055475473, "epoch/val_accuracy": 0.9166666865348816, "epoch/val_loss": 1.1546956300735474, "epoch/epoch": 299, "_timestamp": 1723114872.5602121, "_runtime": 18.98418402671814, "_step": 300, "validation_loss": 1.1546956300735474, "validation_accuracy": 0.9166666865348816, "_wandb": {"runtime": 18}}