{"epoch/accuracy": 0.9895833134651184, "epoch/loss": 0.025389494374394417, "epoch/val_accuracy": 0.9166666865348816, "epoch/val_loss": 0.25758180022239685, "epoch/epoch": 49, "_timestamp": 1723089059.4159884, "_runtime": 10.78261947631836, "_step": 50, "validation_loss": 0.25758180022239685, "validation_accuracy": 0.9166666865348816, "_wandb": {"runtime": 10}}