{"epoch/accuracy": 0.9270833134651184, "epoch/loss": 0.13250668346881866, "epoch/val_accuracy": 0.875, "epoch/val_loss": 0.3768087923526764, "epoch/epoch": 149, "_timestamp": 1723089696.8170195, "_runtime": 13.281788349151611, "_step": 150, "validation_loss": 0.3768087923526764, "validation_accuracy": 0.875, "_wandb": {"runtime": 12}}