{"epoch/accuracy": 0.625, "epoch/loss": 0.9554967880249023, "epoch/val_accuracy": 0.7083333134651184, "epoch/val_loss": 0.8263475298881531, "epoch/epoch": 69, "_timestamp": 1723087737.7390158, "_runtime": 11.062087774276733, "_step": 70, "validation_loss": 0.8263475298881531, "validation_accuracy": 0.7083333134651184, "_wandb": {"runtime": 10}}