{"epoch/accuracy": 0.3645833432674408, "epoch/loss": 1.349281907081604, "epoch/val_accuracy": 0.4583333432674408, "epoch/val_loss": 1.1846567392349243, "epoch/epoch": 69, "_timestamp": 1723094962.4648118, "_runtime": 11.598960876464844, "_step": 70, "validation_loss": 1.1846567392349243, "validation_accuracy": 0.4583333432674408, "_wandb": {"runtime": 11}}