{"epoch/accuracy": 0.875, "epoch/loss": 0.44409188628196716, "epoch/val_accuracy": 0.9166666865348816, "epoch/val_loss": 0.40389466285705566, "epoch/epoch": 49, "_timestamp": 1723109298.1303144, "_runtime": 10.112724304199219, "_step": 50, "validation_loss": 0.40389466285705566, "validation_accuracy": 0.9166666865348816, "_wandb": {"runtime": 9}}