{"epoch/accuracy": 0.8645833134651184, "epoch/loss": 0.3475330173969269, "epoch/val_accuracy": 0.9166666865348816, "epoch/val_loss": 0.14985038340091705, "epoch/epoch": 299, "_timestamp": 1723108633.9633555, "_runtime": 18.362424612045288, "_step": 300, "validation_loss": 0.14985038340091705, "validation_accuracy": 0.9166666865348816, "_wandb": {"runtime": 18}}