{"epoch/accuracy": 1.0, "epoch/loss": 0.002163548721000552, "epoch/val_accuracy": 0.9583333134651184, "epoch/val_loss": 0.2229640632867813, "epoch/epoch": 299, "_timestamp": 1723084742.0326319, "_runtime": 20.294439792633057, "_step": 300, "validation_loss": 0.2229640632867813, "validation_accuracy": 0.9583333134651184, "_wandb": {"runtime": 19}}