{"epoch/accuracy": 0.96875, "epoch/loss": 0.07369495183229446, "epoch/val_accuracy": 0.9583333134651184, "epoch/val_loss": 0.12761645019054413, "epoch/epoch": 29, "_timestamp": 1723108037.484896, "_runtime": 10.328240871429443, "_step": 30, "validation_loss": 0.12761645019054413, "validation_accuracy": 0.9583333134651184, "_wandb": {"runtime": 9}}