{"epoch/accuracy": 0.9791666865348816, "epoch/loss": 0.6009895205497742, "epoch/val_accuracy": 0.875, "epoch/val_loss": 13.814858436584473, "epoch/epoch": 149, "_timestamp": 1723090336.7134678, "_runtime": 13.855578899383545, "_step": 150, "validation_loss": 13.814858436584473, "validation_accuracy": 0.875, "_wandb": {"runtime": 13}}