{"epoch/accuracy": 0.46875, "epoch/loss": 1.0746521949768066, "epoch/val_accuracy": 0.375, "epoch/val_loss": 5.686931610107422, "epoch/epoch": 99, "_timestamp": 1723099290.2530077, "_runtime": 12.073439598083496, "_step": 100, "validation_loss": 5.686931610107422, "validation_accuracy": 0.375, "_wandb": {"runtime": 11}}