{"epoch/accuracy": 0.7083333134651184, "epoch/loss": 0.7382326126098633, "epoch/val_accuracy": 0.875, "epoch/val_loss": 0.6868317723274231, "epoch/epoch": 599, "_timestamp": 1723093022.4323766, "_runtime": 32.495980739593506, "_step": 600, "validation_loss": 0.6868317723274231, "validation_accuracy": 0.875, "_wandb": {"runtime": 32}}