{"epoch/accuracy": 0.3541666567325592, "epoch/loss": 1.3685423135757446, "epoch/val_accuracy": 0.2083333283662796, "epoch/val_loss": 1.448523998260498, "epoch/epoch": 29, "_timestamp": 1723104883.1059656, "_runtime": 10.009341716766357, "_step": 30, "validation_loss": 1.448523998260498, "validation_accuracy": 0.2083333283662796, "_wandb": {"runtime": 9}}