{"epoch/accuracy": 0.9791666865348816, "epoch/loss": 0.041416000574827194, "epoch/val_accuracy": 0.9583333134651184, "epoch/val_loss": 0.17246882617473602, "epoch/epoch": 49, "_timestamp": 1723086327.225685, "_runtime": 9.84761381149292, "_step": 50, "validation_loss": 0.17246884107589722, "validation_accuracy": 0.9583333134651184, "_wandb": {"runtime": 9}}