{"epoch/accuracy": 0.6041666865348816, "epoch/loss": 1.0240923166275024, "epoch/val_accuracy": 0.7083333134651184, "epoch/val_loss": 1.0005728006362915, "epoch/epoch": 299, "_timestamp": 1723098869.769884, "_runtime": 19.033973217010498, "_step": 300, "validation_loss": 1.0005728006362915, "validation_accuracy": 0.7083333134651184, "_wandb": {"runtime": 18}}