{"epoch/accuracy": 0.5833333134651184, "epoch/loss": 0.8591477870941162, "epoch/val_accuracy": 0.5, "epoch/val_loss": 0.8142573833465576, "epoch/epoch": 599, "_timestamp": 1723109281.143478, "_runtime": 28.164520025253296, "_step": 600, "validation_loss": 0.8142573833465576, "validation_accuracy": 0.5, "_wandb": {"runtime": 27}}