{"epoch/accuracy": 0.9895833134651184, "epoch/loss": 0.02215433120727539, "epoch/val_accuracy": 0.9166666865348816, "epoch/val_loss": 0.49352821707725525, "epoch/epoch": 299, "_timestamp": 1723118982.188143, "_runtime": 27.171799898147583, "_step": 300, "validation_loss": 0.49352821707725525, "validation_accuracy": 0.9166666865348816, "_wandb": {"runtime": 26}}