{"epoch/accuracy": 0.9791666865348816, "epoch/loss": 9.408885955810547, "epoch/val_accuracy": 0.9583333134651184, "epoch/val_loss": 2.9001808166503906, "epoch/epoch": 99, "_timestamp": 1723116946.2965267, "_runtime": 15.09160566329956, "_step": 100, "validation_loss": 2.9001808166503906, "validation_accuracy": 0.9583333134651184, "_wandb": {"runtime": 13}}