{"epoch/accuracy": 1.0, "epoch/loss": 0.001706418115645647, "epoch/val_accuracy": 0.9583333134651184, "epoch/val_loss": 0.1682729721069336, "epoch/epoch": 599, "_timestamp": 1723101501.7193093, "_runtime": 28.864068269729614, "_step": 600, "validation_loss": 0.1682729721069336, "validation_accuracy": 0.9583333134651184, "_wandb": {"runtime": 28}}