{"epoch/accuracy": 1.0, "epoch/loss": 2.0075265638297424e-05, "epoch/val_accuracy": 0.875, "epoch/val_loss": 1.0275483131408691, "epoch/epoch": 149, "_timestamp": 1723096654.074361, "_runtime": 14.668423175811768, "_step": 150, "validation_loss": 1.0275483131408691, "validation_accuracy": 0.875, "_wandb": {"runtime": 14}}