{"epoch/accuracy": 0.6145833134651184, "epoch/loss": 1.0140835046768188, "epoch/val_accuracy": 0.7083333134651184, "epoch/val_loss": 1.0740593671798706, "epoch/epoch": 99, "_timestamp": 1723120136.0301511, "_runtime": 16.337504148483276, "_step": 100, "validation_loss": 1.0740593671798706, "validation_accuracy": 0.7083333134651184, "_wandb": {"runtime": 15}}