{"epoch/accuracy": 0.4479166567325592, "epoch/loss": 1.297633171081543, "epoch/val_accuracy": 0.3333333432674408, "epoch/val_loss": 1.3405046463012695, "epoch/epoch": 69, "_timestamp": 1723093410.3106396, "_runtime": 11.561262607574463, "_step": 70, "validation_loss": 1.3405046463012695, "validation_accuracy": 0.3333333432674408, "_wandb": {"runtime": 11}}