{"epoch/accuracy": 0.96875, "epoch/loss": 0.47282862663269043, "epoch/val_accuracy": 0.875, "epoch/val_loss": 0.9357587695121765, "epoch/epoch": 149, "_timestamp": 1723093443.5151505, "_runtime": 15.453002452850342, "_step": 150, "validation_loss": 0.9357588291168213, "validation_accuracy": 0.875, "_wandb": {"runtime": 15}}