{"epoch/accuracy": 0.8541666865348816, "epoch/loss": 0.39375948905944824, "epoch/val_accuracy": 0.9583333134651184, "epoch/val_loss": 0.5553491711616516, "epoch/epoch": 49, "_timestamp": 1723100205.6259544, "_runtime": 10.540854454040527, "_step": 50, "validation_loss": 0.5553491711616516, "validation_accuracy": 0.9583333134651184, "_wandb": {"runtime": 10}}