{"epoch/accuracy": 0.8854166865348816, "epoch/loss": 0.3898559510707855, "epoch/val_accuracy": 0.875, "epoch/val_loss": 0.3893250524997711, "epoch/epoch": 149, "_timestamp": 1723117950.7385159, "_runtime": 15.971521854400635, "_step": 150, "validation_loss": 0.3893250524997711, "validation_accuracy": 0.875, "_wandb": {"runtime": 15}}