{"epoch/accuracy": 0.9166666865348816, "epoch/loss": 0.49125227332115173, "epoch/val_accuracy": 0.9166666865348816, "epoch/val_loss": 0.5479041337966919, "epoch/epoch": 49, "_timestamp": 1723096583.7491887, "_runtime": 10.72658658027649, "_step": 50, "validation_loss": 0.5479041337966919, "validation_accuracy": 0.9166666865348816, "_wandb": {"runtime": 10}}