{"epoch/accuracy": 1.0, "epoch/loss": 0.09456253051757812, "epoch/val_accuracy": 0.9583333134651184, "epoch/val_loss": 0.21073608100414276, "epoch/epoch": 299, "_timestamp": 1723088297.537499, "_runtime": 18.73371386528015, "_step": 300, "validation_loss": 0.21073608100414276, "validation_accuracy": 0.9583333134651184, "_wandb": {"runtime": 18}}