{"epoch/accuracy": 0.84375, "epoch/loss": 0.37227341532707214, "epoch/val_accuracy": 0.875, "epoch/val_loss": 0.31263718008995056, "epoch/epoch": 49, "_timestamp": 1723088736.0416303, "_runtime": 10.874296188354492, "_step": 50, "validation_loss": 0.31263718008995056, "validation_accuracy": 0.875, "_wandb": {"runtime": 10}}