{"epoch/accuracy": 0.9791666865348816, "epoch/loss": 0.04868444800376892, "epoch/val_accuracy": 0.9166666865348816, "epoch/val_loss": 0.33341291546821594, "epoch/epoch": 49, "_timestamp": 1723103242.8191972, "_runtime": 10.864488124847412, "_step": 50, "validation_loss": 0.33341291546821594, "validation_accuracy": 0.9166666865348816, "_wandb": {"runtime": 10}}