{"epoch/accuracy": 0.9791666865348816, "epoch/loss": 0.07219254225492477, "epoch/val_accuracy": 0.9583333134651184, "epoch/val_loss": 0.4008432626724243, "epoch/epoch": 599, "_timestamp": 1723089475.5052516, "_runtime": 29.569140672683716, "_step": 600, "validation_loss": 0.4008432924747467, "validation_accuracy": 0.9583333134651184, "_wandb": {"runtime": 29}}