{"epoch/accuracy": 0.9895833134651184, "epoch/loss": 0.08359754085540771, "epoch/val_accuracy": 0.9583333134651184, "epoch/val_loss": 0.16407467424869537, "epoch/epoch": 149, "_timestamp": 1723080849.5968862, "_runtime": 24.31803822517395, "_step": 150, "validation_loss": 0.16407467424869537, "validation_accuracy": 0.9583333134651184, "_wandb": {"runtime": 23}}