{"epoch/accuracy": 0.4583333432674408, "epoch/loss": 1.2188423871994019, "epoch/val_accuracy": 0.3333333432674408, "epoch/val_loss": 1.2108832597732544, "epoch/epoch": 49, "_timestamp": 1723085559.362002, "_runtime": 12.218086957931519, "_step": 50, "validation_loss": 1.2108832597732544, "validation_accuracy": 0.3333333432674408, "_wandb": {"runtime": 11}}