{"epoch/accuracy": 0.8645833134651184, "epoch/loss": 0.5372492671012878, "epoch/val_accuracy": 0.9166666865348816, "epoch/val_loss": 0.5010104775428772, "epoch/epoch": 299, "_timestamp": 1723107525.7772176, "_runtime": 19.633866548538208, "_step": 300, "validation_loss": 0.5010104775428772, "validation_accuracy": 0.9166666865348816, "_wandb": {"runtime": 19}}