{"epoch/accuracy": 1.0, "epoch/loss": 0.0, "epoch/val_accuracy": 0.9166666865348816, "epoch/val_loss": 5.972999095916748, "epoch/epoch": 599, "_timestamp": 1723084543.1700454, "_runtime": 36.70596647262573, "_step": 600, "validation_loss": 5.972999095916748, "validation_accuracy": 0.9166666865348816, "_wandb": {"runtime": 36}}