{"epoch/accuracy": 0.7708333134651184, "epoch/loss": 0.677429735660553, "epoch/val_accuracy": 0.8333333134651184, "epoch/val_loss": 0.6493529677391052, "epoch/epoch": 49, "_timestamp": 1723121355.6494956, "_runtime": 23.794084548950195, "_step": 50, "validation_loss": 0.6493529677391052, "validation_accuracy": 0.8333333134651184, "_wandb": {"runtime": 23}}