{"epoch/accuracy": 0.8333333134651184, "epoch/loss": 14.768147468566895, "epoch/val_accuracy": 0.875, "epoch/val_loss": 0.25243231654167175, "epoch/epoch": 149, "_timestamp": 1723111162.1275167, "_runtime": 14.578414678573608, "_step": 150, "validation_loss": 0.25243231654167175, "validation_accuracy": 0.875, "_wandb": {"runtime": 14}}