{"epoch/accuracy": 0.46875, "epoch/loss": 1.1548062562942505, "epoch/val_accuracy": 0.7916666865348816, "epoch/val_loss": 0.9895641803741455, "epoch/epoch": 99, "_timestamp": 1723085515.57786, "_runtime": 13.694371223449707, "_step": 100, "validation_loss": 0.9895641803741455, "validation_accuracy": 0.7916666865348816, "_wandb": {"runtime": 13}}