{"epoch/accuracy": 0.3854166567325592, "epoch/loss": 1.2913455963134766, "epoch/val_accuracy": 0.4583333432674408, "epoch/val_loss": 1.2439626455307007, "epoch/epoch": 99, "_timestamp": 1723088970.9448814, "_runtime": 11.380369424819946, "_step": 100, "validation_loss": 1.2439626455307007, "validation_accuracy": 0.4583333432674408, "_wandb": {"runtime": 10}}