{"epoch/accuracy": 0.59375, "epoch/loss": 0.9042174220085144, "epoch/val_accuracy": 0.8333333134651184, "epoch/val_loss": 0.6663568615913391, "epoch/epoch": 599, "_timestamp": 1723096511.4949553, "_runtime": 29.141664266586304, "_step": 600, "validation_loss": 0.6663568615913391, "validation_accuracy": 0.8333333134651184, "_wandb": {"runtime": 28}}