{"epoch/accuracy": 1.0, "epoch/loss": 0.0018128999508917332, "epoch/val_accuracy": 0.9583333134651184, "epoch/val_loss": 0.2561623156070709, "epoch/epoch": 149, "_timestamp": 1723119060.5285661, "_runtime": 18.27320909500122, "_step": 150, "validation_loss": 0.2561623156070709, "validation_accuracy": 0.9583333134651184, "_wandb": {"runtime": 17}}