{"epoch/accuracy": 0.6979166865348816, "epoch/loss": 1.5834617614746094, "epoch/val_accuracy": 0.7916666865348816, "epoch/val_loss": 0.3319564163684845, "epoch/epoch": 69, "_timestamp": 1723083070.937643, "_runtime": 19.229445934295654, "_step": 70, "validation_loss": 0.3319564163684845, "validation_accuracy": 0.7916666865348816, "_wandb": {"runtime": 18}}