{"epoch/accuracy": 0.375, "epoch/loss": 1.428691029548645, "epoch/val_accuracy": 0.3333333432674408, "epoch/val_loss": 1.3691110610961914, "epoch/epoch": 49, "_timestamp": 1723075700.1110268, "_runtime": 11.841071844100952, "_step": 50, "validation_loss": 1.3691110610961914, "validation_accuracy": 0.3333333432674408, "_wandb": {"runtime": 11}}