{"epoch/accuracy": 0.8125, "epoch/loss": 0.8251886367797852, "epoch/val_accuracy": 0.7916666865348816, "epoch/val_loss": 0.9353148341178894, "epoch/epoch": 149, "_timestamp": 1723086258.6619804, "_runtime": 13.552164316177368, "_step": 150, "validation_loss": 0.9353148341178894, "validation_accuracy": 0.7916666865348816, "_wandb": {"runtime": 13}}