{"epoch/accuracy": 0.9583333134651184, "epoch/loss": 1.7151212692260742, "epoch/val_accuracy": 0.8333333134651184, "epoch/val_loss": 4.92410135269165, "epoch/epoch": 49, "_timestamp": 1723114800.6258938, "_runtime": 10.286656856536865, "_step": 50, "validation_loss": 4.92410135269165, "validation_accuracy": 0.8333333134651184, "_wandb": {"runtime": 9}}