{"epoch/accuracy": 1.0, "epoch/loss": 0.00023384288942907006, "epoch/val_accuracy": 0.9166666865348816, "epoch/val_loss": 0.16638080775737762, "epoch/epoch": 599, "_timestamp": 1723086705.5429149, "_runtime": 27.097453832626343, "_step": 600, "validation_loss": 0.16638080775737762, "validation_accuracy": 0.9166666865348816, "_wandb": {"runtime": 26}}