{"epoch/accuracy": 0.3854166567325592, "epoch/loss": 1.2781037092208862, "epoch/val_accuracy": 0.4166666567325592, "epoch/val_loss": 1.2990527153015137, "epoch/epoch": 49, "_timestamp": 1723117015.0316331, "_runtime": 11.570170164108276, "_step": 50, "validation_loss": 1.2990527153015137, "validation_accuracy": 0.4166666567325592, "_wandb": {"runtime": 11}}