{"epoch/accuracy": 0.75, "epoch/loss": 0.7925845980644226, "epoch/val_accuracy": 0.875, "epoch/val_loss": 0.7581984400749207, "epoch/epoch": 99, "_timestamp": 1723100002.8936286, "_runtime": 11.818536520004272, "_step": 100, "validation_loss": 0.7581984400749207, "validation_accuracy": 0.875, "_wandb": {"runtime": 11}}