{"epoch/accuracy": 1.0, "epoch/loss": 0.0024778724182397127, "epoch/val_accuracy": 0.9583333134651184, "epoch/val_loss": 0.15241195261478424, "epoch/epoch": 599, "_timestamp": 1723079002.3157692, "_runtime": 59.63271117210388, "_step": 600, "validation_loss": 0.15241195261478424, "validation_accuracy": 0.9583333134651184, "_wandb": {"runtime": 59}}