{"epoch/accuracy": 0.9270833134651184, "epoch/loss": 0.36046990752220154, "epoch/val_accuracy": 0.7916666865348816, "epoch/val_loss": 0.5234927535057068, "epoch/epoch": 29, "_timestamp": 1723097254.1687977, "_runtime": 10.571686744689941, "_step": 30, "validation_loss": 0.5234927535057068, "validation_accuracy": 0.7916666865348816, "_wandb": {"runtime": 10}}