{"epoch/accuracy": 1.0, "epoch/loss": 0.0007165867718867958, "epoch/val_accuracy": 0.9583333134651184, "epoch/val_loss": 0.24145029485225677, "epoch/epoch": 69, "_timestamp": 1723091380.8914921, "_runtime": 11.202309131622314, "_step": 70, "validation_loss": 0.24145029485225677, "validation_accuracy": 0.9583333134651184, "_wandb": {"runtime": 10}}