{"epoch/accuracy": 0.9895833134651184, "epoch/loss": 0.07477987557649612, "epoch/val_accuracy": 0.9583333134651184, "epoch/val_loss": 0.4379591643810272, "epoch/epoch": 69, "_timestamp": 1723094981.8681824, "_runtime": 11.482764482498169, "_step": 70, "validation_loss": 0.4379591643810272, "validation_accuracy": 0.9583333134651184, "_wandb": {"runtime": 11}}