{"epoch/accuracy": 0.8125, "epoch/loss": 0.6311139464378357, "epoch/val_accuracy": 0.8333333134651184, "epoch/val_loss": 0.6499817967414856, "epoch/epoch": 29, "_timestamp": 1723101138.8635137, "_runtime": 10.440903663635254, "_step": 30, "validation_loss": 0.6499817967414856, "validation_accuracy": 0.8333333134651184, "_wandb": {"runtime": 10}}