{"epoch/accuracy": 1.0, "epoch/loss": 3.005035011938162e-07, "epoch/val_accuracy": 1.0, "epoch/val_loss": 0.0, "epoch/epoch": 299, "_timestamp": 1723094195.3416424, "_runtime": 18.28344440460205, "_step": 300, "validation_loss": 0.0, "validation_accuracy": 1.0, "_wandb": {"runtime": 17}}