{"epoch/accuracy": 1.0, "epoch/loss": 0.033995140343904495, "epoch/val_accuracy": 0.9583333134651184, "epoch/val_loss": 0.19343352317810059, "epoch/epoch": 599, "_timestamp": 1723100767.803135, "_runtime": 29.43901801109314, "_step": 600, "validation_loss": 0.19343352317810059, "validation_accuracy": 0.9583333134651184, "_wandb": {"runtime": 29}}