{"epoch/accuracy": 0.9479166865348816, "epoch/loss": 0.23094165325164795, "epoch/val_accuracy": 0.9583333134651184, "epoch/val_loss": 1.0706102848052979, "epoch/epoch": 69, "_timestamp": 1723113082.5422049, "_runtime": 11.547029972076416, "_step": 70, "validation_loss": 1.0706102848052979, "validation_accuracy": 0.9583333134651184, "_wandb": {"runtime": 11}}