{"epoch/accuracy": 0.96875, "epoch/loss": 0.13596971333026886, "epoch/val_accuracy": 1.0, "epoch/val_loss": 0.050851915031671524, "epoch/epoch": 49, "_timestamp": 1723076093.4402587, "_runtime": 11.305492639541626, "_step": 50, "validation_loss": 0.050851915031671524, "validation_accuracy": 1.0, "_wandb": {"runtime": 10}}