{"epoch/accuracy": 0.28125, "epoch/loss": 1.557220458984375, "epoch/val_accuracy": 0.4166666567325592, "epoch/val_loss": 1.3054646253585815, "epoch/epoch": 29, "_timestamp": 1723108114.2106073, "_runtime": 10.03298020362854, "_step": 30, "validation_loss": 1.3054646253585815, "validation_accuracy": 0.4166666567325592, "_wandb": {"runtime": 9}}