{"epoch/accuracy": 0.8229166865348816, "epoch/loss": 0.6514666676521301, "epoch/val_accuracy": 1.0, "epoch/val_loss": 0.5409253239631653, "epoch/epoch": 149, "_timestamp": 1723096676.1142378, "_runtime": 14.269890785217285, "_step": 150, "validation_loss": 0.5409253239631653, "validation_accuracy": 1.0, "_wandb": {"runtime": 13}}