{"epoch/accuracy": 0.6666666865348816, "epoch/loss": 1.1004993915557861, "epoch/val_accuracy": 0.5416666865348816, "epoch/val_loss": 1.18873929977417, "epoch/epoch": 29, "_timestamp": 1723102086.520471, "_runtime": 9.60004711151123, "_step": 30, "validation_loss": 1.18873929977417, "validation_accuracy": 0.5416666865348816, "_wandb": {"runtime": 9}}