{"epoch/accuracy": 0.3541666567325592, "epoch/loss": 1.3776912689208984, "epoch/val_accuracy": 0.375, "epoch/val_loss": 1.2251887321472168, "epoch/epoch": 29, "_timestamp": 1723086310.8286934, "_runtime": 10.203858375549316, "_step": 30, "validation_loss": 1.2251887321472168, "validation_accuracy": 0.375, "_wandb": {"runtime": 9}}