{"epoch/accuracy": 0.3645833432674408, "epoch/loss": 1.2787142992019653, "epoch/val_accuracy": 0.5, "epoch/val_loss": 1.2641866207122803, "epoch/epoch": 29, "_timestamp": 1723098421.934201, "_runtime": 11.077316045761108, "_step": 30, "validation_loss": 1.2641866207122803, "validation_accuracy": 0.5, "_wandb": {"runtime": 9}}