{"epoch/accuracy": 0.5416666865348816, "epoch/loss": 0.9622929096221924, "epoch/val_accuracy": 0.4583333432674408, "epoch/val_loss": 0.9352729916572571, "epoch/epoch": 149, "_timestamp": 1723114899.1569495, "_runtime": 15.011664628982544, "_step": 150, "validation_loss": 0.9352729320526123, "validation_accuracy": 0.4583333432674408, "_wandb": {"runtime": 14}}