{"epoch/accuracy": 0.9791666865348816, "epoch/loss": 0.10246949642896652, "epoch/val_accuracy": 1.0, "epoch/val_loss": 0.005173764657229185, "epoch/epoch": 29, "_timestamp": 1723085208.0671475, "_runtime": 9.798351526260376, "_step": 30, "validation_loss": 0.005173764657229185, "validation_accuracy": 1.0, "_wandb": {"runtime": 9}}