{"epoch/accuracy": 0.8541666865348816, "epoch/loss": 0.3631199896335602, "epoch/val_accuracy": 0.875, "epoch/val_loss": 0.2147749811410904, "epoch/epoch": 299, "_timestamp": 1723119101.114181, "_runtime": 28.982172966003418, "_step": 300, "validation_loss": 0.21477501094341278, "validation_accuracy": 0.875, "_wandb": {"runtime": 28}}