{"epoch/accuracy": 0.96875, "epoch/loss": 0.12213637679815292, "epoch/val_accuracy": 0.9166666865348816, "epoch/val_loss": 0.2132275104522705, "epoch/epoch": 49, "_timestamp": 1723093689.7982163, "_runtime": 10.7560453414917, "_step": 50, "validation_loss": 0.2132275104522705, "validation_accuracy": 0.9166666865348816, "_wandb": {"runtime": 10}}