{"epoch/accuracy": 0.96875, "epoch/loss": 0.15091577172279358, "epoch/val_accuracy": 0.9583333134651184, "epoch/val_loss": 0.2886677384376526, "epoch/epoch": 599, "_timestamp": 1723085644.1662421, "_runtime": 33.37561106681824, "_step": 600, "validation_loss": 0.2886677384376526, "validation_accuracy": 0.9583333134651184, "_wandb": {"runtime": 32}}