{"epoch/accuracy": 0.96875, "epoch/loss": 0.1904001384973526, "epoch/val_accuracy": 0.9166666865348816, "epoch/val_loss": 0.27995458245277405, "epoch/epoch": 29, "_timestamp": 1723090800.7985008, "_runtime": 9.321074724197388, "_step": 30, "validation_loss": 0.27995458245277405, "validation_accuracy": 0.9166666865348816, "_wandb": {"runtime": 8}}