{"epoch/accuracy": 0.8229166865348816, "epoch/loss": 0.41214004158973694, "epoch/val_accuracy": 0.875, "epoch/val_loss": 2.864222526550293, "epoch/epoch": 99, "_timestamp": 1723094726.7045429, "_runtime": 12.364174842834473, "_step": 100, "validation_loss": 2.864222526550293, "validation_accuracy": 0.875, "_wandb": {"runtime": 11}}