{"epoch/accuracy": 0.3958333432674408, "epoch/loss": 1.217482566833496, "epoch/val_accuracy": 0.6666666865348816, "epoch/val_loss": 1.0020710229873657, "epoch/epoch": 29, "_timestamp": 1723078860.6247222, "_runtime": 14.6064293384552, "_step": 30, "validation_loss": 1.0020710229873657, "validation_accuracy": 0.6666666865348816, "_wandb": {"runtime": 14}}