{"epoch/accuracy": 0.7291666865348816, "epoch/loss": 0.9176977276802063, "epoch/val_accuracy": 0.75, "epoch/val_loss": 0.9872989654541016, "epoch/epoch": 149, "_timestamp": 1723105836.663354, "_runtime": 14.860618829727173, "_step": 150, "validation_loss": 0.9872989654541016, "validation_accuracy": 0.75, "_wandb": {"runtime": 13}}