{"epoch/accuracy": 0.5104166865348816, "epoch/loss": 1.1240884065628052, "epoch/val_accuracy": 0.7916666865348816, "epoch/val_loss": 1.0116585493087769, "epoch/epoch": 299, "_timestamp": 1723115669.7887006, "_runtime": 18.84363055229187, "_step": 300, "validation_loss": 1.0116585493087769, "validation_accuracy": 0.7916666865348816, "_wandb": {"runtime": 18}}