{"epoch/accuracy": 0.4583333432674408, "epoch/loss": 1.2648950815200806, "epoch/val_accuracy": 0.4166666567325592, "epoch/val_loss": 1.2757326364517212, "epoch/epoch": 29, "_timestamp": 1723079989.6458747, "_runtime": 15.467815637588501, "_step": 30, "validation_loss": 1.2757326364517212, "validation_accuracy": 0.4166666567325592, "_wandb": {"runtime": 15}}