{"epoch/accuracy": 1.0, "epoch/loss": 0.05028708279132843, "epoch/val_accuracy": 0.9583333134651184, "epoch/val_loss": 0.2002463936805725, "epoch/epoch": 69, "_timestamp": 1723117859.6278012, "_runtime": 11.612808227539062, "_step": 70, "validation_loss": 0.2002463936805725, "validation_accuracy": 0.9583333134651184, "_wandb": {"runtime": 11}}