{"epoch/accuracy": 0.5625, "epoch/loss": 1.12288498878479, "epoch/val_accuracy": 0.6666666865348816, "epoch/val_loss": 1.0620611906051636, "epoch/epoch": 69, "_timestamp": 1723083621.8123229, "_runtime": 18.199652910232544, "_step": 70, "validation_loss": 1.0620611906051636, "validation_accuracy": 0.6666666865348816, "_wandb": {"runtime": 17}}