{"epoch/accuracy": 0.9895833134651184, "epoch/loss": 0.040110938251018524, "epoch/val_accuracy": 0.9583333134651184, "epoch/val_loss": 0.3701493740081787, "epoch/epoch": 29, "_timestamp": 1723098302.964276, "_runtime": 9.306925058364868, "_step": 30, "validation_loss": 0.3701493740081787, "validation_accuracy": 0.9583333134651184, "_wandb": {"runtime": 8}}