{"epoch/accuracy": 0.2291666716337204, "epoch/loss": 1.3865104913711548, "epoch/val_accuracy": 0.125, "epoch/val_loss": 1.4000297784805298, "epoch/epoch": 299, "_timestamp": 1723103945.8606398, "_runtime": 19.479642868041992, "_step": 300, "validation_loss": 1.4000297784805298, "validation_accuracy": 0.125, "_wandb": {"runtime": 19}}