{"epoch/accuracy": 1.0, "epoch/loss": 0.06939514726400375, "epoch/val_accuracy": 0.9166666865348816, "epoch/val_loss": 0.2605338394641876, "epoch/epoch": 29, "_timestamp": 1723085228.4335473, "_runtime": 9.481298208236694, "_step": 30, "validation_loss": 0.2605338394641876, "validation_accuracy": 0.9166666865348816, "_wandb": {"runtime": 9}}