{"epoch/accuracy": 1.0, "epoch/loss": 0.006094841752201319, "epoch/val_accuracy": 0.9166666865348816, "epoch/val_loss": 0.09849648922681808, "epoch/epoch": 29, "_timestamp": 1723099373.1412609, "_runtime": 9.785758972167969, "_step": 30, "validation_loss": 0.09849648922681808, "validation_accuracy": 0.9166666865348816, "_wandb": {"runtime": 9}}