{"epoch/accuracy": 1.0, "epoch/loss": 0.014951583929359913, "epoch/val_accuracy": 0.9583333134651184, "epoch/val_loss": 0.14103750884532928, "epoch/epoch": 149, "_timestamp": 1723111119.3525465, "_runtime": 13.855867385864258, "_step": 150, "validation_loss": 0.14103750884532928, "validation_accuracy": 0.9583333134651184, "_wandb": {"runtime": 13}}