{"epoch/accuracy": 0.3020833432674408, "epoch/loss": 1.306115746498108, "epoch/val_accuracy": 0.4583333432674408, "epoch/val_loss": 1.1772856712341309, "epoch/epoch": 299, "_timestamp": 1723088681.2543945, "_runtime": 18.415813446044922, "_step": 300, "validation_loss": 1.1772856712341309, "validation_accuracy": 0.4583333432674408, "_wandb": {"runtime": 18}}