{"epoch/accuracy": 0.9375, "epoch/loss": 3.6902217864990234, "epoch/val_accuracy": 0.9583333134651184, "epoch/val_loss": 0.10034898668527603, "epoch/epoch": 99, "_timestamp": 1723118470.166935, "_runtime": 13.164282083511353, "_step": 100, "validation_loss": 0.10034898668527603, "validation_accuracy": 0.9583333134651184, "_wandb": {"runtime": 12}}