{"epoch/accuracy": 0.9895833134651184, "epoch/loss": 0.09276054054498672, "epoch/val_accuracy": 0.8333333134651184, "epoch/val_loss": 1.1168581247329712, "epoch/epoch": 599, "_timestamp": 1723095700.5558772, "_runtime": 28.48381519317627, "_step": 600, "validation_loss": 1.1168581247329712, "validation_accuracy": 0.8333333134651184, "_wandb": {"runtime": 28}}