{"epoch/accuracy": 1.0, "epoch/loss": 0.00015915029507596046, "epoch/val_accuracy": 0.9583333134651184, "epoch/val_loss": 0.2148333042860031, "epoch/epoch": 299, "_timestamp": 1723112421.1238387, "_runtime": 18.06011176109314, "_step": 300, "validation_loss": 0.2148333042860031, "validation_accuracy": 0.9583333134651184, "_wandb": {"runtime": 17}}