{"epoch/accuracy": 0.90625, "epoch/loss": 0.23093990981578827, "epoch/val_accuracy": 0.9166666865348816, "epoch/val_loss": 0.18305738270282745, "epoch/epoch": 599, "_timestamp": 1723098527.8051004, "_runtime": 28.736518383026123, "_step": 600, "validation_loss": 0.18305738270282745, "validation_accuracy": 0.9166666865348816, "_wandb": {"runtime": 28}}