{"epoch/accuracy": 0.9895833134651184, "epoch/loss": 0.018482066690921783, "epoch/val_accuracy": 0.9166666865348816, "epoch/val_loss": 0.2354341298341751, "epoch/epoch": 599, "_timestamp": 1723120338.6980293, "_runtime": 64.06157922744751, "_step": 600, "validation_loss": 0.2354341298341751, "validation_accuracy": 0.9166666865348816, "_wandb": {"runtime": 63}}