{"epoch/accuracy": 0.6041666865348816, "epoch/loss": 0.9456885457038879, "epoch/val_accuracy": 0.7916666865348816, "epoch/val_loss": 0.7714114189147949, "epoch/epoch": 299, "_timestamp": 1723109157.5928152, "_runtime": 18.1639621257782, "_step": 300, "validation_loss": 0.7714114189147949, "validation_accuracy": 0.7916666865348816, "_wandb": {"runtime": 17}}