{"epoch/accuracy": 0.6770833134651184, "epoch/loss": 0.8436041474342346, "epoch/val_accuracy": 0.6666666865348816, "epoch/val_loss": 0.855496346950531, "epoch/epoch": 149, "_timestamp": 1723103137.6268663, "_runtime": 14.257205247879028, "_step": 150, "validation_loss": 0.855496346950531, "validation_accuracy": 0.6666666865348816, "_wandb": {"runtime": 13}}