{"epoch/accuracy": 0.9583333134651184, "epoch/loss": 0.6816878318786621, "epoch/val_accuracy": 0.9583333134651184, "epoch/val_loss": 0.554821252822876, "epoch/epoch": 69, "_timestamp": 1723108074.9916227, "_runtime": 11.630720615386963, "_step": 70, "validation_loss": 0.554821252822876, "validation_accuracy": 0.9583333134651184, "_wandb": {"runtime": 11}}