{"epoch/accuracy": 0.9791666865348816, "epoch/loss": 0.09925644844770432, "epoch/val_accuracy": 0.9166666865348816, "epoch/val_loss": 0.15741431713104248, "epoch/epoch": 99, "_timestamp": 1723102949.4278917, "_runtime": 12.343748807907104, "_step": 100, "validation_loss": 0.15741431713104248, "validation_accuracy": 0.9166666865348816, "_wandb": {"runtime": 11}}