{"epoch/accuracy": 0.9895833134651184, "epoch/loss": 0.013966565020382404, "epoch/val_accuracy": 0.9583333134651184, "epoch/val_loss": 0.24907690286636353, "epoch/epoch": 69, "_timestamp": 1723094879.5400858, "_runtime": 11.560386896133423, "_step": 70, "validation_loss": 0.24907690286636353, "validation_accuracy": 0.9583333134651184, "_wandb": {"runtime": 11}}