{"epoch/accuracy": 1.0, "epoch/loss": 0.0014165512984618545, "epoch/val_accuracy": 0.9583333134651184, "epoch/val_loss": 0.18522733449935913, "epoch/epoch": 29, "_timestamp": 1723106361.727592, "_runtime": 9.430145025253296, "_step": 30, "validation_loss": 0.18522733449935913, "validation_accuracy": 0.9583333134651184, "_wandb": {"runtime": 9}}