{"epoch/accuracy": 0.9375, "epoch/loss": 0.7490177154541016, "epoch/val_accuracy": 0.9583333134651184, "epoch/val_loss": 0.13109904527664185, "epoch/epoch": 49, "_timestamp": 1723080327.3419015, "_runtime": 16.367605447769165, "_step": 50, "validation_loss": 0.13109904527664185, "validation_accuracy": 0.9583333134651184, "_wandb": {"runtime": 15}}