{"epoch/accuracy": 0.9479166865348816, "epoch/loss": 0.11079531908035278, "epoch/val_accuracy": 0.9166666865348816, "epoch/val_loss": 0.24640776216983795, "epoch/epoch": 599, "_timestamp": 1723090859.478326, "_runtime": 29.824356079101562, "_step": 600, "validation_loss": 0.24640776216983795, "validation_accuracy": 0.9166666865348816, "_wandb": {"runtime": 29}}