{"epoch/accuracy": 1.0, "epoch/loss": 3.7229543522698805e-05, "epoch/val_accuracy": 0.9583333134651184, "epoch/val_loss": 0.13951115310192108, "epoch/epoch": 299, "_timestamp": 1723085038.8808858, "_runtime": 21.04559087753296, "_step": 300, "validation_loss": 0.13951115310192108, "validation_accuracy": 0.9583333134651184, "_wandb": {"runtime": 20}}