{"epoch/accuracy": 1.0, "epoch/loss": 0.004678110126405954, "epoch/val_accuracy": 0.9583333134651184, "epoch/val_loss": 15.30273723602295, "epoch/epoch": 99, "_timestamp": 1723084350.7943356, "_runtime": 19.434433698654175, "_step": 100, "validation_loss": 15.30273723602295, "validation_accuracy": 0.9583333134651184, "_wandb": {"runtime": 19}}