{"epoch/accuracy": 0.9583333134651184, "epoch/loss": 0.25125840306282043, "epoch/val_accuracy": 0.9583333134651184, "epoch/val_loss": 0.3025107681751251, "epoch/epoch": 299, "_timestamp": 1723089323.2621999, "_runtime": 20.164220809936523, "_step": 300, "validation_loss": 0.3025107681751251, "validation_accuracy": 0.9583333134651184, "_wandb": {"runtime": 18}}