{"epoch/accuracy": 0.2708333432674408, "epoch/loss": 1.3758457899093628, "epoch/val_accuracy": 0.25, "epoch/val_loss": 1.3947912454605103, "epoch/epoch": 299, "_timestamp": 1723094428.185313, "_runtime": 19.497246026992798, "_step": 300, "validation_loss": 1.3947912454605103, "validation_accuracy": 0.25, "_wandb": {"runtime": 19}}