{"epoch/accuracy": 0.9895833134651184, "epoch/loss": 0.042443737387657166, "epoch/val_accuracy": 0.9583333134651184, "epoch/val_loss": 0.0571860708296299, "epoch/epoch": 49, "_timestamp": 1723109642.6317258, "_runtime": 10.27600383758545, "_step": 50, "validation_loss": 0.0571860708296299, "validation_accuracy": 0.9583333134651184, "_wandb": {"runtime": 9}}