{"epoch/accuracy": 0.84375, "epoch/loss": 0.4795095920562744, "epoch/val_accuracy": 0.875, "epoch/val_loss": 0.5123012661933899, "epoch/epoch": 29, "_timestamp": 1723109112.3821962, "_runtime": 9.65724229812622, "_step": 30, "validation_loss": 0.5123012661933899, "validation_accuracy": 0.875, "_wandb": {"runtime": 9}}