{"epoch/accuracy": 0.9895833134651184, "epoch/loss": 0.029750322923064232, "epoch/val_accuracy": 0.9583333134651184, "epoch/val_loss": 0.13615508377552032, "epoch/epoch": 599, "_timestamp": 1723117451.5534875, "_runtime": 35.38754153251648, "_step": 600, "validation_loss": 0.13615508377552032, "validation_accuracy": 0.9583333134651184, "_wandb": {"runtime": 35}}