{"epoch/accuracy": 0.9791666865348816, "epoch/loss": 0.07076384872198105, "epoch/val_accuracy": 1.0, "epoch/val_loss": 0.00535578653216362, "epoch/epoch": 149, "_timestamp": 1723098286.7877078, "_runtime": 13.63463282585144, "_step": 150, "validation_loss": 0.00535578653216362, "validation_accuracy": 1.0, "_wandb": {"runtime": 13}}