{"epoch/accuracy": 1.0, "epoch/loss": 0.029816903173923492, "epoch/val_accuracy": 0.9166666865348816, "epoch/val_loss": 0.27882078289985657, "epoch/epoch": 99, "_timestamp": 1723107379.2799559, "_runtime": 11.74782395362854, "_step": 100, "validation_loss": 0.27882078289985657, "validation_accuracy": 0.9166666865348816, "_wandb": {"runtime": 11}}