{"epoch/accuracy": 0.9791666865348816, "epoch/loss": 0.07353941351175308, "epoch/val_accuracy": 0.9166666865348816, "epoch/val_loss": 0.9158086180686951, "epoch/epoch": 299, "_timestamp": 1723088235.3031778, "_runtime": 18.23700475692749, "_step": 300, "validation_loss": 0.9158086180686951, "validation_accuracy": 0.9166666865348816, "_wandb": {"runtime": 17}}