{"epoch/accuracy": 1.0, "epoch/loss": 1.3703604054171592e-05, "epoch/val_accuracy": 0.9166666865348816, "epoch/val_loss": 0.7071704864501953, "epoch/epoch": 599, "_timestamp": 1723104411.488066, "_runtime": 30.189089059829712, "_step": 600, "validation_loss": 0.7071704864501953, "validation_accuracy": 0.9166666865348816, "_wandb": {"runtime": 29}}