{"epoch/accuracy": 0.9895833134651184, "epoch/loss": 0.05006584897637367, "epoch/val_accuracy": 0.9166666865348816, "epoch/val_loss": 0.28475144505500793, "epoch/epoch": 599, "_timestamp": 1723086366.4116323, "_runtime": 29.45174241065979, "_step": 600, "validation_loss": 0.28475144505500793, "validation_accuracy": 0.9166666865348816, "_wandb": {"runtime": 28}}