{"epoch/accuracy": 0.9895833134651184, "epoch/loss": 0.0587371401488781, "epoch/val_accuracy": 0.9583333134651184, "epoch/val_loss": 0.1366453617811203, "epoch/epoch": 49, "_timestamp": 1723078330.7029867, "_runtime": 16.520758628845215, "_step": 50, "validation_loss": 0.1366453617811203, "validation_accuracy": 0.9583333134651184, "_wandb": {"runtime": 16}}