{"epoch/accuracy": 0.2083333283662796, "epoch/loss": 1.6475930213928223, "epoch/val_accuracy": 0.2916666567325592, "epoch/val_loss": 1.340572714805603, "epoch/epoch": 69, "_timestamp": 1723087228.810386, "_runtime": 10.193657875061035, "_step": 70, "validation_loss": 1.340572714805603, "validation_accuracy": 0.2916666567325592, "_wandb": {"runtime": 9}}