{"epoch/accuracy": 0.3645833432674408, "epoch/loss": 1.336684226989746, "epoch/val_accuracy": 0.2916666567325592, "epoch/val_loss": 1.363986611366272, "epoch/epoch": 49, "_timestamp": 1723107146.4917736, "_runtime": 9.93636155128479, "_step": 50, "validation_loss": 1.363986611366272, "validation_accuracy": 0.2916666567325592, "_wandb": {"runtime": 9}}