{"epoch/accuracy": 0.9270833134651184, "epoch/loss": 0.433240681886673, "epoch/val_accuracy": 0.875, "epoch/val_loss": 0.5819106698036194, "epoch/epoch": 599, "_timestamp": 1723094944.2017503, "_runtime": 29.152390241622925, "_step": 600, "validation_loss": 0.5819106698036194, "validation_accuracy": 0.875, "_wandb": {"runtime": 28}}