{"epoch/accuracy": 0.6666666865348816, "epoch/loss": 0.8343192934989929, "epoch/val_accuracy": 0.875, "epoch/val_loss": 0.8224050402641296, "epoch/epoch": 299, "_timestamp": 1723103272.7874038, "_runtime": 19.16202187538147, "_step": 300, "validation_loss": 0.8224050402641296, "validation_accuracy": 0.875, "_wandb": {"runtime": 18}}