{"epoch/accuracy": 0.6770833134651184, "epoch/loss": 1.064070701599121, "epoch/val_accuracy": 0.625, "epoch/val_loss": 1.1276756525039673, "epoch/epoch": 49, "_timestamp": 1723092866.7042198, "_runtime": 10.82240891456604, "_step": 50, "validation_loss": 1.1276756525039673, "validation_accuracy": 0.625, "_wandb": {"runtime": 10}}