{"epoch/accuracy": 0.7291666865348816, "epoch/loss": 0.964129626750946, "epoch/val_accuracy": 0.7083333134651184, "epoch/val_loss": 1.0328959226608276, "epoch/epoch": 49, "_timestamp": 1723090069.8211536, "_runtime": 10.7667875289917, "_step": 50, "validation_loss": 1.0328959226608276, "validation_accuracy": 0.7083333134651184, "_wandb": {"runtime": 10}}