{"epoch/accuracy": 0.3854166567325592, "epoch/loss": 1.504807949066162, "epoch/val_accuracy": 0.4583333432674408, "epoch/val_loss": 1.2478256225585938, "epoch/epoch": 99, "_timestamp": 1723086649.0950558, "_runtime": 11.901824712753296, "_step": 100, "validation_loss": 1.2478256225585938, "validation_accuracy": 0.4583333432674408, "_wandb": {"runtime": 11}}