{"epoch/accuracy": 1.0, "epoch/loss": 0.00815645232796669, "epoch/val_accuracy": 0.9583333134651184, "epoch/val_loss": 0.20518414676189423, "epoch/epoch": 49, "_timestamp": 1723109468.4305944, "_runtime": 10.910550355911255, "_step": 50, "validation_loss": 0.20518414676189423, "validation_accuracy": 0.9583333134651184, "_wandb": {"runtime": 10}}