{"epoch/accuracy": 0.3125, "epoch/loss": 1.5445927381515503, "epoch/val_accuracy": 0.4583333432674408, "epoch/val_loss": 1.2652678489685059, "epoch/epoch": 29, "_timestamp": 1723106724.3162503, "_runtime": 9.70153522491455, "_step": 30, "validation_loss": 1.2652678489685059, "validation_accuracy": 0.4583333432674408, "_wandb": {"runtime": 9}}