{"epoch/accuracy": 0.4895833432674408, "epoch/loss": 3.5959084033966064, "epoch/val_accuracy": 0.5, "epoch/val_loss": 0.8702600598335266, "epoch/epoch": 69, "_timestamp": 1723115838.0882418, "_runtime": 11.88780689239502, "_step": 70, "validation_loss": 0.8702600002288818, "validation_accuracy": 0.5, "_wandb": {"runtime": 11}}