{"epoch/accuracy": 0.7291666865348816, "epoch/loss": 0.6936879754066467, "epoch/val_accuracy": 0.5833333134651184, "epoch/val_loss": 0.7916291356086731, "epoch/epoch": 99, "_timestamp": 1723091948.4452322, "_runtime": 15.538480043411255, "_step": 100, "validation_loss": 0.7916291356086731, "validation_accuracy": 0.5833333134651184, "_wandb": {"runtime": 12}}