{"epoch/accuracy": 0.9479166865348816, "epoch/loss": 0.29664257168769836, "epoch/val_accuracy": 0.875, "epoch/val_loss": 0.450035959482193, "epoch/epoch": 149, "_timestamp": 1723110649.9410174, "_runtime": 14.227235317230225, "_step": 150, "validation_loss": 0.450035959482193, "validation_accuracy": 0.875, "_wandb": {"runtime": 13}}