{"epoch/accuracy": 1.0, "epoch/loss": 0.007409448269754648, "epoch/val_accuracy": 0.9583333134651184, "epoch/val_loss": 0.13009141385555267, "epoch/epoch": 99, "_timestamp": 1723090764.020832, "_runtime": 12.59435510635376, "_step": 100, "validation_loss": 0.13009141385555267, "validation_accuracy": 0.9583333134651184, "_wandb": {"runtime": 12}}