{"epoch/accuracy": 0.9791666865348816, "epoch/loss": 0.05350418761372566, "epoch/val_accuracy": 0.9166666865348816, "epoch/val_loss": 0.31462058424949646, "epoch/epoch": 299, "_timestamp": 1723107477.9505985, "_runtime": 21.884685516357422, "_step": 300, "validation_loss": 0.31462058424949646, "validation_accuracy": 0.9166666865348816, "_wandb": {"runtime": 20}}