{"epoch/accuracy": 0.875, "epoch/loss": 0.5077782273292542, "epoch/val_accuracy": 0.9166666865348816, "epoch/val_loss": 0.5842950940132141, "epoch/epoch": 299, "_timestamp": 1723101702.4520636, "_runtime": 18.575997591018677, "_step": 300, "validation_loss": 0.5842950940132141, "validation_accuracy": 0.9166666865348816, "_wandb": {"runtime": 18}}