{"epoch/accuracy": 0.6875, "epoch/loss": 0.9776447415351868, "epoch/val_accuracy": 0.7916666865348816, "epoch/val_loss": 0.9982026219367981, "epoch/epoch": 49, "_timestamp": 1723081735.5876927, "_runtime": 17.616766691207886, "_step": 50, "validation_loss": 0.9982026219367981, "validation_accuracy": 0.7916666865348816, "_wandb": {"runtime": 16}}