{"epoch/accuracy": 0.8020833134651184, "epoch/loss": 0.5695542693138123, "epoch/val_accuracy": 0.875, "epoch/val_loss": 0.6404956579208374, "epoch/epoch": 69, "_timestamp": 1723091882.723635, "_runtime": 10.634378910064697, "_step": 70, "validation_loss": 0.6404956579208374, "validation_accuracy": 0.875, "_wandb": {"runtime": 10}}