{"epoch/accuracy": 1.0, "epoch/loss": 0.01617988757789135, "epoch/val_accuracy": 0.9583333134651184, "epoch/val_loss": 0.1647190898656845, "epoch/epoch": 49, "_timestamp": 1723097526.9411228, "_runtime": 10.480398654937744, "_step": 50, "validation_loss": 0.1647190898656845, "validation_accuracy": 0.9583333134651184, "_wandb": {"runtime": 10}}