{"epoch/accuracy": 0.3020833432674408, "epoch/loss": 1.8197604417800903, "epoch/val_accuracy": 0.375, "epoch/val_loss": 1.3369622230529785, "epoch/epoch": 49, "_timestamp": 1723089493.0820346, "_runtime": 10.575234651565552, "_step": 50, "validation_loss": 1.3369622230529785, "validation_accuracy": 0.375, "_wandb": {"runtime": 10}}