{"epoch/accuracy": 0.8125, "epoch/loss": 0.5896110534667969, "epoch/val_accuracy": 0.9583333134651184, "epoch/val_loss": 0.5045236945152283, "epoch/epoch": 49, "_timestamp": 1723081336.165309, "_runtime": 16.66266894340515, "_step": 50, "validation_loss": 0.5045236945152283, "validation_accuracy": 0.9583333134651184, "_wandb": {"runtime": 16}}