{"epoch/accuracy": 0.40625, "epoch/loss": 1.3359731435775757, "epoch/val_accuracy": 0.5833333134651184, "epoch/val_loss": 1.2793530225753784, "epoch/epoch": 69, "_timestamp": 1723079654.7474735, "_runtime": 17.579158544540405, "_step": 70, "validation_loss": 1.2793530225753784, "validation_accuracy": 0.5833333134651184, "_wandb": {"runtime": 17}}