{"epoch/accuracy": 0.8541666865348816, "epoch/loss": 0.41483017802238464, "epoch/val_accuracy": 0.9166666865348816, "epoch/val_loss": 0.14985504746437073, "epoch/epoch": 149, "_timestamp": 1723092532.3744824, "_runtime": 13.523614406585693, "_step": 150, "validation_loss": 0.14985504746437073, "validation_accuracy": 0.9166666865348816, "_wandb": {"runtime": 13}}