{"epoch/accuracy": 0.8020833134651184, "epoch/loss": 0.6063231229782104, "epoch/val_accuracy": 0.875, "epoch/val_loss": 0.2999196946620941, "epoch/epoch": 49, "_timestamp": 1723108217.916089, "_runtime": 10.496639013290405, "_step": 50, "validation_loss": 0.2999196946620941, "validation_accuracy": 0.875, "_wandb": {"runtime": 10}}