{"epoch/accuracy": 0.90625, "epoch/loss": 0.5158924460411072, "epoch/val_accuracy": 0.75, "epoch/val_loss": 0.6935803294181824, "epoch/epoch": 29, "_timestamp": 1723080225.171675, "_runtime": 15.842525959014893, "_step": 30, "validation_loss": 0.6935803294181824, "validation_accuracy": 0.75, "_wandb": {"runtime": 15}}