{"epoch/accuracy": 0.53125, "epoch/loss": 1.189628005027771, "epoch/val_accuracy": 0.5416666865348816, "epoch/val_loss": 1.2049579620361328, "epoch/epoch": 29, "_timestamp": 1723108586.2539988, "_runtime": 10.254396677017212, "_step": 30, "validation_loss": 1.2049579620361328, "validation_accuracy": 0.5416666865348816, "_wandb": {"runtime": 9}}