{"epoch/accuracy": 1.0, "epoch/loss": 0.00033650477416813374, "epoch/val_accuracy": 0.9583333134651184, "epoch/val_loss": 0.39521515369415283, "epoch/epoch": 599, "_timestamp": 1723079262.3806264, "_runtime": 59.35148549079895, "_step": 600, "validation_loss": 0.39521515369415283, "validation_accuracy": 0.9583333134651184, "_wandb": {"runtime": 58}}