{"epoch/accuracy": 1.0, "epoch/loss": 0.01683741994202137, "epoch/val_accuracy": 0.9583333134651184, "epoch/val_loss": 0.09980808943510056, "epoch/epoch": 599, "_timestamp": 1723101999.8174667, "_runtime": 29.309549808502197, "_step": 600, "validation_loss": 0.09980808943510056, "validation_accuracy": 0.9583333134651184, "_wandb": {"runtime": 28}}