{"epoch/accuracy": 1.0, "epoch/loss": 0.001029629958793521, "epoch/val_accuracy": 0.9166666865348816, "epoch/val_loss": 0.1654464602470398, "epoch/epoch": 299, "_timestamp": 1723088894.1650043, "_runtime": 19.9242742061615, "_step": 300, "validation_loss": 0.1654464602470398, "validation_accuracy": 0.9166666865348816, "_wandb": {"runtime": 19}}