{"epoch/accuracy": 1.0, "epoch/loss": 0.0011847094865515828, "epoch/val_accuracy": 0.9166666865348816, "epoch/val_loss": 0.18378067016601562, "epoch/epoch": 69, "_timestamp": 1723113836.3184233, "_runtime": 10.882230281829834, "_step": 70, "validation_loss": 0.18378067016601562, "validation_accuracy": 0.9166666865348816, "_wandb": {"runtime": 10}}