{"epoch/accuracy": 0.2604166567325592, "epoch/loss": 2.141449213027954, "epoch/val_accuracy": 0.375, "epoch/val_loss": 1.3473912477493286, "epoch/epoch": 149, "_timestamp": 1723089593.7264366, "_runtime": 14.3811616897583, "_step": 150, "validation_loss": 1.3473912477493286, "validation_accuracy": 0.375, "_wandb": {"runtime": 13}}