{"epoch/accuracy": 0.9583333134651184, "epoch/loss": 0.1582082062959671, "epoch/val_accuracy": 0.875, "epoch/val_loss": 0.2920055687427521, "epoch/epoch": 149, "_timestamp": 1723106479.253762, "_runtime": 13.337122917175293, "_step": 150, "validation_loss": 0.2920055687427521, "validation_accuracy": 0.875, "_wandb": {"runtime": 12}}