{"epoch/accuracy": 0.8020833134651184, "epoch/loss": 0.5825305581092834, "epoch/val_accuracy": 0.9583333134651184, "epoch/val_loss": 0.13337235152721405, "epoch/epoch": 299, "_timestamp": 1723106284.1753979, "_runtime": 18.24725890159607, "_step": 300, "validation_loss": 0.13337235152721405, "validation_accuracy": 0.9583333134651184, "_wandb": {"runtime": 17}}