{"epoch/accuracy": 1.0, "epoch/loss": 0.0013343222672119737, "epoch/val_accuracy": 0.9583333134651184, "epoch/val_loss": 0.1306287795305252, "epoch/epoch": 99, "_timestamp": 1723082499.3644016, "_runtime": 20.81918954849243, "_step": 100, "validation_loss": 0.1306287944316864, "validation_accuracy": 0.9583333134651184, "_wandb": {"runtime": 20}}