{"epoch/accuracy": 1.0, "epoch/loss": 0.00775523716583848, "epoch/val_accuracy": 0.9583333134651184, "epoch/val_loss": 0.11756879091262817, "epoch/epoch": 29, "_timestamp": 1723114477.9968486, "_runtime": 9.775445699691772, "_step": 30, "validation_loss": 0.11756879091262817, "validation_accuracy": 0.9583333134651184, "_wandb": {"runtime": 9}}