{"epoch/accuracy": 0.2916666567325592, "epoch/loss": 1.3174968957901, "epoch/val_accuracy": 0.5, "epoch/val_loss": 1.2046432495117188, "epoch/epoch": 599, "_timestamp": 1723090682.4890265, "_runtime": 28.620957612991333, "_step": 600, "validation_loss": 1.2046432495117188, "validation_accuracy": 0.5, "_wandb": {"runtime": 28}}