{"epoch/accuracy": 0.96875, "epoch/loss": 0.18809086084365845, "epoch/val_accuracy": 0.9166666865348816, "epoch/val_loss": 1.8042937517166138, "epoch/epoch": 149, "_timestamp": 1723109940.2060425, "_runtime": 13.522282600402832, "_step": 150, "validation_loss": 1.8042937517166138, "validation_accuracy": 0.9166666865348816, "_wandb": {"runtime": 13}}