{"epoch/accuracy": 0.96875, "epoch/loss": 0.053444236516952515, "epoch/val_accuracy": 0.9166666865348816, "epoch/val_loss": 0.24331222474575043, "epoch/epoch": 69, "_timestamp": 1723112907.5690336, "_runtime": 11.156679630279541, "_step": 70, "validation_loss": 0.24331222474575043, "validation_accuracy": 0.9166666865348816, "_wandb": {"runtime": 10}}