{"epoch/accuracy": 1.0, "epoch/loss": 0.0026623262092471123, "epoch/val_accuracy": 0.9583333134651184, "epoch/val_loss": 0.11354734748601913, "epoch/epoch": 69, "_timestamp": 1723104901.994857, "_runtime": 11.561805009841919, "_step": 70, "validation_loss": 0.11354733258485794, "validation_accuracy": 0.9583333134651184, "_wandb": {"runtime": 11}}