{"epoch/accuracy": 0.9375, "epoch/loss": 0.1637754589319229, "epoch/val_accuracy": 0.9166666865348816, "epoch/val_loss": 0.15401659905910492, "epoch/epoch": 149, "_timestamp": 1723115932.5765889, "_runtime": 14.682785987854004, "_step": 150, "validation_loss": 0.15401659905910492, "validation_accuracy": 0.9166666865348816, "_wandb": {"runtime": 13}}