{"epoch/accuracy": 0.6145833134651184, "epoch/loss": 0.8155241012573242, "epoch/val_accuracy": 0.75, "epoch/val_loss": 0.6628009676933289, "epoch/epoch": 49, "_timestamp": 1723084197.86999, "_runtime": 16.24107813835144, "_step": 50, "validation_loss": 0.6628009676933289, "validation_accuracy": 0.75, "_wandb": {"runtime": 15}}