{"epoch/accuracy": 1.0, "epoch/loss": 0.00010029004624811932, "epoch/val_accuracy": 0.9583333134651184, "epoch/val_loss": 0.12140507251024246, "epoch/epoch": 599, "_timestamp": 1723111096.0286303, "_runtime": 29.595161199569702, "_step": 600, "validation_loss": 0.12140507251024246, "validation_accuracy": 0.9583333134651184, "_wandb": {"runtime": 29}}