{"epoch/accuracy": 0.4166666567325592, "epoch/loss": 1.1369482278823853, "epoch/val_accuracy": 0.3333333432674408, "epoch/val_loss": 1.025720238685608, "epoch/epoch": 299, "_timestamp": 1723096295.380298, "_runtime": 19.480412006378174, "_step": 300, "validation_loss": 1.025720238685608, "validation_accuracy": 0.3333333432674408, "_wandb": {"runtime": 19}}