{"epoch/accuracy": 1.0, "epoch/loss": 0.023471275344491005, "epoch/val_accuracy": 0.9583333134651184, "epoch/val_loss": 0.12571053206920624, "epoch/epoch": 299, "_timestamp": 1723088062.1541712, "_runtime": 18.911786317825317, "_step": 300, "validation_loss": 0.12571053206920624, "validation_accuracy": 0.9583333134651184, "_wandb": {"runtime": 18}}