{"epoch/accuracy": 0.25, "epoch/loss": 1.6515918970108032, "epoch/val_accuracy": 0.3333333432674408, "epoch/val_loss": 1.3733021020889282, "epoch/epoch": 49, "_timestamp": 1723117881.1181364, "_runtime": 11.98822832107544, "_step": 50, "validation_loss": 1.3733021020889282, "validation_accuracy": 0.3333333432674408, "_wandb": {"runtime": 11}}