{"epoch/accuracy": 0.9375, "epoch/loss": 0.4606553316116333, "epoch/val_accuracy": 1.0, "epoch/val_loss": 0.0022618137300014496, "epoch/epoch": 299, "_timestamp": 1723116204.3193693, "_runtime": 18.915910243988037, "_step": 300, "validation_loss": 0.0022618137300014496, "validation_accuracy": 1.0, "_wandb": {"runtime": 18}}