{"epoch/accuracy": 0.3333333432674408, "epoch/loss": 1.4272130727767944, "epoch/val_accuracy": 0.5416666865348816, "epoch/val_loss": 1.2092539072036743, "epoch/epoch": 29, "_timestamp": 1723087386.5020616, "_runtime": 8.986265659332275, "_step": 30, "validation_loss": 1.2092539072036743, "validation_accuracy": 0.5416666865348816, "_wandb": {"runtime": 8}}