{"epoch/accuracy": 0.9583333134651184, "epoch/loss": 0.3003751039505005, "epoch/val_accuracy": 0.9583333134651184, "epoch/val_loss": 0.4425610601902008, "epoch/epoch": 29, "_timestamp": 1723110358.2376258, "_runtime": 19.09720277786255, "_step": 30, "validation_loss": 0.4425610601902008, "validation_accuracy": 0.9583333134651184, "_wandb": {"runtime": 18}}