{"epoch/accuracy": 0.75, "epoch/loss": 1.229846477508545, "epoch/val_accuracy": 0.6666666865348816, "epoch/val_loss": 0.5963769555091858, "epoch/epoch": 99, "_timestamp": 1723096063.5292919, "_runtime": 12.048006772994995, "_step": 100, "validation_loss": 0.5963769555091858, "validation_accuracy": 0.6666666865348816, "_wandb": {"runtime": 11}}