{"epoch/accuracy": 0.9895833134651184, "epoch/loss": 0.24200886487960815, "epoch/val_accuracy": 0.9583333134651184, "epoch/val_loss": 0.06662502884864807, "epoch/epoch": 299, "_timestamp": 1723079628.6398137, "_runtime": 37.55443263053894, "_step": 300, "validation_loss": 0.06662502884864807, "validation_accuracy": 0.9583333134651184, "_wandb": {"runtime": 37}}