{"epoch/accuracy": 1.0, "epoch/loss": 0.002807293087244034, "epoch/val_accuracy": 0.9583333134651184, "epoch/val_loss": 0.27876120805740356, "epoch/epoch": 149, "_timestamp": 1723116671.123913, "_runtime": 13.577932119369507, "_step": 150, "validation_loss": 0.27876120805740356, "validation_accuracy": 0.9583333134651184, "_wandb": {"runtime": 13}}