{"epoch/accuracy": 0.4375, "epoch/loss": 1.2110365629196167, "epoch/val_accuracy": 0.4166666567325592, "epoch/val_loss": 1.247308373451233, "epoch/epoch": 69, "_timestamp": 1723077799.1740303, "_runtime": 13.304527282714844, "_step": 70, "validation_loss": 1.247308373451233, "validation_accuracy": 0.4166666567325592, "_wandb": {"runtime": 12}}