{"epoch/accuracy": 1.0, "epoch/loss": 0.0, "epoch/val_accuracy": 0.9583333134651184, "epoch/val_loss": 0.7736290097236633, "epoch/epoch": 599, "_timestamp": 1723117995.2216787, "_runtime": 33.925970792770386, "_step": 600, "validation_loss": 0.7736290097236633, "validation_accuracy": 0.9583333134651184, "_wandb": {"runtime": 33}}