{"epoch/accuracy": 0.34375, "epoch/loss": 1.3182547092437744, "epoch/val_accuracy": 0.4583333432674408, "epoch/val_loss": 1.2836596965789795, "epoch/epoch": 49, "_timestamp": 1723101464.0864, "_runtime": 11.036382913589478, "_step": 50, "validation_loss": 1.2836596965789795, "validation_accuracy": 0.4583333432674408, "_wandb": {"runtime": 10}}