{"epoch/accuracy": 1.0, "epoch/loss": 0.010655440390110016, "epoch/val_accuracy": 0.9583333134651184, "epoch/val_loss": 0.16145603358745575, "epoch/epoch": 29, "_timestamp": 1723094484.1733434, "_runtime": 10.031443357467651, "_step": 30, "validation_loss": 0.16145603358745575, "validation_accuracy": 0.9583333134651184, "_wandb": {"runtime": 9}}