{"epoch/accuracy": 0.9895833134651184, "epoch/loss": 0.0208344217389822, "epoch/val_accuracy": 0.9583333134651184, "epoch/val_loss": 0.3159964978694916, "epoch/epoch": 29, "_timestamp": 1723120375.929171, "_runtime": 26.1916561126709, "_step": 30, "validation_loss": 0.3159964978694916, "validation_accuracy": 0.9583333134651184, "_wandb": {"runtime": 25}}