{"epoch/accuracy": 0.9895833134651184, "epoch/loss": 0.06023893877863884, "epoch/val_accuracy": 0.9166666865348816, "epoch/val_loss": 1.9106067419052124, "epoch/epoch": 299, "_timestamp": 1723084613.0195227, "_runtime": 19.97662878036499, "_step": 300, "validation_loss": 1.9106067419052124, "validation_accuracy": 0.9166666865348816, "_wandb": {"runtime": 19}}