{"epoch/accuracy": 0.8958333134651184, "epoch/loss": 0.2014528512954712, "epoch/val_accuracy": 0.9583333134651184, "epoch/val_loss": 0.1833275407552719, "epoch/epoch": 599, "_timestamp": 1723117493.6449842, "_runtime": 32.79929327964783, "_step": 600, "validation_loss": 0.1833275407552719, "validation_accuracy": 0.9583333134651184, "_wandb": {"runtime": 32}}