{"epoch/accuracy": 0.9791666865348816, "epoch/loss": 0.4454558789730072, "epoch/val_accuracy": 0.9166666865348816, "epoch/val_loss": 0.24047034978866577, "epoch/epoch": 69, "_timestamp": 1723113250.45062, "_runtime": 11.594390869140625, "_step": 70, "validation_loss": 0.24047034978866577, "validation_accuracy": 0.9166666865348816, "_wandb": {"runtime": 11}}