{"epoch/accuracy": 0.9583333134651184, "epoch/loss": 0.22588427364826202, "epoch/val_accuracy": 0.9166666865348816, "epoch/val_loss": 0.4641033411026001, "epoch/epoch": 99, "_timestamp": 1723117515.4852417, "_runtime": 13.365419626235962, "_step": 100, "validation_loss": 0.4641033411026001, "validation_accuracy": 0.9166666865348816, "_wandb": {"runtime": 12}}