{"epoch/accuracy": 1.0, "epoch/loss": 0.00016672447964083403, "epoch/val_accuracy": 0.9166666865348816, "epoch/val_loss": 0.30369678139686584, "epoch/epoch": 149, "_timestamp": 1723093550.8221972, "_runtime": 13.952762126922607, "_step": 150, "validation_loss": 0.30369678139686584, "validation_accuracy": 0.9166666865348816, "_wandb": {"runtime": 13}}