{"epoch/accuracy": 0.9375, "epoch/loss": 0.1258377581834793, "epoch/val_accuracy": 0.9583333134651184, "epoch/val_loss": 0.20577995479106903, "epoch/epoch": 599, "_timestamp": 1723114456.6533437, "_runtime": 30.346712589263916, "_step": 600, "validation_loss": 0.20577995479106903, "validation_accuracy": 0.9583333134651184, "_wandb": {"runtime": 29}}