{"epoch/accuracy": 0.8958333134651184, "epoch/loss": 0.6515137553215027, "epoch/val_accuracy": 0.9583333134651184, "epoch/val_loss": 2.6045424938201904, "epoch/epoch": 69, "_timestamp": 1723082983.6669836, "_runtime": 19.175626516342163, "_step": 70, "validation_loss": 2.6045424938201904, "validation_accuracy": 0.9583333134651184, "_wandb": {"runtime": 18}}