{"epoch/accuracy": 0.3541666567325592, "epoch/loss": 1.1858752965927124, "epoch/val_accuracy": 0.4583333432674408, "epoch/val_loss": 1.0628472566604614, "epoch/epoch": 149, "_timestamp": 1723093883.2941604, "_runtime": 13.570066452026367, "_step": 150, "validation_loss": 1.0628472566604614, "validation_accuracy": 0.4583333432674408, "_wandb": {"runtime": 13}}