{"epoch/accuracy": 0.5, "epoch/loss": 1.1345378160476685, "epoch/val_accuracy": 0.5, "epoch/val_loss": 1.2058273553848267, "epoch/epoch": 49, "_timestamp": 1723097449.7388663, "_runtime": 10.113061428070068, "_step": 50, "validation_loss": 1.2058273553848267, "validation_accuracy": 0.5, "_wandb": {"runtime": 9}}