{"epoch/accuracy": 0.8645833134651184, "epoch/loss": 0.7527518272399902, "epoch/val_accuracy": 0.7916666865348816, "epoch/val_loss": 0.8490756154060364, "epoch/epoch": 49, "_timestamp": 1723104713.5843334, "_runtime": 10.222760438919067, "_step": 50, "validation_loss": 0.8490756154060364, "validation_accuracy": 0.7916666865348816, "_wandb": {"runtime": 9}}