{"epoch/accuracy": 0.3020833432674408, "epoch/loss": 1.4723154306411743, "epoch/val_accuracy": 0.3333333432674408, "epoch/val_loss": 1.4208215475082397, "epoch/epoch": 99, "_timestamp": 1723090563.0692246, "_runtime": 11.889745712280273, "_step": 100, "validation_loss": 1.4208215475082397, "validation_accuracy": 0.3333333432674408, "_wandb": {"runtime": 11}}