{"epoch/accuracy": 0.8854166865348816, "epoch/loss": 0.27886149287223816, "epoch/val_accuracy": 0.9166666865348816, "epoch/val_loss": 0.3456617593765259, "epoch/epoch": 299, "_timestamp": 1723085280.0769935, "_runtime": 20.059534549713135, "_step": 300, "validation_loss": 0.3456617593765259, "validation_accuracy": 0.9166666865348816, "_wandb": {"runtime": 19}}