{"epoch/accuracy": 0.9895833134651184, "epoch/loss": 0.11335474252700806, "epoch/val_accuracy": 0.9166666865348816, "epoch/val_loss": 1.127488136291504, "epoch/epoch": 29, "_timestamp": 1723112480.52139, "_runtime": 10.160533905029297, "_step": 30, "validation_loss": 1.127488136291504, "validation_accuracy": 0.9166666865348816, "_wandb": {"runtime": 9}}