{"epoch/accuracy": 1.0, "epoch/loss": 0.0024270033463835716, "epoch/val_accuracy": 0.9583333134651184, "epoch/val_loss": 0.18153810501098633, "epoch/epoch": 299, "_timestamp": 1723080269.905343, "_runtime": 35.19387602806091, "_step": 300, "validation_loss": 0.18153810501098633, "validation_accuracy": 0.9583333134651184, "_wandb": {"runtime": 34}}