{"epoch/accuracy": 0.40625, "epoch/loss": 1.2746373414993286, "epoch/val_accuracy": 0.5416666865348816, "epoch/val_loss": 1.2423251867294312, "epoch/epoch": 149, "_timestamp": 1723081049.5162156, "_runtime": 24.191383600234985, "_step": 150, "validation_loss": 1.2423251867294312, "validation_accuracy": 0.5416666865348816, "_wandb": {"runtime": 23}}