{"epoch/accuracy": 0.9895833134651184, "epoch/loss": 0.11444782465696335, "epoch/val_accuracy": 0.9583333134651184, "epoch/val_loss": 0.2506272494792938, "epoch/epoch": 29, "_timestamp": 1723114251.2017658, "_runtime": 9.43317174911499, "_step": 30, "validation_loss": 0.2506272494792938, "validation_accuracy": 0.9583333134651184, "_wandb": {"runtime": 9}}