{"epoch/accuracy": 0.9895833134651184, "epoch/loss": 0.04014338180422783, "epoch/val_accuracy": 0.9583333134651184, "epoch/val_loss": 0.08142048120498657, "epoch/epoch": 49, "_timestamp": 1723078192.0652323, "_runtime": 16.141032218933105, "_step": 50, "validation_loss": 0.08142048865556717, "validation_accuracy": 0.9583333134651184, "_wandb": {"runtime": 15}}