{"epoch/accuracy": 1.0, "epoch/loss": 0.006756237242370844, "epoch/val_accuracy": 0.9583333134651184, "epoch/val_loss": 0.1917211413383484, "epoch/epoch": 99, "_timestamp": 1723117407.7167988, "_runtime": 13.547621726989746, "_step": 100, "validation_loss": 0.1917211413383484, "validation_accuracy": 0.9583333134651184, "_wandb": {"runtime": 13}}