{"epoch/accuracy": 0.2291666716337204, "epoch/loss": 1.3880261182785034, "epoch/val_accuracy": 0.25, "epoch/val_loss": 1.3970240354537964, "epoch/epoch": 99, "_timestamp": 1723111773.287189, "_runtime": 11.869568109512329, "_step": 100, "validation_loss": 1.3970240354537964, "validation_accuracy": 0.25, "_wandb": {"runtime": 11}}