{"epoch/accuracy": 0.8854166865348816, "epoch/loss": 0.8143980503082275, "epoch/val_accuracy": 0.8333333134651184, "epoch/val_loss": 0.8743384480476379, "epoch/epoch": 69, "_timestamp": 1723102649.8006063, "_runtime": 11.317212343215942, "_step": 70, "validation_loss": 0.8743384480476379, "validation_accuracy": 0.8333333134651184, "_wandb": {"runtime": 10}}