{"epoch/accuracy": 0.40625, "epoch/loss": 1.332725167274475, "epoch/val_accuracy": 0.375, "epoch/val_loss": 1.3327096700668335, "epoch/epoch": 49, "_timestamp": 1723109959.2767227, "_runtime": 10.919155597686768, "_step": 50, "validation_loss": 1.3327096700668335, "validation_accuracy": 0.375, "_wandb": {"runtime": 10}}