{"epoch/accuracy": 1.0, "epoch/loss": 0.01187682244926691, "epoch/val_accuracy": 0.9166666865348816, "epoch/val_loss": 0.2920414209365845, "epoch/epoch": 299, "_timestamp": 1723095579.3733737, "_runtime": 19.738014698028564, "_step": 300, "validation_loss": 0.2920414209365845, "validation_accuracy": 0.9166666865348816, "_wandb": {"runtime": 19}}