{"epoch/accuracy": 0.9791666865348816, "epoch/loss": 0.058133814483881, "epoch/val_accuracy": 0.9166666865348816, "epoch/val_loss": 0.2156105637550354, "epoch/epoch": 29, "_timestamp": 1723099714.618298, "_runtime": 9.39424204826355, "_step": 30, "validation_loss": 0.2156105786561966, "validation_accuracy": 0.9166666865348816, "_wandb": {"runtime": 9}}