{"epoch/accuracy": 0.9791666865348816, "epoch/loss": 0.11343897134065628, "epoch/val_accuracy": 0.9166666865348816, "epoch/val_loss": 0.15416781604290009, "epoch/epoch": 599, "_timestamp": 1723105091.939358, "_runtime": 28.53093409538269, "_step": 600, "validation_loss": 0.15416781604290009, "validation_accuracy": 0.9166666865348816, "_wandb": {"runtime": 28}}