{"epoch/accuracy": 0.9270833134651184, "epoch/loss": 0.11655741184949875, "epoch/val_accuracy": 0.875, "epoch/val_loss": 2.986398458480835, "epoch/epoch": 599, "_timestamp": 1723096248.754891, "_runtime": 28.84711480140686, "_step": 600, "validation_loss": 2.986398458480835, "validation_accuracy": 0.875, "_wandb": {"runtime": 28}}