{"epoch/accuracy": 0.2604166567325592, "epoch/loss": 1.3898043632507324, "epoch/val_accuracy": 0.25, "epoch/val_loss": 1.3930600881576538, "epoch/epoch": 599, "_timestamp": 1723119951.6952515, "_runtime": 47.51872539520264, "_step": 600, "validation_loss": 1.3930600881576538, "validation_accuracy": 0.25, "_wandb": {"runtime": 47}}