{"epoch/accuracy": 0.7083333134651184, "epoch/loss": 1.0754586458206177, "epoch/val_accuracy": 0.5, "epoch/val_loss": 1.1970337629318237, "epoch/epoch": 49, "_timestamp": 1723095309.019583, "_runtime": 10.559696912765503, "_step": 50, "validation_loss": 1.1970337629318237, "validation_accuracy": 0.5, "_wandb": {"runtime": 10}}