{"epoch/accuracy": 0.9895833134651184, "epoch/loss": 0.07687170058488846, "epoch/val_accuracy": 0.9583333134651184, "epoch/val_loss": 2.528359889984131, "epoch/epoch": 69, "_timestamp": 1723083644.7324831, "_runtime": 15.952259063720703, "_step": 70, "validation_loss": 2.528359889984131, "validation_accuracy": 0.9583333134651184, "_wandb": {"runtime": 15}}