{"epoch/accuracy": 0.9583333134651184, "epoch/loss": 0.833095371723175, "epoch/val_accuracy": 0.9583333134651184, "epoch/val_loss": 1.1209789514541626, "epoch/epoch": 149, "_timestamp": 1723113589.1044636, "_runtime": 13.822345495223999, "_step": 150, "validation_loss": 1.1209789514541626, "validation_accuracy": 0.9583333134651184, "_wandb": {"runtime": 13}}