{"epoch/accuracy": 1.0, "epoch/loss": 0.0003029571089427918, "epoch/val_accuracy": 0.9583333134651184, "epoch/val_loss": 0.17654065787792206, "epoch/epoch": 149, "_timestamp": 1723110567.3001142, "_runtime": 13.741111040115356, "_step": 150, "validation_loss": 0.17654065787792206, "validation_accuracy": 0.9583333134651184, "_wandb": {"runtime": 13}}