{"epoch/accuracy": 0.8958333134651184, "epoch/loss": 0.37968721985816956, "epoch/val_accuracy": 0.9166666865348816, "epoch/val_loss": 0.33077412843704224, "epoch/epoch": 299, "_timestamp": 1723109046.9654882, "_runtime": 19.415882110595703, "_step": 300, "validation_loss": 0.33077412843704224, "validation_accuracy": 0.9166666865348816, "_wandb": {"runtime": 19}}