{"epoch/accuracy": 1.0, "epoch/loss": 0.030877625569701195, "epoch/val_accuracy": 0.9583333134651184, "epoch/val_loss": 0.18285425007343292, "epoch/epoch": 149, "_timestamp": 1723118552.8256204, "_runtime": 15.114256381988525, "_step": 150, "validation_loss": 0.18285425007343292, "validation_accuracy": 0.9583333134651184, "_wandb": {"runtime": 14}}