{"epoch/accuracy": 1.0, "epoch/loss": 0.02394556812942028, "epoch/val_accuracy": 0.9583333134651184, "epoch/val_loss": 0.18051230907440186, "epoch/epoch": 49, "_timestamp": 1723106303.2696006, "_runtime": 10.340763568878174, "_step": 50, "validation_loss": 0.18051230907440186, "validation_accuracy": 0.9583333134651184, "_wandb": {"runtime": 10}}