{"epoch/accuracy": 0.7291666865348816, "epoch/loss": 0.7412762641906738, "epoch/val_accuracy": 0.75, "epoch/val_loss": 0.6821920275688171, "epoch/epoch": 49, "_timestamp": 1723095908.285204, "_runtime": 10.86678695678711, "_step": 50, "validation_loss": 0.6821920275688171, "validation_accuracy": 0.75, "_wandb": {"runtime": 10}}