{"epoch/accuracy": 0.9895833134651184, "epoch/loss": 0.021310945972800255, "epoch/val_accuracy": 0.9583333134651184, "epoch/val_loss": 0.18707819283008575, "epoch/epoch": 299, "_timestamp": 1723088427.2943938, "_runtime": 20.25868582725525, "_step": 300, "validation_loss": 0.18707819283008575, "validation_accuracy": 0.9583333134651184, "_wandb": {"runtime": 19}}