{"epoch/accuracy": 1.0, "epoch/loss": 0.0187509935349226, "epoch/val_accuracy": 0.9583333134651184, "epoch/val_loss": 0.1157330870628357, "epoch/epoch": 29, "_timestamp": 1723086821.5113227, "_runtime": 9.081313848495483, "_step": 30, "validation_loss": 0.1157330870628357, "validation_accuracy": 0.9583333134651184, "_wandb": {"runtime": 8}}