{"epoch/accuracy": 0.9895833134651184, "epoch/loss": 0.06516379863023758, "epoch/val_accuracy": 0.9583333134651184, "epoch/val_loss": 0.19282031059265137, "epoch/epoch": 149, "_timestamp": 1723117251.238677, "_runtime": 15.244939088821411, "_step": 150, "validation_loss": 0.19282031059265137, "validation_accuracy": 0.9583333134651184, "_wandb": {"runtime": 14}}