{"epoch/accuracy": 0.8645833134651184, "epoch/loss": 0.30060628056526184, "epoch/val_accuracy": 1.0, "epoch/val_loss": 0.1934797316789627, "epoch/epoch": 29, "_timestamp": 1723112651.2345395, "_runtime": 10.495360612869263, "_step": 30, "validation_loss": 0.1934797316789627, "validation_accuracy": 1.0, "_wandb": {"runtime": 10}}