{"epoch/accuracy": 0.8958333134651184, "epoch/loss": 0.37599170207977295, "epoch/val_accuracy": 0.875, "epoch/val_loss": 0.43176913261413574, "epoch/epoch": 149, "_timestamp": 1723116651.1113915, "_runtime": 14.683554649353027, "_step": 150, "validation_loss": 0.43176913261413574, "validation_accuracy": 0.875, "_wandb": {"runtime": 13}}