{"epoch/accuracy": 0.8645833134651184, "epoch/loss": 0.4837226867675781, "epoch/val_accuracy": 0.875, "epoch/val_loss": 0.5671634674072266, "epoch/epoch": 299, "_timestamp": 1723085328.8567417, "_runtime": 21.72649073600769, "_step": 300, "validation_loss": 0.5671634674072266, "validation_accuracy": 0.875, "_wandb": {"runtime": 21}}