{"epoch/accuracy": 0.3541666567325592, "epoch/loss": 1.466813087463379, "epoch/val_accuracy": 0.7083333134651184, "epoch/val_loss": 1.0575751066207886, "epoch/epoch": 69, "_timestamp": 1723076762.2337532, "_runtime": 13.779136180877686, "_step": 70, "validation_loss": 1.0575751066207886, "validation_accuracy": 0.7083333134651184, "_wandb": {"runtime": 12}}