{"epoch/accuracy": 0.9895833134651184, "epoch/loss": 0.11602354794740677, "epoch/val_accuracy": 0.9583333134651184, "epoch/val_loss": 0.14042966067790985, "epoch/epoch": 149, "_timestamp": 1723092426.171125, "_runtime": 13.91042184829712, "_step": 150, "validation_loss": 0.14042966067790985, "validation_accuracy": 0.9583333134651184, "_wandb": {"runtime": 13}}