{"epoch/accuracy": 0.4375, "epoch/loss": 1.3055201768875122, "epoch/val_accuracy": 0.2916666567325592, "epoch/val_loss": 1.3247549533843994, "epoch/epoch": 99, "_timestamp": 1723115796.5133815, "_runtime": 11.77911639213562, "_step": 100, "validation_loss": 1.3247549533843994, "validation_accuracy": 0.2916666567325592, "_wandb": {"runtime": 11}}